id	kind	source	art	album	year	url
the-neighbourhood--sweater-weather	track	itunes	https://is1-ssl.mzstatic.com/image/thumb/Music126/v4/28/71/00/287100fb-5c31-0195-5343-e6b3625886d0/886443969834.jpg/600x600cc.jpg	I Love You.	2012	https://music.apple.com/us/album/sweater-weather/635016635?i=635016640&uo=4
hanson--man-from-milwaukee	track	deezer	https://cdn-images.dzcdn.net/images/cover/394c44c400a9786a9582a7fed308622e/1000x1000-000000-80-0-0.jpg	Middle Of Nowhere		https://www.deezer.com/track/88685911
hanson--thinking-of-you	track	deezer	https://cdn-images.dzcdn.net/images/cover/394c44c400a9786a9582a7fed308622e/1000x1000-000000-80-0-0.jpg	Middle Of Nowhere		https://www.deezer.com/track/88685887
harpo--moviestar	track	deezer	https://cdn-images.dzcdn.net/images/cover/e771f9aba450f0816ba980faae225e8b/1000x1000-000000-80-0-0.jpg	Moviestar		https://www.deezer.com/track/6104213
hall-oates--out-of-touch	track	deezer	https://cdn-images.dzcdn.net/images/cover/d1972f2bbc48121a615cf11cb7894d11/1000x1000-000000-80-0-0.jpg	Maneater - Hall & Oates - Best		https://www.deezer.com/track/2344630295
harry-chapin--cat-s-in-the-cradle	track	deezer	https://cdn-images.dzcdn.net/images/cover/b85996175ec219115c2e5d9d82ed51c4/1000x1000-000000-80-0-0.jpg	Verities & Balderdash		https://www.deezer.com/track/678184
heart--barracuda	track	deezer	https://cdn-images.dzcdn.net/images/cover/7847bea7221d7572dab879611f710ecd/1000x1000-000000-80-0-0.jpg	Little Queen	1985	https://www.deezer.com/track/1080638
heart--these-dreams	track	deezer	https://cdn-images.dzcdn.net/images/cover/cd0a7739e31b459cc72519b550d47416/1000x1000-000000-80-0-0.jpg	Heart	1985	https://www.deezer.com/track/365822521
heatwave--boogie-nights	track	deezer	https://cdn-images.dzcdn.net/images/cover/8469ba5128a397635f41992c19cf1318/1000x1000-000000-80-0-0.jpg	Too Hot to Handle (Expanded Edition)	1977	https://www.deezer.com/track/1161507342
the-police--every-breath-you-take	track	itunes	https://is1-ssl.mzstatic.com/image/thumb/Music115/v4/a4/67/ba/a467ba62-87df-9d10-98d2-c517f68ac870/16UMGIM60882.rgb.jpg/600x600cc.jpg	Synchronicity (Remastered 2003)	1983	https://music.apple.com/us/album/every-breath-you-take-remastered-2003/1440673959?i=1440674160&uo=4
henry-arland--echo-der-berge	artist	deezer-artist	https://cdn-images.dzcdn.net/images/artist/4ce5a1cdd98e1db34afd71ba682efc9e/1000x1000-000000-80-0-0.jpg			
tones-and-i--dance-monkey	track	itunes	https://is1-ssl.mzstatic.com/image/thumb/Music115/v4/87/ed/42/87ed4279-d8d7-840f-90b5-2bffe34699ef/075679839237.jpg/600x600cc.jpg	The Kids Are Coming - EP	2019	https://music.apple.com/us/album/dance-monkey/1475930038?i=1475930045&uo=4
heatwave--the-groove-line	track	deezer	https://cdn-images.dzcdn.net/images/cover/919e978ec253cbee98028bd4723da92e/1000x1000-000000-80-0-0.jpg	Central Heating (Expanded Edition)	1978	https://www.deezer.com/track/1161492562
helen-reddy--i-am-woman	track	deezer	https://cdn-images.dzcdn.net/images/cover/8757c5c128b9e391ff0ea363f12289da/1000x1000-000000-80-0-0.jpg	I Am Woman		https://www.deezer.com/track/3483419
herman-s-hermits--henry-the-viii	track	deezer	https://cdn-images.dzcdn.net/images/cover/5031e30d7d68f3e9967a4a2c432cc283/1000x1000-000000-80-0-0.jpg	Something Good		https://www.deezer.com/track/4697742
herman--woodchopper-s-ball	track	deezer	https://cdn-images.dzcdn.net/images/cover/3f4d65da1e123a349a69134161c87222/1000x1000-000000-80-0-0.jpg	Blue Flame		https://www.deezer.com/track/12007724
herman-s-hermits--i-m-into-something-good	track	deezer	https://cdn-images.dzcdn.net/images/cover/5031e30d7d68f3e9967a4a2c432cc283/1000x1000-000000-80-0-0.jpg	Something Good		https://www.deezer.com/track/4697736
henry-arland--rosenmelodie	track	deezer	https://cdn-images.dzcdn.net/images/cover/b3abd68dee71de4b197099db5c53b743/1000x1000-000000-80-0-0.jpg	Gefühle		https://www.deezer.com/track/2313010
henry-mancini--baby-elephant-walk	track	deezer	https://cdn-images.dzcdn.net/images/cover/cb9c8c1dae18c9f86998b4d05d90d268/1000x1000-000000-80-0-0.jpg	Peter Gunn Theme		https://www.deezer.com/track/115236640
post-malone--circles	track	itunes	https://is1-ssl.mzstatic.com/image/thumb/Music115/v4/7b/1b/1b/7b1b1b0b-7ce2-b223-f9e0-8e36abe51877/19UMGIM78325.rgb.jpg/600x600cc.jpg	Hollywood's Bleeding	2019	https://music.apple.com/us/album/circles/1477880265?i=1477880561&uo=4
hooker-john-lee--the-healer	track	deezer	https://cdn-images.dzcdn.net/images/cover/fe8e04d54ff80c0901457292ac6700c4/1000x1000-000000-80-0-0.jpg	The Healer	1989	https://www.deezer.com/track/768658042
holly-buddy--that-ll-be-the-day	track	deezer	https://cdn-images.dzcdn.net/images/cover/7dbf1957b0da605f69d5cbdf380246f3/1000x1000-000000-80-0-0.jpg	That'll Be The Day		https://www.deezer.com/track/94381390
queen--bohemian-rhapsody	track	itunes	https://is1-ssl.mzstatic.com/image/thumb/Music211/v4/dd/86/92/dd86925d-484d-8ee7-3985-ef3264214269/602527644264.jpg/600x600cc.jpg	A Night At The Opera	1975	https://music.apple.com/us/album/bohemian-rhapsody/6781023399?i=6781023657&uo=4
howard-carpendale--du-bist-die-antwort-fur-mich	track	deezer	https://cdn-images.dzcdn.net/images/cover/84837d5014ab144fa8e6f069550ccf6a/1000x1000-000000-80-0-0.jpg	Ich bin da!	1994	https://www.deezer.com/track/2321452
hootie-the-blowfish--hold-my-hand	track	deezer	https://cdn-images.dzcdn.net/images/cover/9097a9dc2000c147ddf95ca890885910/1000x1000-000000-80-0-0.jpg	Cracked Rear View	1994	https://www.deezer.com/track/4086674
hole--violet	track	musicbrainz	https://coverartarchive.org/release-group/fe676d05-f97c-303a-890b-da53c69e5d42/front-500	Live Through This	1995	https://musicbrainz.org/release/904ba79f-e65a-4175-a73d-2d2ee96cebad
hot-butter--popcorn	track	deezer	https://cdn-images.dzcdn.net/images/cover/1f3b74844395dad1e54e11e23fceb350/1000x1000-000000-80-0-0.jpg	28 Big Ones		https://www.deezer.com/track/108312306
hootie-the-blowfish--only-wanna-be-with-you	track	deezer	https://cdn-images.dzcdn.net/images/cover/9097a9dc2000c147ddf95ca890885910/1000x1000-000000-80-0-0.jpg	Cracked Rear View	1994	https://www.deezer.com/track/4086676
jackson-michael--billie-jean	track	itunes	https://is1-ssl.mzstatic.com/image/thumb/Music115/v4/32/4f/fd/324ffda2-9e51-8f6a-0c2d-c6fd2b41ac55/074643811224.jpg/600x600cc.jpg	Thriller	1982	https://music.apple.com/us/album/billie-jean/269572838?i=269573364&uo=4
hootie-the-blowfish--time	track	deezer-album	https://cdn-images.dzcdn.net/images/cover/9097a9dc2000c147ddf95ca890885910/1000x1000-000000-80-0-0.jpg	Cracked Rear View	1994	https://www.deezer.com/album/381132
howard-carpendale--mit-viel-viel-herz	track	deezer	https://cdn-images.dzcdn.net/images/cover/b63f4d31b3e037aefb3e4c0b78dd5518/1000x1000-000000-80-0-0.jpg	Symphonie meines Lebens 2		https://www.deezer.com/track/1110625032
howard-jones--things-can-only-get-better	track	deezer	https://cdn-images.dzcdn.net/images/cover/c0618cc071360643ac1cd43f854e3d68/1000x1000-000000-80-0-0.jpg	Dream Into Action (2010 Remastered Edition)		https://www.deezer.com/track/2929180891
hues-corporation--rock-the-boat	track	deezer	https://cdn-images.dzcdn.net/images/cover/1c4d08c22641273d3b0fda496753e0e9/1000x1000-000000-80-0-0.jpg	Rockin' Soul		https://www.deezer.com/track/106115758
huey-lewis--the-heart-of-rock-roll	track	deezer	https://cdn-images.dzcdn.net/images/cover/4e5bdd18756ea4250cbaaf444ffe7e95/1000x1000-000000-80-0-0.jpg	Sports		https://www.deezer.com/track/66878471
huey-lewis-the-news--if-this-is-it	track	deezer	https://cdn-images.dzcdn.net/images/cover/4e5bdd18756ea4250cbaaf444ffe7e95/1000x1000-000000-80-0-0.jpg	Sports		https://www.deezer.com/track/66878477
humperdinck-engelbert--alone-in-the-night	track	deezer	https://cdn-images.dzcdn.net/images/cover/5820ccfcc3755a074cdaf47a43fad9b5/1000x1000-000000-80-0-0.jpg	Best of Romance		https://www.deezer.com/track/3785425862
huey-lewis--but-it-s-alright	track	deezer	https://cdn-images.dzcdn.net/images/cover/947835de11de3edaf23440d0078b0a92/1000x1000-000000-80-0-0.jpg	Greatest Hits: Huey Lewis And The News		https://www.deezer.com/track/3116061
inner-circle--games-people-play	track	deezer	https://cdn-images.dzcdn.net/images/cover/be2f17b7e41a148c0bd161491d6f2279/1000x1000-000000-80-0-0.jpg	Blazzin' Fire		https://www.deezer.com/track/2557399752
humperdinck-engelbert--radio-dancing	track	deezer	https://cdn-images.dzcdn.net/images/cover/5820ccfcc3755a074cdaf47a43fad9b5/1000x1000-000000-80-0-0.jpg	Best of Romance		https://www.deezer.com/track/3785425822
humperdinck-engelbert--to-all-the-girls-i-ve-loved-before	track	deezer	https://cdn-images.dzcdn.net/images/cover/5820ccfcc3755a074cdaf47a43fad9b5/1000x1000-000000-80-0-0.jpg	Best of Romance		https://www.deezer.com/track/3785425802
iron-maiden--losfer-words	track	deezer	https://cdn-images.dzcdn.net/images/cover/dc4e2bcc61acc3c1bb834de9a241bf7a/1000x1000-000000-80-0-0.jpg	Powerslave (2015 Remaster)		https://www.deezer.com/track/585594612
inxs--the-swing	track	deezer	https://cdn-images.dzcdn.net/images/cover/291bffdb51264ede5d2cc652de70ec65/1000x1000-000000-80-0-0.jpg	The Swing		https://www.deezer.com/track/462948022
imca-marina--bella-italia	track	deezer	https://cdn-images.dzcdn.net/images/cover/535cde23d31a99ef927205cf7e629d02/1000x1000-000000-80-0-0.jpg	Bella Italia		https://www.deezer.com/track/1976779197
nirvana--smells-like-teen-spirit	track	itunes	https://is1-ssl.mzstatic.com/image/thumb/Music115/v4/95/fd/b9/95fdb9b2-6d2b-92a6-97f2-51c1a6d77f1a/00602527874609.rgb.jpg/600x600cc.jpg	Nevermind	1991	https://music.apple.com/us/album/smells-like-teen-spirit/1440783617?i=1440783625&uo=4
inxs--never-tear-us-apart	track	deezer	https://cdn-images.dzcdn.net/images/cover/3b547d440d987bf10a4fc5c8789e92c5/1000x1000-000000-80-0-0.jpg	Kick (Remastered 2011)		https://www.deezer.com/track/11282935
isaac-hayes--shaft	track	musicbrainz	https://coverartarchive.org/release-group/3f253ad3-d574-4f8c-9f87-fc8c46c825e4/front-500	Shaft 2000	2000	https://musicbrainz.org/release/6091f61c-88d1-4c24-ab62-1b64529eabb6
radiohead--creep	track	deezer	https://cdn-images.dzcdn.net/images/cover/1dd56fd8824492e1a5106c99a00a85ec/1000x1000-000000-80-0-0.jpg	Pablo Honey	1993	https://www.deezer.com/track/138547415
jackson-michael--history	track	deezer	https://cdn-images.dzcdn.net/images/cover/6ea8c01673dae0ed0ec81168a288a56d/1000x1000-000000-80-0-0.jpg	BLOOD ON THE DANCE FLOOR/ HIStory In The Mix	1997	https://www.deezer.com/track/13144766
jackson-browne--doctor-my-eyes	track	deezer	https://cdn-images.dzcdn.net/images/cover/7df8ca7bcea69b678868f20ba061b909/1000x1000-000000-80-0-0.jpg	Jackson Browne (Remastered)	1972	https://www.deezer.com/track/1753955467
jackson-michael--billy-jean	artist	deezer-artist	https://cdn-images.dzcdn.net/images/artist/97fae13b2b30e4aec2e8c9e0c7839d92/1000x1000-000000-80-0-0.jpg			
jackson-michael--stranger-in-moscow	track	deezer	https://cdn-images.dzcdn.net/images/cover/fbed9a8cfcdd8a5e48cebbea8d8078ea/1000x1000-000000-80-0-0.jpg	HIStory - PAST, PRESENT AND FUTURE - BOOK I		https://www.deezer.com/track/8164643
jackson-michael--liberian-girl	track	deezer-album	https://cdn-images.dzcdn.net/images/cover/cad261eafd0c6c15811200d5039b5b50/1000x1000-000000-80-0-0.jpg	Bad (Remastered)		https://www.deezer.com/album/5814031
jackson-michael--i-ll-be-there	artist	deezer-artist	https://cdn-images.dzcdn.net/images/artist/97fae13b2b30e4aec2e8c9e0c7839d92/1000x1000-000000-80-0-0.jpg			
j-j-cale--cocaine	track	deezer-album	https://cdn-images.dzcdn.net/images/cover/1fc0d1fde1a7f97b1db3ddde2fe3bd0d/1000x1000-000000-80-0-0.jpg	Troubadour	1983	https://www.deezer.com/album/247680
jackson-michael--the-lady-in-my-life	track	deezer	https://cdn-images.dzcdn.net/images/cover/f01e09ceb8ad1e96707c1b4aadb5911b/1000x1000-000000-80-0-0.jpg	Thriller	1983	https://www.deezer.com/track/831190
jackson-michael--scream	track	deezer-album	https://cdn-images.dzcdn.net/images/cover/65cb7e82a3d79f1280454965d7bc58f8/1000x1000-000000-80-0-0.jpg	Scream		https://www.deezer.com/album/47629972
james--red-roses-for-a-blue-lady	track	musicbrainz	https://coverartarchive.org/release-group/3c44473c-ae49-4e7a-9209-eb293729045c/front-500	The Very Best of James Last		https://musicbrainz.org/release/0d5a4471-a53c-4813-8e30-2f108456f145
jackson-michael--will-you-be-there	track	deezer	https://cdn-images.dzcdn.net/images/cover/93a5354699d552666448e1c87c976605/1000x1000-000000-80-0-0.jpg	Dangerous	1991	https://www.deezer.com/track/15593569
jackson-michael--wanna-be-starting-something	track	musicbrainz	https://coverartarchive.org/release-group/2ed99d02-d35e-47e6-8d82-52b9d20ac0bf/front-500	Classic Cuts Presents: 80s Night: The Ultimate DJ Collection: H to M	2006	https://musicbrainz.org/release/6a0425b8-b898-4ef4-b5cf-7427125d5ee6
jamiroquai--blow-your-mind	track	deezer	https://cdn-images.dzcdn.net/images/cover/ae0b258098cccb8ae9bce374714a6e0a/1000x1000-000000-80-0-0.jpg	Emergency on Planet Earth (Remastered)	1993	https://www.deezer.com/track/64608099
oasis--wonderwall	track	deezer	https://cdn-images.dzcdn.net/images/cover/ddb062c517401ee74d8a4df6f895d75e/1000x1000-000000-80-0-0.jpg	(What's The Story) Morning Glory?	1995	https://www.deezer.com/track/985745702
janet-jackson--any-time-any-place	track	deezer	https://cdn-images.dzcdn.net/images/cover/4104f417dff07ee2b6c49b798f8b23ad/1000x1000-000000-80-0-0.jpg	Janet		https://www.deezer.com/track/3501668
janet-jackson--black-cat	track	deezer	https://cdn-images.dzcdn.net/images/cover/9eda4941e245d9c334994ddd78888da6/1000x1000-000000-80-0-0.jpg	Design Of A Decade 1986/1996		https://www.deezer.com/track/529902171
jackson-michael--you-are-not-alone	track	deezer	https://cdn-images.dzcdn.net/images/cover/fbed9a8cfcdd8a5e48cebbea8d8078ea/1000x1000-000000-80-0-0.jpg	HIStory - PAST, PRESENT AND FUTURE - BOOK I		https://www.deezer.com/track/8164649
janet-jackson--come-back-to-me	track	deezer	https://cdn-images.dzcdn.net/images/cover/9eda4941e245d9c334994ddd78888da6/1000x1000-000000-80-0-0.jpg	Design Of A Decade 1986/1996		https://www.deezer.com/track/529902201
jamiroquai--canned-heat	track	deezer-album	https://cdn-images.dzcdn.net/images/cover/fd944a290ead103e367241c8cb67202a/1000x1000-000000-80-0-0.jpg	Synkronized	1999	https://www.deezer.com/album/255830432
jamiroquai--cosmic-girl	track	deezer	https://cdn-images.dzcdn.net/images/cover/1ae13a3ab80520f25cb56513bd3e3f7d/1000x1000-000000-80-0-0.jpg	Travelling Without Moving (Remastered)	1996	https://www.deezer.com/track/747399482
jason-donovan--any-dream-will-do	track	deezer	https://cdn-images.dzcdn.net/images/cover/f80e997f427a9accf79fd252ce4dc91b/1000x1000-000000-80-0-0.jpg	Joseph and the Amazing Technicolor Dreamcoat (1991 London Cast Recording) [2005 Remaster]	1991	https://www.deezer.com/track/3582491671
jay-the-americans--this-magic-moment	track	deezer	https://cdn-images.dzcdn.net/images/cover/76f339fb60b11c76f3350808c9e0296c/1000x1000-000000-80-0-0.jpg	'Til the End of Time		https://www.deezer.com/track/22633581
jean-michel-jarre--calypso-part-2	track	musicbrainz	https://coverartarchive.org/release-group/361bd924-fe82-3182-844f-e8cf71f45490/front-500	En attendant Cousteau / Waiting for Cousteau		https://musicbrainz.org/release/ff00edcf-9763-4aa1-a43d-e625d4723450
jean-michel-jarre--chronologie-part-4	track	deezer	https://cdn-images.dzcdn.net/images/cover/e5c21cde310cbd77550008458fe2d13c/1000x1000-000000-80-0-0.jpg	Chronology		https://www.deezer.com/track/106451472
janet-jackson--when-i-think-of-you	track	deezer-album	https://cdn-images.dzcdn.net/images/cover/3e1e3d5900c72df26e2a7974462a8e36/1000x1000-000000-80-0-0.jpg	Control	1986	https://www.deezer.com/album/320456997
jean-michel-jarre--chronologie-part-3	track	musicbrainz	https://coverartarchive.org/release-group/b3812fae-e1e1-3edb-a21b-e13abccaa5a7/front-500	Chronologie	1993	https://musicbrainz.org/release/846e8918-7e31-4e98-bdac-0f5316a7c38c
jean-michel-jarre--orient-express	track	musicbrainz	https://coverartarchive.org/release-group/27511e6f-b967-4d62-a99e-2b343c9d98c2/front-500	Orient Express	1982	https://musicbrainz.org/release/0f9660b9-7ed7-48e8-8036-ecd37361e01a
jennifer-rush--the-power-of-love	track	deezer	https://cdn-images.dzcdn.net/images/cover/7f19f2574d8b290c5757fa56172752c3/1000x1000-000000-80-0-0.jpg	Jennifer Rush		https://www.deezer.com/track/571906
jean-michel-jarre--souvenir-of-china	track	musicbrainz	https://coverartarchive.org/release-group/caaabbd9-0923-4046-98aa-b635e46e9969/front-500	Souvenir de Chine		https://musicbrainz.org/release/c767c914-ab20-4d58-9906-1d1e19fcceeb
jerry-lee-lewis--great-balls-of-fire	track	deezer	https://cdn-images.dzcdn.net/images/cover/033948bf4a03d0e6160c554aa8d1b698/1000x1000-000000-80-0-0.jpg	Great Balls Of Fire		https://www.deezer.com/track/4006539
jennifer-warnes--the-time-of-my-life	track	musicbrainz	https://coverartarchive.org/release-group/fa1b26f2-2f42-4ab6-833c-64bb344a724d/front-500	(I've Had) The Time Of My Life	1987	https://musicbrainz.org/release/87acf556-f283-4628-9e22-296351cf8391
jerry-herman--i-won-t-send-roses	track	musicbrainz	https://coverartarchive.org/release-group/99f9a43d-0add-4e10-8c7d-4db77dadbb92/front-500	Jerry's Girls - Act I		https://musicbrainz.org/release/437575c1-f3f8-48d1-b61c-f7671f7feec0
jerry-mungo--in-the-summertime	track	deezer	https://cdn-images.dzcdn.net/images/cover/2d261f248a31c6c88e60bdf1bd2917b6/1000x1000-000000-80-0-0.jpg	In the Summertime (Remastered)		https://www.deezer.com/track/92700248
jesus-jones--real-real-real	track	deezer	https://cdn-images.dzcdn.net/images/cover/f0868fd1782839338b8e250425d598e8/1000x1000-000000-80-0-0.jpg	Doubt	1991	https://www.deezer.com/track/16127558
jethro-tull--aqualung	track	deezer	https://cdn-images.dzcdn.net/images/cover/284894a7675dc9c2471cf56bc4b99f21/1000x1000-000000-80-0-0.jpg	Aqualung (Special Edition)	1996	https://www.deezer.com/track/3105318
jethro-tull--bungle-in-the-jungle	track	deezer	https://cdn-images.dzcdn.net/images/cover/c991e720d88941f641c271ce6056c795/1000x1000-000000-80-0-0.jpg	War Child (2002 Remaster)		https://www.deezer.com/track/3098637
jethro-tull--cross-eyed-mary	track	deezer	https://cdn-images.dzcdn.net/images/cover/284894a7675dc9c2471cf56bc4b99f21/1000x1000-000000-80-0-0.jpg	Aqualung (Special Edition)	1996	https://www.deezer.com/track/3105319
jewel--hands	track	deezer	https://cdn-images.dzcdn.net/images/cover/d91308c6c3e3589872f733372d8fbc41/1000x1000-000000-80-0-0.jpg	Spirit	1995	https://www.deezer.com/track/1444386082
jimi-hendrix--all-along-the-watchtower	track	deezer	https://cdn-images.dzcdn.net/images/cover/7bfbbdc273193f94e1be04edb078fa4b/1000x1000-000000-80-0-0.jpg	Jimi Hendrix - The Best Ever (MP3 Album)		https://www.deezer.com/track/45066171
jimi-hendrix--hey-joe	track	deezer	https://cdn-images.dzcdn.net/images/cover/b83888148da4c3978b9c3870d8cb3166/1000x1000-000000-80-0-0.jpg	Are You Experienced		https://www.deezer.com/track/4969003
jimi-hendrix--manic-depression	track	deezer	https://cdn-images.dzcdn.net/images/cover/b83888148da4c3978b9c3870d8cb3166/1000x1000-000000-80-0-0.jpg	Are You Experienced		https://www.deezer.com/track/4969002
journey--don-t-stop-believin	track	itunes	https://is1-ssl.mzstatic.com/image/thumb/Music122/v4/47/d6/fe/47d6fe2f-b14c-d8a7-597c-8a40e094364e/886449932795.jpg/600x600cc.jpg	Escape (2022 Remaster)	1981	https://music.apple.com/us/album/dont-stop-believin-2022-remaster/1640102583?i=1640102584&uo=4
jimi-hendrix--voodoo-chile	track	deezer	https://cdn-images.dzcdn.net/images/cover/b3970b660be133549157849c2a2afa17/1000x1000-000000-80-0-0.jpg	Electric Ladyland		https://www.deezer.com/track/4952815
jimmy-buffett--son-of-a-son-of-a-sailor	track	deezer	https://cdn-images.dzcdn.net/images/cover/7cfc9a5008337f074daa207cc7e8d6c7/1000x1000-000000-80-0-0.jpg	Songs You Know By Heart: Jimmy Buffett's Greatest Hit(s)	1985	https://www.deezer.com/track/2491665
joan-osborne--one-of-us	track	deezer	https://cdn-images.dzcdn.net/images/cover/6fcf1bc7b0971b8718c51a73b33ca5e1/1000x1000-000000-80-0-0.jpg	Relish	1995	https://www.deezer.com/track/2463249
jimi-hendrix--the-wind-cries-mary	track	deezer-album	https://cdn-images.dzcdn.net/images/cover/b83888148da4c3978b9c3870d8cb3166/1000x1000-000000-80-0-0.jpg	Are You Experienced		https://www.deezer.com/album/455130
billie-eilish--bad-guy	track	itunes	https://is1-ssl.mzstatic.com/image/thumb/Music115/v4/1a/37/d1/1a37d1b1-8508-54f2-f541-bf4e437dda76/19UMGIM05028.rgb.jpg/600x600cc.jpg	WHEN WE ALL FALL ASLEEP, WHERE DO WE GO?	2019	https://music.apple.com/us/album/bad-guy/1450695723?i=1450695739&uo=4
jimmy-james--i-ll-go-where-your-music-takes-me	track	deezer	https://cdn-images.dzcdn.net/images/cover/45f799814f6f69b03bcd4f8fc9508911/1000x1000-000000-80-0-0.jpg	Where Your Music Takes Me (JJ In The Seventies)		https://www.deezer.com/track/3813353402
jimmy-cliff--i-can-see-clearly-now	track	deezer-album	https://cdn-images.dzcdn.net/images/cover/a44cfa1bba8393056c6c61b853ecbd68/1000x1000-000000-80-0-0.jpg	We All Are One: The Best Of Jimmy Cliff		https://www.deezer.com/album/96114
joe-cocker--cry-me-a-river	track	deezer-album	https://cdn-images.dzcdn.net/images/cover/bde31ea6e6c94c1669f34b09d7f1e52a/1000x1000-000000-80-0-0.jpg	Mad Dogs & Englishmen (Deluxe Edition)		https://www.deezer.com/album/70550742
eminem--lose-yourself	track	deezer	https://cdn-images.dzcdn.net/images/cover/e2b36a9fda865cb2e9ed1476b6291a7d/1000x1000-000000-80-0-0.jpg	Curtain Call: The Hits		https://www.deezer.com/track/1109731
john-elton--a-word-in-spanish	track	deezer	https://cdn-images.dzcdn.net/images/cover/f2d5bf04f11535db1b5d1f9ffc2b2f43/1000x1000-000000-80-0-0.jpg	Reg Strikes Back	1998	https://www.deezer.com/track/1162378
joe-jackson--steppin-out	track	deezer-album	https://cdn-images.dzcdn.net/images/cover/6f50738df4db7b1aa30718cea0655f1a/1000x1000-000000-80-0-0.jpg	Night And Day	1985	https://www.deezer.com/album/255702
joe-cocker--up-where-we-belong	track	deezer-album	https://cdn-images.dzcdn.net/images/cover/a677f6d597581b8caf05ec5519b8a08d/1000x1000-000000-80-0-0.jpg	20th Century Masters: The Best Of Joe Cocker (The Millennium Collection)		https://www.deezer.com/album/72090382
john-denver--take-me-home-country-roads	track	deezer	https://cdn-images.dzcdn.net/images/cover/31383f3d2c444ca382c19c1def301e95/1000x1000-000000-80-0-0.jpg	Poems, Prayers and Promises	1971	https://www.deezer.com/track/82697686
john-elton--bennie-and-the-jets	track	deezer	https://cdn-images.dzcdn.net/images/cover/b34f389d15bcc5842d140c9c29e3bbd5/1000x1000-000000-80-0-0.jpg	Goodbye Yellow Brick Road (Remastered)		https://www.deezer.com/track/75859735
john-elton--blessed	track	deezer	https://cdn-images.dzcdn.net/images/cover/ff107a10e45bf4d110c79e4ab7f12fb7/1000x1000-000000-80-0-0.jpg	Made In England		https://www.deezer.com/track/1152865
john-elton--empty-garden	track	deezer	https://cdn-images.dzcdn.net/images/cover/3a75c21dc21ca6212a5ed3a7af6dab62/1000x1000-000000-80-0-0.jpg	Jump Up!	1982	https://www.deezer.com/track/1107902
johannes-brahms--hungarian-dance-nr-1-in-g-minor	track	deezer	https://cdn-images.dzcdn.net/images/cover/34c94276fa805bbca72a1c5306b9c5e0/1000x1000-000000-80-0-0.jpg	Hungarian Dances		https://www.deezer.com/track/2392955585
john-elton--sad-songs	track	deezer	https://cdn-images.dzcdn.net/images/cover/b07203f92cf706261c63c787bafc6875/1000x1000-000000-80-0-0.jpg	Breaking Hearts	1986	https://www.deezer.com/track/2192143
john-elton--sorry-seems-to-be-the-hardest-word	track	deezer	https://cdn-images.dzcdn.net/images/cover/67b277679884b87ef6c39eb6cf222ee1/1000x1000-000000-80-0-0.jpg	Blue Moves		https://www.deezer.com/track/1113840
john-mellencamp--cherry-bomb	track	deezer	https://cdn-images.dzcdn.net/images/cover/be4f74bc8139ecd6a6107c999d2ab97a/1000x1000-000000-80-0-0.jpg	The Lonesome Jubilee		https://www.deezer.com/track/79995410
john-mellencamp--jack-dianne	track	deezer	https://cdn-images.dzcdn.net/images/cover/d43f4c86e26a0b17aa3efebe70dcdd41/1000x1000-000000-80-0-0.jpg	American Fool		https://www.deezer.com/track/79980128
john-elton--border-song	track	deezer-album	https://cdn-images.dzcdn.net/images/cover/aef9063179908a03a4f59d16f220e5bb/1000x1000-000000-80-0-0.jpg	Elton John		https://www.deezer.com/album/122252
john-elton--funeral-for-a-friend	track	deezer-album	https://cdn-images.dzcdn.net/images/cover/b34f389d15bcc5842d140c9c29e3bbd5/1000x1000-000000-80-0-0.jpg	Goodbye Yellow Brick Road (Remastered)		https://www.deezer.com/album/7517452
john-waite--missing-you	track	deezer	https://cdn-images.dzcdn.net/images/cover/4c93e81bc5073816ee0fbeebecbc883d/1000x1000-000000-80-0-0.jpg	No Brakes		https://www.deezer.com/track/4216602
john-elton--philadelphia-freedom	track	deezer-album	https://cdn-images.dzcdn.net/images/cover/2ab26a684ecc061775052d0510f3fa4b/1000x1000-000000-80-0-0.jpg	Captain Fantastic And The Brown Dirt Cowboy	1975	https://www.deezer.com/album/223179
johnny-rivers--rockin-pneumonia	track	musicbrainz	https://coverartarchive.org/release-group/de278795-84e1-3633-8295-23b7e9b993c2/front-500	L.A. Reggae	1972	https://musicbrainz.org/release/c3e36fd5-e0dd-4c7a-98ae-0cb81c65ca90
johnny-bristol--hang-on-in-there-baby	track	deezer	https://cdn-images.dzcdn.net/images/cover/37fe9aa7de613cb012954e71b445cb61/1000x1000-000000-80-0-0.jpg	Hang On In There Baby		https://www.deezer.com/track/860792062
journey--seperate-ways	track	musicbrainz	https://coverartarchive.org/release-group/6d87adc5-1d0a-46c4-b68d-74ccdb7cb7c2/front-500	Live in Manila	2009	https://musicbrainz.org/release/ce850bf3-71b7-450f-80d2-a744e8a780ca
johnny-rivers--poor-side-of-town	track	deezer	https://cdn-images.dzcdn.net/images/cover/ab093af8ef9b047b962ee20880efe979/1000x1000-000000-80-0-0.jpg	All the Best		https://www.deezer.com/track/2191319277
johnny-rivers--the-seventh-son	track	deezer	https://cdn-images.dzcdn.net/images/cover/ab093af8ef9b047b962ee20880efe979/1000x1000-000000-80-0-0.jpg	All the Best		https://www.deezer.com/track/2191319117
johnny-the-hurricanes--red-river-rock	track	deezer	https://cdn-images.dzcdn.net/images/cover/609a30f5fcbf5ca481abe5bc6c720b98/1000x1000-000000-80-0-0.jpg	Johnny & The Hurricanes' Red River Rock		https://www.deezer.com/track/2359104
joshua-kadison--jessie	track	deezer	https://cdn-images.dzcdn.net/images/cover/70eafe4a33cb6992cee7f0d5d6c3f001/1000x1000-000000-80-0-0.jpg	Painted Desert Serenade	1993	https://www.deezer.com/track/3126311
jovanotti--chissa-se-stai-dormendo	track	musicbrainz	https://coverartarchive.org/release-group/3ee4481e-e1e2-3673-81db-948bfdc2ee29/front-500	Lorenzo 1992	1992	https://musicbrainz.org/release/90c3ae6c-f423-47f6-bfe5-cabafe2c0e77
jovanotti--gente-della-notte	track	deezer	https://cdn-images.dzcdn.net/images/cover/795ecbdbcaeb4a15ba0ef1824558fab5/1000x1000-000000-80-0-0.jpg	JOVA BEACH PARTY: CHIARO DI LUNA		https://www.deezer.com/track/1834431097
julio-iglesias--begin-the-beguine	track	deezer	https://cdn-images.dzcdn.net/images/cover/26daa677441e16166f86bc3e53834a30/1000x1000-000000-80-0-0.jpg	Begin the Beguine	1990	https://www.deezer.com/track/834388
jovanotti--penso-positivo	track	deezer	https://cdn-images.dzcdn.net/images/cover/3e42dae5717be0f2c5c0cf094e556a8d/1000x1000-000000-80-0-0.jpg	Lorenzo 1994	1994	https://www.deezer.com/track/2427114
a-ha--take-on-me	track	itunes	https://is1-ssl.mzstatic.com/image/thumb/Music/c6/e1/c8/mzi.ixgzfcmc.jpg/600x600cc.jpg	Hunting High and Low (Deluxe Edition)	1985	https://music.apple.com/us/album/take-on-me/380907762?i=380907765&uo=4
julie-covington--don-t-cry-for-me-argentina	track	musicbrainz	https://coverartarchive.org/release-group/533304a6-2ae6-31af-b5d1-bbe6a0121961/front-500	Don't Cry for Me Argentina	1977	https://musicbrainz.org/release/7eebc44f-d79d-4c2d-b4b4-6aa7bdaa16af
juan-luis-guerra--la-bilirrubina	track	deezer	https://cdn-images.dzcdn.net/images/cover/28761756a337dd8158dec0fd58484525/1000x1000-000000-80-0-0.jpg	Romance Rosa	1992	https://www.deezer.com/track/2024095467
jovanotti--l-ombelico-del-mondo	track	deezer	https://cdn-images.dzcdn.net/images/cover/6d7393cd9df5f53790afab174396c911/1000x1000-000000-80-0-0.jpg	Backup 1987-2012		https://www.deezer.com/track/62439101
judy-collins--amazing-grace	track	deezer	https://cdn-images.dzcdn.net/images/cover/85d55f6864d975345a8db3f8b2c17398/1000x1000-000000-80-0-0.jpg	Amazing		https://www.deezer.com/track/107730248
jurgen-drews--warum-immer-ich	track	deezer	https://cdn-images.dzcdn.net/images/cover/d18c203276a3602b00e26d1de793c2c9/1000x1000-000000-80-0-0.jpg	Das ultimative Jubiläums-Best-Of		https://www.deezer.com/track/1110639432
kate-bush--army-dreamers	track	deezer	https://cdn-images.dzcdn.net/images/cover/66af3ed33c26873c02793e7b4a201541/1000x1000-000000-80-0-0.jpg	Never for Ever	1980	https://www.deezer.com/track/3127838
kansas--song-for-america	track	deezer	https://cdn-images.dzcdn.net/images/cover/dce7b5b0a16b94bb239cba36c0c1cdf3/1000x1000-000000-80-0-0.jpg	Song For America		https://www.deezer.com/track/587352
kaoma--dancando-lambada	track	deezer	https://cdn-images.dzcdn.net/images/cover/fd4d708dc127726804135ff1b80b7a73/1000x1000-000000-80-0-0.jpg	Lambada - Les originaux No. 1 de l'été (Original 1989)	1989	https://www.deezer.com/track/309175
k-d-lang--constant-craving	track	deezer	https://cdn-images.dzcdn.net/images/cover/9d3f9b6f6f1836c8362d8f42ef5f37d4/1000x1000-000000-80-0-0.jpg	Recollection		https://www.deezer.com/track/5414332
kenny-g--songbird	track	deezer	https://cdn-images.dzcdn.net/images/cover/f76e5cd84df38516c6e1c3bc45aa63a4/1000x1000-000000-80-0-0.jpg	Duotones	1986	https://www.deezer.com/track/1131590
karas-anton--harry-lime-theme	track	deezer	https://cdn-images.dzcdn.net/images/cover/db5c7c5f2f298bab1bffb1a18756ca30/1000x1000-000000-80-0-0.jpg	Der dritte Mann - The Third Man		https://www.deezer.com/track/15470439
kenny-loggins--danger-zone	track	deezer-album	https://cdn-images.dzcdn.net/images/cover/f5aa0ac48002e806cfe587b83bbfb3f1/1000x1000-000000-80-0-0.jpg	The Essential Kenny Loggins		https://www.deezer.com/album/9230715
kenny-loggins--i-m-alright	track	deezer	https://cdn-images.dzcdn.net/images/cover/1ecbb325d333467ef4ade42cfed797d1/1000x1000-000000-80-0-0.jpg	Caddyshack		https://www.deezer.com/track/5431773
kim-wilde--you-keep-me-hangin-on	track	deezer	https://cdn-images.dzcdn.net/images/cover/17fe6b02a891d9e057f3536521478d05/1000x1000-000000-80-0-0.jpg	Another Step		https://www.deezer.com/track/70646929
king-harvest--dancing-in-the-moonlight	track	deezer	https://cdn-images.dzcdn.net/images/cover/4e9d496b5b760ef5510c7184164bcc20/1000x1000-000000-80-0-0.jpg	Dancing In The Moonlight		https://www.deezer.com/track/69877923
king-ricky--verde	track	deezer	https://cdn-images.dzcdn.net/images/cover/5d51f2f49c5cafa357198ca567704ba9/1000x1000-000000-80-0-0.jpg	Happy Guitar		https://www.deezer.com/track/2199644
kenny-loggins--your-mama-don-t-dance	track	musicbrainz	https://coverartarchive.org/release-group/d9e65871-cc35-400c-88c5-f35c4dbe466b/front-500	Outside: From the Redwoods		https://musicbrainz.org/release/71b1686c-af1b-4bfc-b908-cd365c456b4f
kim-carnes--bette-davis-eyes	track	deezer-album	https://cdn-images.dzcdn.net/images/cover/6ce6234006881b6607dcdbdbca92af02/1000x1000-000000-80-0-0.jpg	Mistaken Identity		https://www.deezer.com/album/1343440
kingsmen--louie-louie	track	deezer	https://cdn-images.dzcdn.net/images/cover/dbea206ee0042ead0f8cfb6e425ea038/1000x1000-000000-80-0-0.jpg	Let's Have A Party! - 35 Party Hits!		https://www.deezer.com/track/623862972
kiss--detroit-rock-city	track	deezer	https://cdn-images.dzcdn.net/images/cover/21b9c0754b3a71214660a22426b32fcc/1000x1000-000000-80-0-0.jpg	Destroyer	1997	https://www.deezer.com/track/1124236
kiss--plaster-caster	track	deezer	https://cdn-images.dzcdn.net/images/cover/e5dfac036461aa826aa0eff5182769e8/1000x1000-000000-80-0-0.jpg	Love Gun	1997	https://www.deezer.com/track/1121706
kiss--spit	track	deezer	https://cdn-images.dzcdn.net/images/cover/d9d6b3be9bff07a2b52c9de861f14797/1000x1000-000000-80-0-0.jpg	Revenge	1992	https://www.deezer.com/track/2461870
kiss--shock-me	track	deezer	https://cdn-images.dzcdn.net/images/cover/e5dfac036461aa826aa0eff5182769e8/1000x1000-000000-80-0-0.jpg	Love Gun	1997	https://www.deezer.com/track/1121700
kiss--shout-it-out-loud	track	deezer	https://cdn-images.dzcdn.net/images/cover/21b9c0754b3a71214660a22426b32fcc/1000x1000-000000-80-0-0.jpg	Destroyer	1997	https://www.deezer.com/track/1124242
kiss--beth	track	deezer-album	https://cdn-images.dzcdn.net/images/cover/21b9c0754b3a71214660a22426b32fcc/1000x1000-000000-80-0-0.jpg	Destroyer	1997	https://www.deezer.com/album/120869
kool-the-gang--cherish	track	deezer	https://cdn-images.dzcdn.net/images/cover/7e11a8b7130ff398551ac56a5a36404d/1000x1000-000000-80-0-0.jpg	Emergency (Reissue)	1984	https://www.deezer.com/track/543100972
korn--ass-itch	track	deezer	https://cdn-images.dzcdn.net/images/cover/55e90ea4fd633256b90c27578b583f68/1000x1000-000000-80-0-0.jpg	Life Is Peachy		https://www.deezer.com/track/95292472
kool-the-gang--get-down-on-it	track	deezer	https://cdn-images.dzcdn.net/images/cover/432ebc60ba4d20887d67ef6b3cece11e/1000x1000-000000-80-0-0.jpg	Something Special		https://www.deezer.com/track/94556154
kiss--rock-and-roll-all-nite	track	deezer-album	https://cdn-images.dzcdn.net/images/cover/b9c7c78a0e65a292cf1830ad3c26e0c3/1000x1000-000000-80-0-0.jpg	Dressed To Kill (2025 Remaster)		https://www.deezer.com/album/854545392
kool-the-gang--too-hot	track	deezer	https://cdn-images.dzcdn.net/images/cover/5d0c5167b9add6dc64b14aa885d9225a/1000x1000-000000-80-0-0.jpg	Kool & The Gang and Friends!		https://www.deezer.com/track/133194374
korn--no-place-to-hide	track	deezer	https://cdn-images.dzcdn.net/images/cover/55e90ea4fd633256b90c27578b583f68/1000x1000-000000-80-0-0.jpg	Life Is Peachy		https://www.deezer.com/track/95292464
korn--blind	track	deezer	https://cdn-images.dzcdn.net/images/cover/31d699a638ac32ba2100a993f5e69dce/1000x1000-000000-80-0-0.jpg	Korn	1994	https://www.deezer.com/track/13378870
korn--freak-on-a-leash	track	deezer	https://cdn-images.dzcdn.net/images/cover/35111a59f5d5ef0bf5a7ba2f3a203b25/1000x1000-000000-80-0-0.jpg	Follow The Leader	1998	https://www.deezer.com/track/134523750
korn--got-the-life	track	deezer	https://cdn-images.dzcdn.net/images/cover/35111a59f5d5ef0bf5a7ba2f3a203b25/1000x1000-000000-80-0-0.jpg	Follow The Leader	1998	https://www.deezer.com/track/134523754
kristina-bach--caballero-caballero	track	deezer	https://cdn-images.dzcdn.net/images/cover/367c64c452c48be549aac88e143adfa8/1000x1000-000000-80-0-0.jpg	Ein bisschen näher zu dir		https://www.deezer.com/track/13473248
kristina-bach--tango-mit-fernando	track	deezer	https://cdn-images.dzcdn.net/images/cover/f7a7d1b37e68a6351d2b1c1164e408a1/1000x1000-000000-80-0-0.jpg	Rendezvous mit dem Feuer		https://www.deezer.com/track/2367706105
kraftwerk--the-robots	track	deezer	https://cdn-images.dzcdn.net/images/cover/34abb4ebbf3a7784757a5c94ebee6c4e/1000x1000-000000-80-0-0.jpg	The Man-Machine (2009 Remaster)		https://www.deezer.com/track/4262786
kristina-bach--erst-ein-cappucino	track	deezer	https://cdn-images.dzcdn.net/images/cover/6b5302ae18f0ea93946ce4f08946dcdf/1000x1000-000000-80-0-0.jpg	Frauen könnens besser		https://www.deezer.com/track/872323
kylie-minogue--i-should-be-so-lucky	track	deezer	https://cdn-images.dzcdn.net/images/cover/76cd0f217dab8d9857f964710d8181f5/1000x1000-000000-80-0-0.jpg	Kylie		https://www.deezer.com/track/3785971252
fleetwood-mac--dreams	track	itunes	https://is1-ssl.mzstatic.com/image/thumb/Music124/v4/4d/13/ba/4d13bac3-d3d5-7581-2c74-034219eadf2b/081227970949.jpg/600x600cc.jpg	Rumours	1977	https://music.apple.com/us/album/dreams/594061854?i=594061856&uo=4
kylie-minogue--tears-on-my-pillow	track	deezer	https://cdn-images.dzcdn.net/images/cover/37adf32ef1e42f9ba7bc89857635fe26/1000x1000-000000-80-0-0.jpg	Enjoy Yourself		https://www.deezer.com/track/3786417702
la-bionda--one-for-you-one-for-me	track	deezer	https://cdn-images.dzcdn.net/images/cover/3e198f2e43f8d5f8c51b5c50d858667d/1000x1000-000000-80-0-0.jpg	Italo Disco Kings		https://www.deezer.com/track/128743007
last--an-der-donau-steht-marika	artist	deezer-artist	https://cdn-images.dzcdn.net/images/artist/9e12cc5b174c44a95e4ada618cb674b0/1000x1000-000000-80-0-0.jpg			https://www.deezer.com/artist/14385933
la-bouche--be-my-lover	track	deezer	https://cdn-images.dzcdn.net/images/cover/f761cc3c5d16649a204377aa5d8ea6cf/1000x1000-000000-80-0-0.jpg	All Mixed Up	1996	https://www.deezer.com/track/76489781
last--auf-dem-leiterwagen	track	musicbrainz	https://coverartarchive.org/release-group/051ff61c-353c-4869-9480-f30debc48871/front-500	Happy Music		https://musicbrainz.org/release/2656f782-2263-4fc4-aebf-3c9d60e9a1a8
laid-back--sunshine-reggae	track	deezer-album	https://cdn-images.dzcdn.net/images/cover/6e03c262bf2357547eeb478495619173/1000x1000-000000-80-0-0.jpg	Keep Smiling (Remastered Version)		https://www.deezer.com/album/1599497
kylie-minogue--especially-for-you	track	deezer	https://cdn-images.dzcdn.net/images/cover/9a896d400908f915f7ff609bee300b2f/1000x1000-000000-80-0-0.jpg	Especially for You		https://www.deezer.com/track/3786424112
last--die-rose-vom-worthersee	track	deezer	https://cdn-images.dzcdn.net/images/cover/57ef73d0278e82d5b07b99afb37389fe/1000x1000-000000-80-0-0.jpg	Polka Party 2		https://www.deezer.com/track/661509142
last--polka-polka	track	musicbrainz	https://coverartarchive.org/release-group/607a745c-96b1-4244-879e-e47b1eb2d794/front-500	Im Allgäu		https://musicbrainz.org/release/cf72e736-e3cd-4416-a957-d8b733d01455
last--frisch-vom-fass	artist	deezer-artist	https://cdn-images.dzcdn.net/images/artist/9e12cc5b174c44a95e4ada618cb674b0/1000x1000-000000-80-0-0.jpg			https://www.deezer.com/artist/14385933
last--liechtensteiner-polka	track	deezer	https://cdn-images.dzcdn.net/images/cover/ca06edc2c59b9448ccf820cee2f0573c/1000x1000-000000-80-0-0.jpg	Polka Party		https://www.deezer.com/track/661531862
last--schwarze-amsel	track	deezer	https://cdn-images.dzcdn.net/images/cover/57ef73d0278e82d5b07b99afb37389fe/1000x1000-000000-80-0-0.jpg	Polka Party 2		https://www.deezer.com/track/661509112
guns-n-roses--sweet-child-o-mine	track	itunes	https://is1-ssl.mzstatic.com/image/thumb/Music125/v4/a0/4d/c4/a04dc484-03cc-02aa-fa82-5334fcb4bc16/18UMGIM24878.rgb.jpg/600x600cc.jpg	Appetite For Destruction	1987	https://music.apple.com/us/album/sweet-child-o-mine/1377813284?i=1377813701&uo=4
last--rosamunde	track	deezer	https://cdn-images.dzcdn.net/images/cover/773bf1dc922a289715caec1f16257c2c/1000x1000-000000-80-0-0.jpg	Die schönsten Melodien der letzten 100 Jahre		https://www.deezer.com/track/3498268841
la-bouche--sweet-dreams	track	deezer-album	https://cdn-images.dzcdn.net/images/cover/9b3f3ca2eeff4db26c652f11a3401a52/1000x1000-000000-80-0-0.jpg	Sweet Dreams		https://www.deezer.com/album/9817008
linkin-park--numb	track	itunes	https://is1-ssl.mzstatic.com/image/thumb/Features125/v4/dd/7d/72/dd7d7259-d27f-5b3e-ce64-9e304d2cb40f/dj.rxzrauer.jpg/600x600cc.jpg	Meteora	2003	https://music.apple.com/us/album/numb/528435845?i=528437514&uo=4
laura-pausini--stanotte-stai-con-me	track	deezer	https://cdn-images.dzcdn.net/images/cover/ed472640952ecee5aba13f2200fcc2f5/1000x1000-000000-80-0-0.jpg	La mia risposta	1998	https://www.deezer.com/track/699297
laura-branigan--selfcontrol	artist	deezer-artist	https://cdn-images.dzcdn.net/images/artist/4d8e18a91c3e59a5e01dad57a6e47564/1000x1000-000000-80-0-0.jpg			
mark-ronson--uptown-funk	track	itunes	https://is1-ssl.mzstatic.com/image/thumb/Music115/v4/7e/30/c5/7e30c572-aa47-5f7b-c6fd-42d50cd2c56d/886444959797.jpg/600x600cc.jpg	Uptown Special	2014	https://music.apple.com/us/album/uptown-funk-feat-bruno-mars/943946661?i=943946671&uo=4
leali--se-qualcuno-cercasse-di-te	track	deezer	https://cdn-images.dzcdn.net/images/cover/7e9794bb63ba044a0c760673625de8d7/1000x1000-000000-80-0-0.jpg	Italian Classics: Fausto Leali Collection, Vol. 1		https://www.deezer.com/track/518991362
led-zeppelin--black-mountain-side	track	deezer	https://cdn-images.dzcdn.net/images/cover/e7e504911214f3ce512fecf78f42fbed/1000x1000-000000-80-0-0.jpg	Led Zeppelin (Remaster)		https://www.deezer.com/track/78621543
leali--io-amo	track	deezer	https://cdn-images.dzcdn.net/images/cover/5f641433bcdd81f227ab1a6aeb5e0545/1000x1000-000000-80-0-0.jpg	Fausto Leali Concerto dal Vivo		https://www.deezer.com/track/5548571
leann-rimes--how-do-i-live	track	deezer	https://cdn-images.dzcdn.net/images/cover/77caeeffbcb9ba38654e1fddb4c381e7/1000x1000-000000-80-0-0.jpg	You Light Up My Life	1997	https://www.deezer.com/track/75780507
laura-pausini--in-assenza-di-te	track	deezer	https://cdn-images.dzcdn.net/images/cover/cd08f3013b048503510029f52a4bfff1/1000x1000-000000-80-0-0.jpg	The Best of Laura Pausini - E ritorno da te		https://www.deezer.com/track/810842
led-zeppelin--black-dog	track	deezer	https://cdn-images.dzcdn.net/images/cover/460a0edd96f743be03b7405eac38c633/1000x1000-000000-80-0-0.jpg	Led Zeppelin IV (Deluxe Edition)		https://www.deezer.com/track/88003853
led-zeppelin--living-loving-maid	track	deezer	https://cdn-images.dzcdn.net/images/cover/a5fdd04471cb7d6ec8a663621bdd9bee/1000x1000-000000-80-0-0.jpg	Led Zeppelin II (Deluxe Edition)	1969	https://www.deezer.com/track/78671032
led-zeppelin--bring-it-on-home	track	deezer	https://cdn-images.dzcdn.net/images/cover/a5fdd04471cb7d6ec8a663621bdd9bee/1000x1000-000000-80-0-0.jpg	Led Zeppelin II (Deluxe Edition)	1969	https://www.deezer.com/track/78671036
led-zeppelin--going-to-california	track	deezer	https://cdn-images.dzcdn.net/images/cover/460a0edd96f743be03b7405eac38c633/1000x1000-000000-80-0-0.jpg	Led Zeppelin IV (Deluxe Edition)		https://www.deezer.com/track/88003865
led-zeppelin--misty-mountain-hop	track	deezer	https://cdn-images.dzcdn.net/images/cover/2047754dc07232def42ec26a9a854544/1000x1000-000000-80-0-0.jpg	Led Zeppelin IV (Remaster)	1971	https://www.deezer.com/track/111628788
led-zeppelin--ten-years-gone	track	deezer-album	https://cdn-images.dzcdn.net/images/cover/35e2fa1eaa6f3e741e8a0829a91a55b8/1000x1000-000000-80-0-0.jpg	Physical Graffiti (1994 Remaster)	1975	https://www.deezer.com/album/90402
led-zeppelin--thank-you	track	deezer	https://cdn-images.dzcdn.net/images/cover/a5fdd04471cb7d6ec8a663621bdd9bee/1000x1000-000000-80-0-0.jpg	Led Zeppelin II (Deluxe Edition)	1969	https://www.deezer.com/track/78671029
level-42--heaven-in-my-hands	track	deezer	https://cdn-images.dzcdn.net/images/cover/be6d47a87e01b44f5b3b102e00b5cd1d/1000x1000-000000-80-0-0.jpg	Staring At The Sun (Expanded Version)		https://www.deezer.com/track/87916449
ligabue--buon-compleanno-elvis	track	deezer	https://cdn-images.dzcdn.net/images/cover/37178f1151bfc7d5b19be28323cdb845/1000x1000-000000-80-0-0.jpg	Buon compleanno Elvis [Remastered Version]		https://www.deezer.com/track/6633019
leo-sayer--unchained-melody	track	deezer-album	https://cdn-images.dzcdn.net/images/cover/0a63f6d848f6b2950d4ddfa75a54f499/1000x1000-000000-80-0-0.jpg	The Show Must Go On: The Very Best Of Leo Sayer		https://www.deezer.com/album/1118573
queen--don-t-stop-me-now	track	deezer	https://cdn-images.dzcdn.net/images/cover/4b8ab9c1f112b63c07e3983b98e98006/1000x1000-000000-80-0-0.jpg	Jazz		https://www.deezer.com/track/4092329741
ligabue--hai-un-momento-dio	track	deezer	https://cdn-images.dzcdn.net/images/cover/37178f1151bfc7d5b19be28323cdb845/1000x1000-000000-80-0-0.jpg	Buon compleanno Elvis [Remastered Version]		https://www.deezer.com/track/6633021
level-42--running-in-the-family	track	deezer	https://cdn-images.dzcdn.net/images/cover/62c887d685e6d5d15bdd825009bb646d/1000x1000-000000-80-0-0.jpg	Running In The Family / Staring At The Sun		https://www.deezer.com/track/4586957
ligabue--ho-perso-le-parole	track	deezer	https://cdn-images.dzcdn.net/images/cover/ac7f4a38cc727422263c83253014ea01/1000x1000-000000-80-0-0.jpg	Radiofreccia (Colonna Sonora Originale) [20° Anniversario] (2018 Remaster)	1998	https://www.deezer.com/track/572553042
ligabue--il-mio-nome-e-mai-piu	track	deezer	https://cdn-images.dzcdn.net/images/cover/bcffcfe912e26f938af53bbc38c1b88f/1000x1000-000000-80-0-0.jpg	Il mio nome è mai più (1999-2024)	1999	https://www.deezer.com/track/2907717561
leo-sayer--when-i-need-you	track	deezer	https://cdn-images.dzcdn.net/images/cover/6a58923267110ce929431d891af2b852/1000x1000-000000-80-0-0.jpg	5 Songs EP		https://www.deezer.com/track/12165658
ligabue--sogni-di-rock-n-roll	track	musicbrainz	https://coverartarchive.org/release-group/d01b8e56-4620-376d-b7de-666a286dd878/front-500	Su e giù da un palco		https://musicbrainz.org/release/513254c1-01a6-42c3-abd5-4800688f1889
ligabue--metti-in-circolo-il-tuo-amore	track	deezer	https://cdn-images.dzcdn.net/images/cover/ac7f4a38cc727422263c83253014ea01/1000x1000-000000-80-0-0.jpg	Radiofreccia (Colonna Sonora Originale) [20° Anniversario] (2018 Remaster)	1998	https://www.deezer.com/track/572553092
ligabue--leggero	track	deezer	https://cdn-images.dzcdn.net/images/cover/37178f1151bfc7d5b19be28323cdb845/1000x1000-000000-80-0-0.jpg	Buon compleanno Elvis [Remastered Version]		https://www.deezer.com/track/6633030
ligabue--marlon-brando-e-sempre-lui	track	deezer	https://cdn-images.dzcdn.net/images/cover/fccb04414f55ae1a90d983872a14323e/1000x1000-000000-80-0-0.jpg	Ligabue [Remastered Version]		https://www.deezer.com/track/6638610
ligabue--non-e-tempo-per-noi	track	deezer	https://cdn-images.dzcdn.net/images/cover/9a6d49d4e60251135a392508e08bf3c7/1000x1000-000000-80-0-0.jpg	Primo tempo		https://www.deezer.com/track/790014
ligabue--quella-che-non-sei	track	deezer	https://cdn-images.dzcdn.net/images/cover/37178f1151bfc7d5b19be28323cdb845/1000x1000-000000-80-0-0.jpg	Buon compleanno Elvis [Remastered Version]		https://www.deezer.com/track/6633026
limahl--never-ending-story	track	deezer	https://cdn-images.dzcdn.net/images/cover/1f8cd051c51ae77123c43dca7532dc12/1000x1000-000000-80-0-0.jpg	Never Ending Story		https://www.deezer.com/track/4284272
ligabue--tra-palco-e-realta	track	deezer	https://cdn-images.dzcdn.net/images/cover/b804fe40c131316aaf2aabeea1160a26/1000x1000-000000-80-0-0.jpg	Giro d'Italia (semi acustico)		https://www.deezer.com/track/683827
lionel-richie--all-night-long	track	deezer	https://cdn-images.dzcdn.net/images/cover/7050e918a1ead7bdbd7cadd9dfa2b858/1000x1000-000000-80-0-0.jpg	Can't Slow Down	1991	https://www.deezer.com/track/920062
lionel-richie--hello	track	deezer	https://cdn-images.dzcdn.net/images/cover/5942f6e431f993f72fa5e0f24058c2c6/1000x1000-000000-80-0-0.jpg	Tuskegee (Deluxe Version)		https://www.deezer.com/track/16645487
limp-bizkit--faith	track	deezer-album	https://cdn-images.dzcdn.net/images/cover/0b19a0f3df671d1d5be81b6b8b9f640f/1000x1000-000000-80-0-0.jpg	Three Dollar Bill, Y'all $	1997	https://www.deezer.com/album/247623
lipps-inc--funky-town	track	musicbrainz	https://coverartarchive.org/release-group/4092355f-40d8-3c2d-9592-79716b7ae379/front-500	Friends: The Ultimate Soundtrack		https://musicbrainz.org/release/5e1bb656-b1b7-481e-b6f6-5bd690bf4e8e
little-richard--long-tall-sally	track	deezer	https://cdn-images.dzcdn.net/images/cover/ee2f7030354f5fe91e25062b1f91a865/1000x1000-000000-80-0-0.jpg	Here's Little Richard		https://www.deezer.com/track/101753757
little-richard--lucille	track	deezer	https://cdn-images.dzcdn.net/images/cover/c116ac3a2c9d452fd8afd4ced0e62323/1000x1000-000000-80-0-0.jpg	Dancing All Around the World		https://www.deezer.com/track/127350321
little-richard--tutti-frutti	track	deezer	https://cdn-images.dzcdn.net/images/cover/1c57e7bdc527dc52e8a5efeb5f6008e8/1000x1000-000000-80-0-0.jpg	Here's Little Richard		https://www.deezer.com/track/130747812
little-tony--ridera	track	deezer	https://cdn-images.dzcdn.net/images/cover/a522dfb46c1dbc2b452473f4b4cc2c9e/1000x1000-000000-80-0-0.jpg	Canzoni della mia vita		https://www.deezer.com/track/68318569
lloyd-james--keep-on-smiling	track	deezer	https://cdn-images.dzcdn.net/images/cover/971b9abd55f9cac3e56dc0c1e48b7a2d/1000x1000-000000-80-0-0.jpg	Keep On Smiling	1983	https://www.deezer.com/track/1063449912
lobo--me-and-you-and-a-dog-named-boo	track	deezer	https://cdn-images.dzcdn.net/images/cover/f82a54a2ad90ae3376225b601574d8c6/1000x1000-000000-80-0-0.jpg	Introducing Lobo		https://www.deezer.com/track/678216
lobo--i-d-love-you-to-want-me	track	deezer	https://cdn-images.dzcdn.net/images/cover/2d138d6e1d7284f55748b42e2a27803d/1000x1000-000000-80-0-0.jpg	The Best Of Lobo	1993	https://www.deezer.com/track/726391
local-h--bound-for-the-floor	track	deezer	https://cdn-images.dzcdn.net/images/cover/737086ac771cd40db9191119c69de3f0/1000x1000-000000-80-0-0.jpg	As Good As Dead	1996	https://www.deezer.com/track/2177711
lois-lane--it-s-the-first-time	track	deezer	https://cdn-images.dzcdn.net/images/cover/a82ee2909653a66c4cd116fef7c59886/1000x1000-000000-80-0-0.jpg	Fortune Fairytales		https://www.deezer.com/track/2780956531
live--lightning-crashes	track	deezer-album	https://cdn-images.dzcdn.net/images/cover/1678a2e464c63d05394c81d348fc15c9/1000x1000-000000-80-0-0.jpg	Throwing Copper	1994	https://www.deezer.com/album/247452
loverboy--hot-girls-in-love	track	deezer	https://cdn-images.dzcdn.net/images/cover/6883eab08b168388d73c2783aae41469/1000x1000-000000-80-0-0.jpg	We Are The '80s		https://www.deezer.com/track/15426274
madonna--dear-jessie	track	deezer	https://cdn-images.dzcdn.net/images/cover/cb3560d83ededa230d78f7bf047c583a/1000x1000-000000-80-0-0.jpg	Like a Prayer	1989	https://www.deezer.com/track/664517
loverboy--working-for-the-weekend	track	deezer	https://cdn-images.dzcdn.net/images/cover/b7b4e5d269ea34b4b0a2ce84770dbe9e/1000x1000-000000-80-0-0.jpg	Get Lucky	1995	https://www.deezer.com/track/13268006
luniz--i-got-5-on-it	track	deezer	https://cdn-images.dzcdn.net/images/cover/45fcaa2eddf6707663fa5a61732c04d5/1000x1000-000000-80-0-0.jpg	Operation Stackola	1995	https://www.deezer.com/track/6587648
lou-rawls--lady-love	track	deezer-album	https://cdn-images.dzcdn.net/images/cover/0a560a1138bf3091d79400cc40436c72/1000x1000-000000-80-0-0.jpg	When You Hear Lou, You've Heard It All	1977	https://www.deezer.com/album/1429938
madonna--shanti-ashtangi	track	deezer	https://cdn-images.dzcdn.net/images/cover/b75d884b15db9c2b3376f93caa059a93/1000x1000-000000-80-0-0.jpg	Ray of Light	1998	https://www.deezer.com/track/778749
toto--africa	track	deezer	https://cdn-images.dzcdn.net/images/cover/153332e88a14255a8c3d5959a5a21882/1000x1000-000000-80-0-0.jpg	Toto IV	1982	https://www.deezer.com/track/1079668
m-people--moving-on-up	track	deezer	https://cdn-images.dzcdn.net/images/cover/03ae0d6ea06504c955ff6661049af62b/1000x1000-000000-80-0-0.jpg	Ultimate Collection (feat. Heather Small)		https://www.deezer.com/track/600153
madonna--music	track	deezer	https://cdn-images.dzcdn.net/images/cover/32fa1f6bf870f558de0e874ee04be456/1000x1000-000000-80-0-0.jpg	Music		https://www.deezer.com/track/3667551
madonna--over-and-over	track	deezer	https://cdn-images.dzcdn.net/images/cover/3836708e2d450cdaa61341112b972228/1000x1000-000000-80-0-0.jpg	Like a Virgin	1984	https://www.deezer.com/track/678338
madonna--skin	track	deezer	https://cdn-images.dzcdn.net/images/cover/b75d884b15db9c2b3376f93caa059a93/1000x1000-000000-80-0-0.jpg	Ray of Light	1998	https://www.deezer.com/track/778723
magic-affair--fire	track	deezer	https://cdn-images.dzcdn.net/images/cover/c1c4b4016608f399c3f45f8251bba76c/1000x1000-000000-80-0-0.jpg	Omen - The Story Continues		https://www.deezer.com/track/2208316
madness--baggy-trousers	track	deezer-album	https://cdn-images.dzcdn.net/images/cover/8db7bce9cb55ef2f9c4f660299722aca/1000x1000-000000-80-0-0.jpg	Total Madness		https://www.deezer.com/album/663435851
madonna--true-blue	track	deezer	https://cdn-images.dzcdn.net/images/cover/43a8e2b1b035391f58b0927cf1040bc4/1000x1000-000000-80-0-0.jpg	True Blue	1986	https://www.deezer.com/track/678371
manfred-mann--davy-s-on-the-road-again	track	musicbrainz	https://coverartarchive.org/release-group/970f70ab-c138-4afe-903d-5b7a3fa74c6e/front-500	Star Party	1978	https://musicbrainz.org/release/c29d2051-2938-4470-ad75-d037f9bdd764
magic-affair--give-me-all-your-love	track	deezer	https://cdn-images.dzcdn.net/images/cover/c1c4b4016608f399c3f45f8251bba76c/1000x1000-000000-80-0-0.jpg	Omen - The Story Continues		https://www.deezer.com/track/2208321
mango--dove-vai	track	musicbrainz	https://coverartarchive.org/release-group/e7f83676-6b2f-4df9-b204-50ce11a0c49e/front-500	Dove vai... Live		https://musicbrainz.org/release/d1e0ab1c-983e-4642-a44b-8d32560a8ed4
mango--amore-per-te	track	deezer	https://cdn-images.dzcdn.net/images/cover/c92eb950b68e4d9cdc2bc1978929f512/1000x1000-000000-80-0-0.jpg	Gli Amori Son Finestre		https://www.deezer.com/track/4220159
mango--giulietta	track	deezer	https://cdn-images.dzcdn.net/images/cover/fb03e004961d23396b2b6fb782783b1d/1000x1000-000000-80-0-0.jpg	Mango		https://www.deezer.com/track/3352730
mango--mediterraneo	track	deezer	https://cdn-images.dzcdn.net/images/cover/d54f34adfe866462e8af3b0074f21250/1000x1000-000000-80-0-0.jpg	Come l'acqua	1999	https://www.deezer.com/track/762096
mango--nella-mia-citta	track	deezer	https://cdn-images.dzcdn.net/images/cover/32b3157011cb18b49865a413d42ddf05/1000x1000-000000-80-0-0.jpg	Sirtaki	1999	https://www.deezer.com/track/761902
mango--bella-d-estate	track	deezer	https://cdn-images.dzcdn.net/images/cover/ffa0fb0ae576b15d44902112ec466147/1000x1000-000000-80-0-0.jpg	Tutto mango: Oro e Platino		https://www.deezer.com/track/3865859
mango--oro	track	deezer	https://cdn-images.dzcdn.net/images/cover/56be0cc54389bd252dc50748a0b6d00f/1000x1000-000000-80-0-0.jpg	Odissea		https://www.deezer.com/track/14658547
mariah-carey--against-all-odds	track	deezer	https://cdn-images.dzcdn.net/images/cover/f90495128acbb4808b6fe43ef12a3912/1000x1000-000000-80-0-0.jpg	Rainbow	1999	https://www.deezer.com/track/623552
mariah-carey--can-t-let-go	track	deezer	https://cdn-images.dzcdn.net/images/cover/13dcc11389c5e843c86dd85d9452e2a1/1000x1000-000000-80-0-0.jpg	Emotions	1991	https://www.deezer.com/track/1057133
mariah-carey--heartbreaker	track	deezer	https://cdn-images.dzcdn.net/images/cover/f90495128acbb4808b6fe43ef12a3912/1000x1000-000000-80-0-0.jpg	Rainbow	1999	https://www.deezer.com/track/830200
mariah-carey--never-forget-you	track	deezer	https://cdn-images.dzcdn.net/images/cover/bd27955b1ecbe44f125198d004e7e18e/1000x1000-000000-80-0-0.jpg	Never Forget You EP	1994	https://www.deezer.com/track/1039126222
mariah-carey--silent-night	track	deezer	https://cdn-images.dzcdn.net/images/cover/60d8f7635ead9b3c5e571aec47a8c73e/1000x1000-000000-80-0-0.jpg	Merry Christmas	1994	https://www.deezer.com/track/62710441
mariah-carey--someday	track	deezer	https://cdn-images.dzcdn.net/images/cover/a6842e0e44e02fae9cc5bfa666ffe435/1000x1000-000000-80-0-0.jpg	Mariah Carey	1990	https://www.deezer.com/track/1056637
marianne-michael--wann-fangt-denn-endlich-d-musi-an	track	deezer	https://cdn-images.dzcdn.net/images/cover/cb721cc410b24db9f5aa18aa8aac904b/1000x1000-000000-80-0-0.jpg	Volksmusik-Party mit Marianne & Michael		https://www.deezer.com/track/3801543532
mariah-carey--thank-god-i-found-you	track	deezer	https://cdn-images.dzcdn.net/images/cover/f90495128acbb4808b6fe43ef12a3912/1000x1000-000000-80-0-0.jpg	Rainbow	1999	https://www.deezer.com/track/626214
mariah-carey--my-all	track	deezer-album	https://cdn-images.dzcdn.net/images/cover/cd2b6f316d1a213e1b3dc27934f7d48a/1000x1000-000000-80-0-0.jpg	Butterfly	1997	https://www.deezer.com/album/1398657
mariah-carey--without-you	track	deezer-album	https://cdn-images.dzcdn.net/images/cover/608dcac5f547cd39e1caa441e64f33e8/1000x1000-000000-80-0-0.jpg	#1 to Infinity		https://www.deezer.com/album/10177072
marilyn-manson--the-beautiful-people	track	deezer	https://cdn-images.dzcdn.net/images/cover/821c89c0e9e399c8a91027f6b019142a/1000x1000-000000-80-0-0.jpg	Antichrist Superstar		https://www.deezer.com/track/87938845
mark-oh--love-song	track	deezer	https://cdn-images.dzcdn.net/images/cover/c644ac707207aed51169db73458c2c80/1000x1000-000000-80-0-0.jpg	Never Stop That Feeling		https://www.deezer.com/track/61016474
marilyn-manson--sweet-dreams-hell-outro	track	deezer	https://cdn-images.dzcdn.net/images/cover/4424a78be42113195fe949f327ccb56d/1000x1000-000000-80-0-0.jpg	The Last Tour On Earth	1999	https://www.deezer.com/track/3051570
mark-oh--tears-don-t-lie	track	deezer	https://cdn-images.dzcdn.net/images/cover/c698806c84f03cc4d868c9646d80283f/1000x1000-000000-80-0-0.jpg	90s Charthits		https://www.deezer.com/track/364519231
marillion--kayleigh	track	deezer-album	https://cdn-images.dzcdn.net/images/cover/a1398c2e46ac5dc91e08270898a21de4/1000x1000-000000-80-0-0.jpg	Misplaced Childhood (2017 Remaster)	1985	https://www.deezer.com/album/51780972
marillion--no-one-can	track	deezer-album	https://cdn-images.dzcdn.net/images/cover/a173ec412dfed52b8bce99b6f114142b/1000x1000-000000-80-0-0.jpg	A Singles Collection 1982-1992: Six of One, Half-Dozen of the Other	1992	https://www.deezer.com/album/318870
marvin-hamlisch--the-entertainer	track	deezer	https://cdn-images.dzcdn.net/images/cover/50ea16f21347847c3e2504f734b97395/1000x1000-000000-80-0-0.jpg	The Sting	1998	https://www.deezer.com/track/1097447
marley-bob--jammin	track	deezer	https://cdn-images.dzcdn.net/images/cover/5a959a324496a58396ea653e605a1377/1000x1000-000000-80-0-0.jpg	Chant Down Babylon	1999	https://www.deezer.com/track/2232656
mary-j-blige--seven-days	track	deezer	https://cdn-images.dzcdn.net/images/cover/fea6e924e5f3047318eb8c8dba900b79/1000x1000-000000-80-0-0.jpg	Share My World	1997	https://www.deezer.com/track/90265821
masini--l-amore-sia-con-te	track	deezer	https://cdn-images.dzcdn.net/images/cover/1a8a1f628ce2e03646407eb66f7efa06/1000x1000-000000-80-0-0.jpg	L'Amore Sia Con Te	1997	https://www.deezer.com/track/1051417
tears-for-fears--everybody-wants-to-rule-the-world	artist	deezer-artist	https://cdn-images.dzcdn.net/images/artist/4c802732227999ca78fdb5c8d76eae50/1000x1000-000000-80-0-0.jpg			https://www.deezer.com/artist/1192
masini--raccontami-di-te	track	deezer	https://cdn-images.dzcdn.net/images/cover/301822fe95d15b0e3dee6c673da30804/1000x1000-000000-80-0-0.jpg	Raccontami di te		https://www.deezer.com/track/971294
mary-hopkins--those-were-the-days	track	deezer	https://cdn-images.dzcdn.net/images/cover/ef9d0f468d54bc375f43c5e083de50b7/1000x1000-000000-80-0-0.jpg	Those Were the Days 2018		https://www.deezer.com/track/545605892
masini--caro-babbo	track	deezer	https://cdn-images.dzcdn.net/images/cover/b7cd7379df0045088e1c4e8e0181bfd5/1000x1000-000000-80-0-0.jpg	La mia storia piano e voce		https://www.deezer.com/track/1594634891
masini--ti-vorrei	track	deezer	https://cdn-images.dzcdn.net/images/cover/6170d43964e7e4752453010d6d4ad4f8/1000x1000-000000-80-0-0.jpg	Collezione		https://www.deezer.com/track/971673
mason-williams--classical-gas	track	deezer	https://cdn-images.dzcdn.net/images/cover/c17c9680b2bbc0335425efb63cd9ec7f/1000x1000-000000-80-0-0.jpg	The Mason Williams Phonographic Record		https://www.deezer.com/track/10559967
matia-bazar--brivido-caldo	track	deezer	https://cdn-images.dzcdn.net/images/cover/c96e5059118ebf4a6f2fbafd4175ef3a/1000x1000-000000-80-0-0.jpg	Brivido Caldo		https://www.deezer.com/track/595663072
matia-bazar--c-e-tutto-un-mondo-intorno	track	deezer	https://cdn-images.dzcdn.net/images/cover/88b5f7de9804c53070cd48648b91da4e/1000x1000-000000-80-0-0.jpg	Tournée (1991 Remaster)	1991	https://www.deezer.com/track/11222262
matia-bazar--vacanze-romane	track	deezer	https://cdn-images.dzcdn.net/images/cover/6ad3df8dbd4f93f3b2a6c7ecdd55a65e/1000x1000-000000-80-0-0.jpg	Tango (1991 - Remaster)		https://www.deezer.com/track/11222285
matthew-wilder--break-my-stride	track	deezer	https://cdn-images.dzcdn.net/images/cover/2f3701dfb1ff6b4d93e303b2e71a1a2f/1000x1000-000000-80-0-0.jpg	I Don't Speak The Language		https://www.deezer.com/track/5503498
mc-hammer--can-t-touch-this	track	deezer-album	https://cdn-images.dzcdn.net/images/cover/3558d89040fc95f8978c67b09aa2d16b/1000x1000-000000-80-0-0.jpg	Please Hammer Don't Hurt 'Em	1990	https://www.deezer.com/album/299301
mccartney--mull-of-kintyre	track	musicbrainz	https://coverartarchive.org/release-group/fa174a7f-cbe4-31f0-b441-72be19e5d6a9/front-500	Wings Greatest		https://musicbrainz.org/release/107effb7-416a-433a-9ce1-7cb976e8fd9c
mccartney--hope-of-deliverance	track	deezer	https://cdn-images.dzcdn.net/images/cover/87c3d6b2e71fa02fbd26ffff59f84035/1000x1000-000000-80-0-0.jpg	Off The Ground	1993	https://www.deezer.com/track/10176186
mccartney--band-on-the-run	track	deezer	https://cdn-images.dzcdn.net/images/cover/d3d46f426c75362741fff61a238abcc9/1000x1000-000000-80-0-0.jpg	Band On The Run		https://www.deezer.com/track/7340163
mccartney--ebony-and-ivory	track	deezer	https://cdn-images.dzcdn.net/images/cover/e55b667aeba377649885320b499f6113/1000x1000-000000-80-0-0.jpg	All The Best (UK Version)		https://www.deezer.com/track/5664754
matt-bianco--half-a-minute	track	deezer	https://cdn-images.dzcdn.net/images/cover/0dd8f38c0797441ccc570b2ac92501bd/1000x1000-000000-80-0-0.jpg	The Best Of Matt Bianco	1990	https://www.deezer.com/track/759020
mccartney--pipes-of-peace	track	deezer	https://cdn-images.dzcdn.net/images/cover/692c6826b26881bdac2c49add58d6801/1000x1000-000000-80-0-0.jpg	Pipes Of Peace (Remastered 2015)	1983	https://www.deezer.com/track/107768558
mccartney--no-more-lonely-nights	track	deezer	https://cdn-images.dzcdn.net/images/cover/5a55ebc14aa40a819c1a571234c6f188/1000x1000-000000-80-0-0.jpg	Give My Regards To Broad Street		https://www.deezer.com/track/13659554
mccartney--rock-show	track	deezer	https://cdn-images.dzcdn.net/images/cover/3942f89454f79d3a94c5b9395151d239/1000x1000-000000-80-0-0.jpg	Venus And Mars		https://www.deezer.com/track/88374509
mccoys--hang-on-sloopy	track	deezer	https://cdn-images.dzcdn.net/images/cover/8f1e676bac1cfd5917a81e125b49ae0d/1000x1000-000000-80-0-0.jpg	Hang on Sloopy		https://www.deezer.com/track/109700280
melissa-etheridge--come-to-my-window	track	deezer	https://cdn-images.dzcdn.net/images/cover/b73e0d4e32b14a307e53ee6c3aae45dd/1000x1000-000000-80-0-0.jpg	Yes I Am	1993	https://www.deezer.com/track/1181050
men-at-work--who-can-it-be-now	track	deezer	https://cdn-images.dzcdn.net/images/cover/d2b29dc2818c950c42bcdc221dcf9f0b/1000x1000-000000-80-0-0.jpg	Business As Usual	1981	https://www.deezer.com/track/72191377
metallica--ain-t-my-bitch	track	deezer	https://cdn-images.dzcdn.net/images/cover/836a8c66bb7337ba74c71e9549bccf63/1000x1000-000000-80-0-0.jpg	Load (Remastered)	1996	https://www.deezer.com/track/3407648301
meat-loaf--i-would-do-anything-for-love	track	deezer	https://cdn-images.dzcdn.net/images/cover/b756a9a509d0c3e15d8919b57e6cb4ff/1000x1000-000000-80-0-0.jpg	Bat Out Of Hell II: Back Into Hell...		https://www.deezer.com/track/3166759
metallica--and-justice-for-all	track	deezer	https://cdn-images.dzcdn.net/images/cover/ce293de53f905a3ce444062ec5242d53/1000x1000-000000-80-0-0.jpg	…And Justice for All (Remastered)		https://www.deezer.com/track/575867542
metallica--damage-inc	track	deezer	https://cdn-images.dzcdn.net/images/cover/291e2af9295ca885b154eee75dfa0432/1000x1000-000000-80-0-0.jpg	Master Of Puppets (Remastered)	1986	https://www.deezer.com/track/424565292
metallica--for-whom-the-bell-tolls	track	deezer	https://cdn-images.dzcdn.net/images/cover/6d5f397660c6ec7a445f386edac05b9e/1000x1000-000000-80-0-0.jpg	Ride The Lightning (Remastered)		https://www.deezer.com/track/136338504
metallica--fuel	track	deezer	https://cdn-images.dzcdn.net/images/cover/5bfc696a447f419d14b94ad348c2d91c/1000x1000-000000-80-0-0.jpg	Reload	1997	https://www.deezer.com/track/2114514
metallica--bleeding-me	track	deezer	https://cdn-images.dzcdn.net/images/cover/836a8c66bb7337ba74c71e9549bccf63/1000x1000-000000-80-0-0.jpg	Load (Remastered Deluxe Box Set)		https://www.deezer.com/track/3407660561
metallica--holier-than-thou	track	deezer	https://cdn-images.dzcdn.net/images/cover/4f2093c9d25852c8f1937ae5a47b99a6/1000x1000-000000-80-0-0.jpg	Metallica (Remastered 2021)	1991	https://www.deezer.com/track/1483825232
metallica--am-i-evil	track	deezer	https://cdn-images.dzcdn.net/images/cover/d6b738c64650ac1d5b73ca476b9198d3/1000x1000-000000-80-0-0.jpg	Garage Inc.		https://www.deezer.com/track/2114578
metallica--jump-in-the-fire	track	deezer	https://cdn-images.dzcdn.net/images/cover/f6d4ff72804ee17684a9b7b79a906898/1000x1000-000000-80-0-0.jpg	Kill 'Em All (Remastered)		https://www.deezer.com/track/136332692
metallica--harvester-of-sorrow	track	deezer	https://cdn-images.dzcdn.net/images/cover/ce293de53f905a3ce444062ec5242d53/1000x1000-000000-80-0-0.jpg	…And Justice for All (Remastered)		https://www.deezer.com/track/575867592
metallica--low-man-s-lyric	track	deezer	https://cdn-images.dzcdn.net/images/cover/5bfc696a447f419d14b94ad348c2d91c/1000x1000-000000-80-0-0.jpg	Reload	1997	https://www.deezer.com/track/2114524
metallica--mama-said	track	deezer	https://cdn-images.dzcdn.net/images/cover/836a8c66bb7337ba74c71e9549bccf63/1000x1000-000000-80-0-0.jpg	Load (Remastered Deluxe Box Set)		https://www.deezer.com/track/3407660601
metallica--king-nothing	track	deezer	https://cdn-images.dzcdn.net/images/cover/836a8c66bb7337ba74c71e9549bccf63/1000x1000-000000-80-0-0.jpg	Load (Remastered Deluxe Box Set)		https://www.deezer.com/track/3407660541
metallica--sad-but-true	track	deezer	https://cdn-images.dzcdn.net/images/cover/4f2093c9d25852c8f1937ae5a47b99a6/1000x1000-000000-80-0-0.jpg	Metallica (Remastered 2021)	1991	https://www.deezer.com/track/1483825222
metallica--the-four-horsemen	track	deezer	https://cdn-images.dzcdn.net/images/cover/f6d4ff72804ee17684a9b7b79a906898/1000x1000-000000-80-0-0.jpg	Kill 'Em All (Remastered)		https://www.deezer.com/track/136332688
metallica--the-god-that-failed	track	deezer	https://cdn-images.dzcdn.net/images/cover/4f2093c9d25852c8f1937ae5a47b99a6/1000x1000-000000-80-0-0.jpg	Metallica (Remastered 2021)	1991	https://www.deezer.com/track/1483825302
metallica--through-the-never	track	deezer	https://cdn-images.dzcdn.net/images/cover/4f2093c9d25852c8f1937ae5a47b99a6/1000x1000-000000-80-0-0.jpg	Metallica (Remastered 2021)	1991	https://www.deezer.com/track/1483825272
metallica--pulling-teeth	track	deezer-album	https://cdn-images.dzcdn.net/images/cover/f6d4ff72804ee17684a9b7b79a906898/1000x1000-000000-80-0-0.jpg	Kill 'Em All (Remastered)		https://www.deezer.com/album/14581190
metallica--whiskey-in-the-jar	track	deezer	https://cdn-images.dzcdn.net/images/cover/d6b738c64650ac1d5b73ca476b9198d3/1000x1000-000000-80-0-0.jpg	Garage Inc.		https://www.deezer.com/track/2114570
metallica--whiplash	track	deezer	https://cdn-images.dzcdn.net/images/cover/f6d4ff72804ee17684a9b7b79a906898/1000x1000-000000-80-0-0.jpg	Kill 'Em All (Remastered)		https://www.deezer.com/track/136332696
metallica--until-it-sleeps	track	deezer	https://cdn-images.dzcdn.net/images/cover/836a8c66bb7337ba74c71e9549bccf63/1000x1000-000000-80-0-0.jpg	Load (Remastered Deluxe Box Set)		https://www.deezer.com/track/3407660531
miami-sound-machine--conga	track	deezer-album	https://cdn-images.dzcdn.net/images/cover/1a37401df074dcdf5bfd8ca1be70532c/1000x1000-000000-80-0-0.jpg	Primitive Love	1986	https://www.deezer.com/album/1400225
michael-bolton--love-is-a-wonderful-thing	track	deezer	https://cdn-images.dzcdn.net/images/cover/ab4524f8686338072885d73ad40c1221/1000x1000-000000-80-0-0.jpg	Time, Love & Tenderness	1991	https://www.deezer.com/track/15176128
michael-george--don-t-let-the-sun-go-down-on-me	track	deezer	https://cdn-images.dzcdn.net/images/cover/4c9fd7e1257024bff5be2a795fc7e5ca/1000x1000-000000-80-0-0.jpg	Ladies & Gentlemen		https://www.deezer.com/track/10392073
michele-zarrillo--il-sopravvento	track	deezer	https://cdn-images.dzcdn.net/images/cover/3a302867ad8b77d1f8a7621ad8e405be/1000x1000-000000-80-0-0.jpg	Come Uomo Tra Gli Uomini	1997	https://www.deezer.com/track/2455280
michael-george--fast-love	track	musicbrainz	https://coverartarchive.org/release-group/1f41e186-59f6-334f-93b9-65cc45cba80d/front-500	Fastlove	1996	https://musicbrainz.org/release/207782ee-22e7-4b5d-bd98-0a643df215cc
michel-delpech--pour-un-flirt	track	deezer	https://cdn-images.dzcdn.net/images/cover/02157047ccf4fe68b5ffb08cdf590789/1000x1000-000000-80-0-0.jpg	Album De Duos		https://www.deezer.com/track/1572095
michele-zarrillo--non-arriveranno-i-nostri	track	deezer	https://cdn-images.dzcdn.net/images/cover/94132dc3bb2cc9213238e617850df61b/1000x1000-000000-80-0-0.jpg	L'Elefante E La Farfalla	1996	https://www.deezer.com/track/2467369
michael-george--too-funky	track	deezer-album	https://cdn-images.dzcdn.net/images/cover/f22e9e677a2666ba890f0b3bab808e71/1000x1000-000000-80-0-0.jpg	Twenty Five		https://www.deezer.com/album/1443383
xxxtentacion--sad	artist	deezer-artist	https://cdn-images.dzcdn.net/images/artist/62e6edfaf5461eeb5b7310903229607a/1000x1000-000000-80-0-0.jpg			https://www.deezer.com/artist/9822974
michele-zarrillo--ragazza-d-argento	track	deezer	https://cdn-images.dzcdn.net/images/cover/52a1fc21f8663422a7d9bf711ed8c108/1000x1000-000000-80-0-0.jpg	Nel tempo e nell'amore		https://www.deezer.com/track/97949804
michael-george--freedom-90	track	deezer	https://cdn-images.dzcdn.net/images/cover/4c9fd7e1257024bff5be2a795fc7e5ca/1000x1000-000000-80-0-0.jpg	Ladies & Gentlemen		https://www.deezer.com/track/10392088
michele-zarrillo--una-rosa-blu	track	deezer	https://cdn-images.dzcdn.net/images/cover/4049fd8f6dad350c7eb18ecab4a392bc/1000x1000-000000-80-0-0.jpg	Una Rosa Blu	1998	https://www.deezer.com/track/2323077
middle-of-the-road--chirpy-chirpy-cheep-cheep	track	deezer	https://cdn-images.dzcdn.net/images/cover/7bd71a921248727fbec1722acf6febfe/1000x1000-000000-80-0-0.jpg	Rock Masters: Chirpy Chirpy Cheep Cheep		https://www.deezer.com/track/5720635
middle-of-the-road--sacramento	track	deezer	https://cdn-images.dzcdn.net/images/cover/7bd71a921248727fbec1722acf6febfe/1000x1000-000000-80-0-0.jpg	Rock Masters: Chirpy Chirpy Cheep Cheep		https://www.deezer.com/track/5720638
mike-the-mechanics--living-years	track	deezer	https://cdn-images.dzcdn.net/images/cover/6baaba76f9676c9fcbac590258233ab2/1000x1000-000000-80-0-0.jpg	Out Of The Blue		https://www.deezer.com/track/2598565352
mike-the-mechanics--word-of-mouth	track	deezer	https://cdn-images.dzcdn.net/images/cover/8f7b8a1479454d94b83c5bfb0efa2ce0/1000x1000-000000-80-0-0.jpg	Word of Mouth		https://www.deezer.com/track/89591905
mina--amor-mio	track	deezer	https://cdn-images.dzcdn.net/images/cover/71ee51ae24f911acedf0046fd526236f/1000x1000-000000-80-0-0.jpg	Del Mio Meglio Boxset		https://www.deezer.com/track/9910769
miller--a-string-of-pearls	track	deezer	https://cdn-images.dzcdn.net/images/cover/a72d1ce8132cdee3508948d06745eaec/1000x1000-000000-80-0-0.jpg	Forever		https://www.deezer.com/track/1181953582
mina--chiedimi-tutto	track	deezer	https://cdn-images.dzcdn.net/images/cover/31ba86d6128e9cf5c2e29a36f48380ff/1000x1000-000000-80-0-0.jpg	Pappa Di Latte Vol. 2		https://www.deezer.com/track/15262533
mina--joana-francesa	track	deezer	https://cdn-images.dzcdn.net/images/cover/9d48b613ac4d72a08119992d7e41d12e/1000x1000-000000-80-0-0.jpg	Lochness Vol. 1 & 2 (Remaster)	1993	https://www.deezer.com/track/2669284482
miller--american-patrol	track	deezer	https://cdn-images.dzcdn.net/images/cover/5f206b39540ed9bc47adf835eb22ffa4/1000x1000-000000-80-0-0.jpg	Glenn Miller  'in The  Movies'		https://www.deezer.com/track/4002859
mina--e-se-domani	track	deezer	https://cdn-images.dzcdn.net/images/cover/017be66df7b00546dca3950bd2469186/1000x1000-000000-80-0-0.jpg	Mina		https://www.deezer.com/track/523540682
mina--grande-grande-grande	track	deezer	https://cdn-images.dzcdn.net/images/cover/71ee51ae24f911acedf0046fd526236f/1000x1000-000000-80-0-0.jpg	Del Mio Meglio Boxset		https://www.deezer.com/track/9910764
mina--rose-su-rose	track	deezer	https://cdn-images.dzcdn.net/images/cover/363225967c9bc42aff97107c98513e8b/1000x1000-000000-80-0-0.jpg	Catene (Remaster)	1984	https://www.deezer.com/track/2669219762
mina--l-importante-e-finire	track	deezer	https://cdn-images.dzcdn.net/images/cover/71ee51ae24f911acedf0046fd526236f/1000x1000-000000-80-0-0.jpg	Del Mio Meglio Boxset		https://www.deezer.com/track/9910790
mina--torno-venerdi	track	deezer	https://cdn-images.dzcdn.net/images/cover/31ba86d6128e9cf5c2e29a36f48380ff/1000x1000-000000-80-0-0.jpg	Pappa Di Latte Vol. 2		https://www.deezer.com/track/15262540
mina--volami-nel-cuore	track	deezer	https://cdn-images.dzcdn.net/images/cover/219142e212360c6ce6048e1570e504e2/1000x1000-000000-80-0-0.jpg	Cremona	1998	https://www.deezer.com/track/15249848
mina--the-captain-of-her-heart-every-breath-you-take	track	deezer	https://cdn-images.dzcdn.net/images/cover/2c7c05a1b112991fb5a49e7cd8b8713e/1000x1000-000000-80-0-0.jpg	Pappa Di Latte Vol. 1	1998	https://www.deezer.com/track/15019074
mina--non-credere	track	deezer	https://cdn-images.dzcdn.net/images/cover/71ee51ae24f911acedf0046fd526236f/1000x1000-000000-80-0-0.jpg	Del Mio Meglio Boxset		https://www.deezer.com/track/9910759
mina--parole-parole	track	deezer	https://cdn-images.dzcdn.net/images/cover/71ee51ae24f911acedf0046fd526236f/1000x1000-000000-80-0-0.jpg	Del Mio Meglio Boxset		https://www.deezer.com/track/9910761
mina--una-zebra-a-pois	track	deezer	https://cdn-images.dzcdn.net/images/cover/bf3b60fb5d954ce56c2a717958fb352f/1000x1000-000000-80-0-0.jpg	Una Zebra a Pois		https://www.deezer.com/track/2682182762
moby--moby-dick	track	musicbrainz	https://coverartarchive.org/release-group/c18c9b90-6e79-4a8c-9a7d-1a6879da1d4a/front-500	Kreni!	1994	https://musicbrainz.org/release/8faa8a30-a3d7-4077-adda-e2e750ba3aa5
mo-do--eins-zwei-polizei	track	deezer	https://cdn-images.dzcdn.net/images/cover/9d4204a5a92b85e1527a49100b82b663/1000x1000-000000-80-0-0.jpg	Was Ist Das?	1995	https://www.deezer.com/track/2953029721
morandi--c-era-un-ragazzo	track	musicbrainz	https://coverartarchive.org/release-group/2d5d209e-93cf-4e05-a4c9-f1ee1c71e0db/front-500	Grazie a tutti il concerto (Live)	2009	https://musicbrainz.org/release/85d836b9-3450-45b6-b2a8-0ce9f5d0f6cf
moby--god-moving-over-the-face-of-the-waters	track	deezer	https://cdn-images.dzcdn.net/images/cover/42f5b8813d10078be529d1d2c873d423/1000x1000-000000-80-0-0.jpg	Everything Is Wrong		https://www.deezer.com/track/3786206392
morandi--banane-e-lamponi	track	deezer	https://cdn-images.dzcdn.net/images/cover/d6a28fce0a0d01a24e1e4f81b9d4e677/1000x1000-000000-80-0-0.jpg	Basi musicali - Gianni Morandi		https://www.deezer.com/track/419748282
morandi--dove-va-a-finire-il-mio-affetto	track	musicbrainz	https://coverartarchive.org/release-group/5e0b8cee-20c3-3b03-85ad-1d36ae8138ee/front-500	Celeste azzurro e blu	1997	https://musicbrainz.org/release/901d1669-82a9-41bf-8b5a-a17a7c13653d
mocedades--eres-tu	track	deezer	https://cdn-images.dzcdn.net/images/cover/c59403752804bb162f7ff625f7988053/1000x1000-000000-80-0-0.jpg	Eres Tú		https://www.deezer.com/track/2116116777
monty-python--always-look-on-the-bright-side-of-life	track	deezer-album	https://cdn-images.dzcdn.net/images/cover/5be72a062918a9cf4e3473c5d11f38c0/1000x1000-000000-80-0-0.jpg	Monty Python Sings	1992	https://www.deezer.com/album/301510
morandi--andavo-a-cento-all-ora	track	deezer	https://cdn-images.dzcdn.net/images/cover/f1ac219074eb703c605153731c093189/1000x1000-000000-80-0-0.jpg	Gianni Morandi		https://www.deezer.com/track/1021659
mr-president--co-co-jamboo	artist	deezer-artist	https://cdn-images.dzcdn.net/images/artist/d654d66921e0e197a6c5c799fb64e93d/1000x1000-000000-80-0-0.jpg			
morandi--c-era-un-ragazzo-che-come-me-amava-i-beatles-e-i-rolling-sto	track	deezer	https://cdn-images.dzcdn.net/images/cover/f1372879fa9559ce8b7f110c209f1c15/1000x1000-000000-80-0-0.jpg	Gli Anni 60		https://www.deezer.com/track/1019623
coolio--gangsta-s-paradise	none	placeholder				
modern-talking--you-can-win-if-you-want	track	deezer-album	https://cdn-images.dzcdn.net/images/cover/1e7140659168356676bb673b6012f9be/1000x1000-000000-80-0-0.jpg	The First Album	1988	https://www.deezer.com/album/116838
mr-president--i-give-you-my-heart	track	deezer	https://cdn-images.dzcdn.net/images/cover/6dbbea4e3a10a91717e4ab0f45914d62/1000x1000-000000-80-0-0.jpg	We See The Same Sun	1996	https://www.deezer.com/track/3843390611
morandi--in-ginocchio-da-te	track	deezer	https://cdn-images.dzcdn.net/images/cover/bc4c41defa1084844aeccade0dd7485a/1000x1000-000000-80-0-0.jpg	Gianni Morandi 1964		https://www.deezer.com/track/92734042
creedence-clearwater-revival--have-you-ever-seen-the-rain	artist	deezer-artist	https://cdn-images.dzcdn.net/images/artist/3854c0eca16431e26987bf515f83d364/1000x1000-000000-80-0-0.jpg			https://www.deezer.com/artist/2468
morandi--occhi-di-ragazza	track	deezer	https://cdn-images.dzcdn.net/images/cover/db87e02db8ab6be4025f29e0c0bb9d2e/1000x1000-000000-80-0-0.jpg	Morandi In Teatro	1988	https://www.deezer.com/track/1061809
mosch--egerland-heimatland	track	deezer	https://cdn-images.dzcdn.net/images/cover/e899d578aac30e94932e329c3df3ce3e/1000x1000-000000-80-0-0.jpg	Goldene Schallplatte für die Egerländer (Original Album 1960)		https://www.deezer.com/track/423849382
mouskouri-nana--weisse-rosen-aus-athen	track	deezer	https://cdn-images.dzcdn.net/images/cover/26dda8e0b1aab4ce818945ad42ba976d/1000x1000-000000-80-0-0.jpg	Nana Mouskouri - Weisse Rosen aus Athen		https://www.deezer.com/track/28332551
nakatomi--children-of-the-night	track	deezer	https://cdn-images.dzcdn.net/images/cover/4a08da51413ac6ec12f8938b7edd90f0/1000x1000-000000-80-0-0.jpg	Children Of The Night		https://www.deezer.com/track/1802255257
mylene-farmer--pourvu-qu-elles-soient-douces	track	deezer	https://cdn-images.dzcdn.net/images/cover/b79d15b565205afb8540ab5638f22353/1000x1000-000000-80-0-0.jpg	Ainsi Soit Je		https://www.deezer.com/track/7313318
nat-king-cole--unforgetable	track	musicbrainz	https://coverartarchive.org/release-group/9d89bead-4374-43c0-aeb2-71de41771fc2/front-500	Nat King Cole		https://musicbrainz.org/release/2f7a0d90-9497-4d90-a129-992ed79b5feb
mud--oh-boy	track	deezer	https://cdn-images.dzcdn.net/images/cover/8eefa0cc91503c12d645670b0ef2e262/1000x1000-000000-80-0-0.jpg	Greatest Hits		https://www.deezer.com/track/3102887
nat-king-cole--christmas-song	track	deezer	https://cdn-images.dzcdn.net/images/cover/ad4d23c0dfec21890ad50cceb913dcb6/1000x1000-000000-80-0-0.jpg	The Christmas Song		https://www.deezer.com/track/4228126
natalie-cole--pink-cadillac	track	deezer	https://cdn-images.dzcdn.net/images/cover/3a878e3940f36dd1a652c126a5bf67ac/1000x1000-000000-80-0-0.jpg	Everlasting	1991	https://www.deezer.com/track/1444385902
nat-king-cole--route-66	track	deezer	https://cdn-images.dzcdn.net/images/cover/a167769d33fb77ea4da3e16d957c0cde/1000x1000-000000-80-0-0.jpg	The World Of Nat King Cole (Expanded Edition)		https://www.deezer.com/track/3095146
natalie-imbruglia--wishing-i-was-there	track	deezer-album	https://cdn-images.dzcdn.net/images/cover/62f49979daf12319e406af9389e9c487/1000x1000-000000-80-0-0.jpg	Left Of The Middle	1997	https://www.deezer.com/album/110117
neil-diamond--forever-in-blue-jeans	track	deezer	https://cdn-images.dzcdn.net/images/cover/483ca3903f31aa0e10bc2f2e7efd7367/1000x1000-000000-80-0-0.jpg	You Don't Bring Me Flowers		https://www.deezer.com/track/79835508
neil-diamond--i-am-i-said	track	deezer	https://cdn-images.dzcdn.net/images/cover/cc30401f67ed6c4fe62dff06477af704/1000x1000-000000-80-0-0.jpg	Stones		https://www.deezer.com/track/788640342
neil-diamond--longfellow-serenade	track	deezer	https://cdn-images.dzcdn.net/images/cover/e1bd65dcac11117af61f0457b5528cba/1000x1000-000000-80-0-0.jpg	Serenade		https://www.deezer.com/track/79835434
neil-diamond--september-morn	track	deezer	https://cdn-images.dzcdn.net/images/cover/0d1fb955f55411b3d41b1901279cfefe/1000x1000-000000-80-0-0.jpg	September Morn		https://www.deezer.com/track/79835460
nek--basta-uno-sguardo	track	deezer	https://cdn-images.dzcdn.net/images/cover/fac773e07280c62b58d8e6a08b7bd327/1000x1000-000000-80-0-0.jpg	In due	1998	https://www.deezer.com/track/696990
neil-diamond--holly-holy	track	musicbrainz	https://coverartarchive.org/release-group/dfb9390a-bc6d-38cd-844d-ca04812ed4de/front-500	Touching You, Touching Me	1969	https://musicbrainz.org/release/a2baf302-091e-4616-b6d6-aedeccf41960
neil-diamond--play-me	track	deezer-album	https://cdn-images.dzcdn.net/images/cover/74b182823590b2d1b0cf9e48c29d03df/1000x1000-000000-80-0-0.jpg	Not Sweet Caroline		https://www.deezer.com/album/542665792
neil-young--cinnamon-girl	track	deezer	https://cdn-images.dzcdn.net/images/cover/6af7b46a13ccb3e29a4d5889de6d6b73/1000x1000-000000-80-0-0.jpg	Everybody Knows This Is Nowhere	1977	https://www.deezer.com/track/3824084
nek--in-te	track	deezer	https://cdn-images.dzcdn.net/images/cover/712036bde355083bdf43322e0af477dc/1000x1000-000000-80-0-0.jpg	In te	1999	https://www.deezer.com/track/3882376
nek--se-una-regola-c-e	track	deezer	https://cdn-images.dzcdn.net/images/cover/41245901d699d35f5b50936beb0cf55b/1000x1000-000000-80-0-0.jpg	Nek The Best of: L'anno zero		https://www.deezer.com/track/683856
nek--sei-grande	track	deezer	https://cdn-images.dzcdn.net/images/cover/929e080af546f7a914a5b1ab43b7eb9f/1000x1000-000000-80-0-0.jpg	5030		https://www.deezer.com/track/1996859237
nek--laura-no-esta	track	musicbrainz	https://coverartarchive.org/release-group/d27a7e4b-8cfb-4966-8c0e-1f299f409638/front-500	Nek		https://musicbrainz.org/release/5694176e-7907-4d8f-891a-d82aef70c709
nek--tu-sei-tu-sai	track	deezer	https://cdn-images.dzcdn.net/images/cover/41245901d699d35f5b50936beb0cf55b/1000x1000-000000-80-0-0.jpg	Nek The Best of: L'anno zero		https://www.deezer.com/track/683843
new-kids-on-the-block--you-got-it	track	deezer	https://cdn-images.dzcdn.net/images/cover/8eaaaf428454f1b647f3b5ed5648bbe1/1000x1000-000000-80-0-0.jpg	Hangin' Tough (30th Anniversary)		https://www.deezer.com/track/605026522
new-order--bizarre-love-triangle	track	deezer	https://cdn-images.dzcdn.net/images/cover/de9f344c076cf9c44d6f5a7572cdd5cd/1000x1000-000000-80-0-0.jpg	Brotherhood (Collector's Edition)		https://www.deezer.com/track/2481156
nightcrawlers--push-the-feeling-on	track	deezer	https://cdn-images.dzcdn.net/images/cover/fb55aa722fdd04e6d3f1d248c0f284e4/1000x1000-000000-80-0-0.jpg	Push The Feeling On		https://www.deezer.com/track/69892019
nina-simone--my-baby-just-cares-for-me	track	deezer	https://cdn-images.dzcdn.net/images/cover/0352ab9d0381f916ac8c4629133a22fd/1000x1000-000000-80-0-0.jpg	My Baby Just Cares for Me		https://www.deezer.com/track/2789439
nine-inch-nails--down-in-it	track	deezer	https://cdn-images.dzcdn.net/images/cover/f638af829a1e638ffc491d20ef95f68b/1000x1000-000000-80-0-0.jpg	Pretty Hate Machine	1989	https://www.deezer.com/track/384093731
nine-inch-nails--burn	track	deezer	https://cdn-images.dzcdn.net/images/cover/4b33dd72a103a8fda67222178d57e1b2/1000x1000-000000-80-0-0.jpg	The Downward Spiral (Deluxe Edition)		https://www.deezer.com/track/533630982
nine-inch-nails--last	track	deezer	https://cdn-images.dzcdn.net/images/cover/253deaa09fe7e5ee4647eda3ae9ba735/1000x1000-000000-80-0-0.jpg	Broken		https://www.deezer.com/track/87407077
nine-inch-nails--head-like-a-hole	track	deezer	https://cdn-images.dzcdn.net/images/cover/08ca89d7c27d75d5c7927b2d8681a714/1000x1000-000000-80-0-0.jpg	Pretty Hate Machine (Remastered)		https://www.deezer.com/track/384667091
nine-inch-nails--dead-souls	track	deezer-album	https://cdn-images.dzcdn.net/images/cover/4b33dd72a103a8fda67222178d57e1b2/1000x1000-000000-80-0-0.jpg	The Downward Spiral (Deluxe Edition)		https://www.deezer.com/album/69322632
nine-inch-nails--march-of-the-pigs	track	deezer	https://cdn-images.dzcdn.net/images/cover/89d401ea7aecb97639fa86c81213de51/1000x1000-000000-80-0-0.jpg	The Downward Spiral	1994	https://www.deezer.com/track/1173959
nine-inch-nails--piggy	track	deezer	https://cdn-images.dzcdn.net/images/cover/89d401ea7aecb97639fa86c81213de51/1000x1000-000000-80-0-0.jpg	The Downward Spiral	1994	https://www.deezer.com/track/1173957
nine-inch-nails--ruiner	track	deezer	https://cdn-images.dzcdn.net/images/cover/89d401ea7aecb97639fa86c81213de51/1000x1000-000000-80-0-0.jpg	The Downward Spiral	1994	https://www.deezer.com/track/1173961
nine-inch-nails--that-s-what-i-get	track	deezer	https://cdn-images.dzcdn.net/images/cover/f638af829a1e638ffc491d20ef95f68b/1000x1000-000000-80-0-0.jpg	Pretty Hate Machine	1989	https://www.deezer.com/track/384093781
nine-inch-nails--something-i-can-never-have	track	deezer	https://cdn-images.dzcdn.net/images/cover/08ca89d7c27d75d5c7927b2d8681a714/1000x1000-000000-80-0-0.jpg	Pretty Hate Machine (Remastered)		https://www.deezer.com/track/384667131
nine-inch-nails--the-becoming	track	deezer	https://cdn-images.dzcdn.net/images/cover/89d401ea7aecb97639fa86c81213de51/1000x1000-000000-80-0-0.jpg	The Downward Spiral	1994	https://www.deezer.com/track/1173962
nine-inch-nails--terrible-lie	track	deezer	https://cdn-images.dzcdn.net/images/cover/08ca89d7c27d75d5c7927b2d8681a714/1000x1000-000000-80-0-0.jpg	Pretty Hate Machine (Remastered)		https://www.deezer.com/track/384667101
nirvana--aero-zeppelin	track	deezer	https://cdn-images.dzcdn.net/images/cover/6ca145561feaf750192c8c5a4eca1b38/1000x1000-000000-80-0-0.jpg	Incesticide		https://www.deezer.com/track/549265752
nine-inch-nails--the-perfect-drug	track	deezer	https://cdn-images.dzcdn.net/images/cover/24177c66cde75f094eae93bb9a6bd2bb/1000x1000-000000-80-0-0.jpg	Lost Highway		https://www.deezer.com/track/549295002
nine-inch-nails--suck	track	deezer	https://cdn-images.dzcdn.net/images/cover/253deaa09fe7e5ee4647eda3ae9ba735/1000x1000-000000-80-0-0.jpg	Broken		https://www.deezer.com/track/87407087
eminem--the-real-slim-shady	track	deezer-album	https://cdn-images.dzcdn.net/images/cover/941c2d3c366affdc662956559e078a4e/1000x1000-000000-80-0-0.jpg	The Marshall Mathers LP		https://www.deezer.com/album/125748
nine-inch-nails--wish	track	deezer	https://cdn-images.dzcdn.net/images/cover/253deaa09fe7e5ee4647eda3ae9ba735/1000x1000-000000-80-0-0.jpg	Broken		https://www.deezer.com/track/87407075
nomadi--ad-est-ad-est	track	deezer	https://cdn-images.dzcdn.net/images/cover/b011ccf32a7daffbc18e283e6d873304/1000x1000-000000-80-0-0.jpg	Contro	1993	https://www.deezer.com/track/768192
nirvana--something-in-the-way	track	deezer	https://cdn-images.dzcdn.net/images/cover/f0282817b697279e56df13909962a54a/1000x1000-000000-80-0-0.jpg	Nevermind (Remastered)		https://www.deezer.com/track/13791941
no-mercy--where-do-you-go	track	deezer	https://cdn-images.dzcdn.net/images/cover/6dad59219cfc99b27832cafe5507f8fa/1000x1000-000000-80-0-0.jpg	My Promise	1996	https://www.deezer.com/track/1044489
nirvana--floyd-the-barber	track	deezer	https://cdn-images.dzcdn.net/images/cover/5c4474eb462a904d3b3e0ac13213e836/1000x1000-000000-80-0-0.jpg	Bleach (Deluxe Edition)	1989	https://www.deezer.com/track/1137168472
nomadi--ala-bianca	track	deezer	https://cdn-images.dzcdn.net/images/cover/0eb0fe44b2f7274c161bc30dd9941829/1000x1000-000000-80-0-0.jpg	Nomadi 50+1		https://www.deezer.com/track/3803544422
nirvana--school	track	deezer	https://cdn-images.dzcdn.net/images/cover/5c4474eb462a904d3b3e0ac13213e836/1000x1000-000000-80-0-0.jpg	Bleach (Deluxe Edition)	1989	https://www.deezer.com/track/1137168492
nirvana--territorial-pissings	track	deezer-album	https://cdn-images.dzcdn.net/images/cover/fb71ce45bc9d3f2cb53977cf18d43b0a/1000x1000-000000-80-0-0.jpg	Nevermind (Deluxe Edition)		https://www.deezer.com/album/1252979
nomadi--dio-e-morto	track	deezer	https://cdn-images.dzcdn.net/images/cover/3d6dca7091e22bd30426a69b39ee01f8/1000x1000-000000-80-0-0.jpg	SOS Con Rabbia E Con Amore	1999	https://www.deezer.com/track/768719
nomadi--auschwitz	track	musicbrainz	https://coverartarchive.org/release-group/910befe6-3eea-48ac-b5fc-faf9dec875b9/front-500	Il sogno di due sedicenni è diventato realtà	2015	https://musicbrainz.org/release/27b42053-0a86-4451-a1d0-bfdb61142c4c
nomadi--guai-se	track	deezer	https://cdn-images.dzcdn.net/images/cover/4165778d37ab098f5e3be248fd356334/1000x1000-000000-80-0-0.jpg	La Settima Onda	1994	https://www.deezer.com/track/762498
nomadi--gli-aironi-neri	track	deezer	https://cdn-images.dzcdn.net/images/cover/615e6b49282f4cd818ece8a0e78896b6/1000x1000-000000-80-0-0.jpg	Gente Come Noi (Remastered Version)	1991	https://www.deezer.com/track/134032042
nomadi--canzone-per-un-amica	track	deezer	https://cdn-images.dzcdn.net/images/cover/bb5f82152df34b5cff077e77ad6d6d01/1000x1000-000000-80-0-0.jpg	Collection: Nomadi		https://www.deezer.com/track/69025840
nomadi--mamma-musica	track	deezer	https://cdn-images.dzcdn.net/images/cover/4832ec620316edf58228174cf6d88724/1000x1000-000000-80-0-0.jpg	Quando Ci Sarai	1996	https://www.deezer.com/track/770867
nomadi--la-settima-onda	track	deezer	https://cdn-images.dzcdn.net/images/cover/4165778d37ab098f5e3be248fd356334/1000x1000-000000-80-0-0.jpg	La Settima Onda	1994	https://www.deezer.com/track/762488
nomadi--stop-the-world	track	deezer	https://cdn-images.dzcdn.net/images/cover/ac51fd45ea1b26572d3051e246b04a2d/1000x1000-000000-80-0-0.jpg	Liberi di volare		https://www.deezer.com/track/688521
nomadi--quando-ci-sarai	track	deezer	https://cdn-images.dzcdn.net/images/cover/4832ec620316edf58228174cf6d88724/1000x1000-000000-80-0-0.jpg	Quando Ci Sarai	1996	https://www.deezer.com/track/770874
nomadi--un-altra-citta	track	deezer	https://cdn-images.dzcdn.net/images/cover/4832ec620316edf58228174cf6d88724/1000x1000-000000-80-0-0.jpg	Quando Ci Sarai	1996	https://www.deezer.com/track/770886
nomadi--ti-lascio-una-parola	track	deezer	https://cdn-images.dzcdn.net/images/cover/1ccc941d368606ffc6c015bb6db3f514/1000x1000-000000-80-0-0.jpg	Una Storia Da Raccontare	1998	https://www.deezer.com/track/755335
nomadi--so-che-mi-perdonerai	track	deezer	https://cdn-images.dzcdn.net/images/cover/773ab4abbe63649664e3ffbfaff828b2/1000x1000-000000-80-0-0.jpg	D'Amore E Altre Storie	1997	https://www.deezer.com/track/3492991
nomadi--voglio-ridere	track	deezer	https://cdn-images.dzcdn.net/images/cover/3d6dca7091e22bd30426a69b39ee01f8/1000x1000-000000-80-0-0.jpg	SOS Con Rabbia E Con Amore	1999	https://www.deezer.com/track/768830
norman-greenbaum--spirit-in-the-sky	track	deezer	https://cdn-images.dzcdn.net/images/cover/cedf0e3dd317191ca8032de90fc714ee/1000x1000-000000-80-0-0.jpg	Spirit In The Sky (Deluxe Edition)		https://www.deezer.com/track/673832662
nomadi--un-giorno-insieme	track	deezer	https://cdn-images.dzcdn.net/images/cover/94e99a99cef15cd90a2df3770947cb5e/1000x1000-000000-80-0-0.jpg	Nomadi 40		https://www.deezer.com/track/14644967
oasis--all-around-the-world	track	deezer	https://cdn-images.dzcdn.net/images/cover/91672e3dc63cfe88532286d18fb14ae6/1000x1000-000000-80-0-0.jpg	Be Here Now		https://www.deezer.com/track/985721212
oasis--champagne-supernova	track	deezer	https://cdn-images.dzcdn.net/images/cover/9fb38b8f280cbbe9ee5fd66621855a8a/1000x1000-000000-80-0-0.jpg	Stop The Clocks		https://www.deezer.com/track/985985942
oasis--do-you-know-what-i-mean	track	deezer	https://cdn-images.dzcdn.net/images/cover/91672e3dc63cfe88532286d18fb14ae6/1000x1000-000000-80-0-0.jpg	Be Here Now		https://www.deezer.com/track/985721122
oberkrainer--auf-der-autobahn	none	placeholder				
oasis--don-t-go-away	track	deezer	https://cdn-images.dzcdn.net/images/cover/91672e3dc63cfe88532286d18fb14ae6/1000x1000-000000-80-0-0.jpg	Be Here Now		https://www.deezer.com/track/985721192
oasis--roll-with-it	track	deezer	https://cdn-images.dzcdn.net/images/cover/ddb062c517401ee74d8a4df6f895d75e/1000x1000-000000-80-0-0.jpg	(What's The Story) Morning Glory?	1995	https://www.deezer.com/track/985745692
oasis--stand-by-me	track	deezer	https://cdn-images.dzcdn.net/images/cover/91672e3dc63cfe88532286d18fb14ae6/1000x1000-000000-80-0-0.jpg	Be Here Now		https://www.deezer.com/track/985721152
ocean-billy--caribbean-queen	track	deezer	https://cdn-images.dzcdn.net/images/cover/6a887eb7d7162ea3fd3f4a3ab3de189f/1000x1000-000000-80-0-0.jpg	Suddenly (Expanded Edition)	1984	https://www.deezer.com/track/13707572
oasis--whatever	track	deezer	https://cdn-images.dzcdn.net/images/cover/0e51f92cce37282970086d1f639fe9e5/1000x1000-000000-80-0-0.jpg	Whatever		https://www.deezer.com/track/985704102
ocean-billy--get-outta-my-dreams-get-into-my-car	track	deezer	https://cdn-images.dzcdn.net/images/cover/54f547121ad051091ade91f35e95a7dc/1000x1000-000000-80-0-0.jpg	Tear Down These Walls	1988	https://www.deezer.com/track/964808692
oldfield-mike--innocent	track	deezer	https://cdn-images.dzcdn.net/images/cover/e1ad9d687ce4c5ec8180dcb7be09c471/1000x1000-000000-80-0-0.jpg	Earth Moving		https://www.deezer.com/track/3333198
ocean-billy--when-the-going-gets-touch-the-touch-get-going	artist	deezer-artist	https://cdn-images.dzcdn.net/images/artist/6af6e846e59b5b1a34fca0d3a4fd5a41/1000x1000-000000-80-0-0.jpg			https://www.deezer.com/artist/4700
olivia-newton-john--banks-of-the-ohio	track	deezer	https://cdn-images.dzcdn.net/images/cover/2b8348213511d2d0f84d56a98f0e98a3/1000x1000-000000-80-0-0.jpg	Let Me Be There		https://www.deezer.com/track/3837565901
ohio-express--yummy-yummy-yummy	track	deezer	https://cdn-images.dzcdn.net/images/cover/37e43fd8ad3d446f890220af689caa56/1000x1000-000000-80-0-0.jpg	Yummy, Yummy, Yummy (Remastered)		https://www.deezer.com/track/5160753
omd--enola-gay	track	musicbrainz	https://coverartarchive.org/release-group/7b5006c1-d163-457a-9590-2b2aa831f6f4/front-500	New Wave Hits	1994	https://musicbrainz.org/release/b53410a0-8c13-4159-9588-6baeffd8da42
olivia-newton-john--let-me-be-there	track	deezer	https://cdn-images.dzcdn.net/images/cover/5c1f32caee7eb7f96a0ce32103d05f53/1000x1000-000000-80-0-0.jpg	Music Makes My Day		https://www.deezer.com/track/3838105221
ornella-vanoni--alberi	track	deezer	https://cdn-images.dzcdn.net/images/cover/56f945d65785d30da2b1c5c6e897a98c/1000x1000-000000-80-0-0.jpg	Oltre gli alberi		https://www.deezer.com/track/1038705722
mariah-carey--all-i-want-for-christmas-is-you	artist	deezer-artist	https://cdn-images.dzcdn.net/images/artist/818c27b3e5a6179d4cd2f053df9abaf1/1000x1000-000000-80-0-0.jpg			https://www.deezer.com/artist/65
olivia-newton-john--summer-nights	track	musicbrainz	https://coverartarchive.org/release-group/f0aee2fc-e73d-39af-9667-06b3397170e2/front-500	One Woman's Live Journey		https://musicbrainz.org/release/1cff496c-427f-421f-951b-2384cbc42474
queen--another-one-bites-the-dust	artist	deezer-artist	https://cdn-images.dzcdn.net/images/artist/71eeb9e2eeb375df35a3c0654a5a01ab/1000x1000-000000-80-0-0.jpg			https://www.deezer.com/artist/412
olivia-newton-john--physical	track	deezer	https://cdn-images.dzcdn.net/images/cover/a57e86ef6776046095fc6f2f0337064e/1000x1000-000000-80-0-0.jpg	Physical (Deluxe Edition) (Remastered 2021)		https://www.deezer.com/track/3872261161
oscar-peterson--emily	track	musicbrainz	https://coverartarchive.org/release-group/5264920c-febf-4c14-a317-e25e451baf67/front-500	Exclusively for my Friends – Vol. VI: Travelin' On	1969	https://musicbrainz.org/release/6047f4f6-23db-4026-90e4-0083c8ebfd0e
paoli--amori-dispari	track	deezer	https://cdn-images.dzcdn.net/images/cover/082624eba63dfaa51748efc7259e4d67/1000x1000-000000-80-0-0.jpg	Amori dispari		https://www.deezer.com/track/3711807992
paoli--gorilla-al-sole	track	deezer	https://cdn-images.dzcdn.net/images/cover/4c1719e40565b18be4bc0d611a875223/1000x1000-000000-80-0-0.jpg	King Kong		https://www.deezer.com/track/3711807722
ottawan--d-i-s-c-o	track	deezer-album	https://cdn-images.dzcdn.net/images/cover/b4a177863b72601ba3a2f7bce2e6a07e/1000x1000-000000-80-0-0.jpg	D.I.S.C.O.	1980	https://www.deezer.com/album/243829342
orchestral-manoeuvres-in-the-dark--enola-gay	track	deezer-album	https://cdn-images.dzcdn.net/images/cover/b0ad20ba4b388ff85f6a1f16f569b03c/1000x1000-000000-80-0-0.jpg	Organisation		https://www.deezer.com/album/299376
paoli--ti-lascio-una-canzone	track	deezer	https://cdn-images.dzcdn.net/images/cover/5d44dd4ecd4eed3ef8f526d68cbf8c16/1000x1000-000000-80-0-0.jpg	Cosa Faro' Da Grande	1997	https://www.deezer.com/track/2455345
pat-benatar--hit-me-with-your-best-shot	track	deezer	https://cdn-images.dzcdn.net/images/cover/f34cd60ee64793818ab4a0253f50f6f9/1000x1000-000000-80-0-0.jpg	Crimes Of Passion		https://www.deezer.com/track/3312985
paoli--una-lunga-storia-d-amore	track	deezer	https://cdn-images.dzcdn.net/images/cover/62313e7f4f6f6a83ceb6e220db9f07e6/1000x1000-000000-80-0-0.jpg	Milestones - Un Incontro In Jazz		https://www.deezer.com/track/3474332
patrick-swayze--she-s-like-the-wind	track	deezer	https://cdn-images.dzcdn.net/images/cover/acab8534b93d529be6457aad3cf94270/1000x1000-000000-80-0-0.jpg	This is me		https://www.deezer.com/track/9573966
paul-de-leeuw--ik-wil-niet-dat-je-liegt	track	deezer	https://cdn-images.dzcdn.net/images/cover/b6c1d1607010e255e4a37376e1ec48fb/1000x1000-000000-80-0-0.jpg	ParaCDmol	1994	https://www.deezer.com/track/1486887502
paul-mccartney--ebony-and-ivory	track	deezer	https://cdn-images.dzcdn.net/images/cover/e55b667aeba377649885320b499f6113/1000x1000-000000-80-0-0.jpg	All The Best (UK Version)		https://www.deezer.com/track/5664754
paul-mccartney--let-em-in	track	deezer	https://cdn-images.dzcdn.net/images/cover/0d044a71f851c405345cee505304996e/1000x1000-000000-80-0-0.jpg	At the Speed of Sound		https://www.deezer.com/track/88374623
paula-abdul--forever-your-girl	track	deezer	https://cdn-images.dzcdn.net/images/cover/6b4d71e1c818c86bda5edf4b820e9496/1000x1000-000000-80-0-0.jpg	Forever Your Girl	1988	https://www.deezer.com/track/3311527
paula-abdul--vibeology	track	deezer	https://cdn-images.dzcdn.net/images/cover/d662dd4877f19f64c8b1fb5ff9bbd6da/1000x1000-000000-80-0-0.jpg	Spellbound	1992	https://www.deezer.com/track/3311536
paula-cole--where-have-all-the-cowboys-gone	track	deezer	https://cdn-images.dzcdn.net/images/cover/0787b807b42086488764b38763d9558b/1000x1000-000000-80-0-0.jpg	Where Have All The Cowboys Gone		https://www.deezer.com/track/3667823
peaches-herb--reunited	track	deezer	https://cdn-images.dzcdn.net/images/cover/6f2c2bca04d699091872e7c6ef840991/1000x1000-000000-80-0-0.jpg	At Their Best	1995	https://www.deezer.com/track/549284352
paul-mccartney--silly-love-songs	track	deezer-album	https://cdn-images.dzcdn.net/images/cover/0d044a71f851c405345cee505304996e/1000x1000-000000-80-0-0.jpg	At the Speed of Sound		https://www.deezer.com/album/8929047
pearl-jam--jeremy	track	deezer	https://cdn-images.dzcdn.net/images/cover/00ee8c40862fb4e258fcbeaa17d7199e/1000x1000-000000-80-0-0.jpg	Ten	1992	https://www.deezer.com/track/7675133
perplexer--acid-folk	track	deezer	https://cdn-images.dzcdn.net/images/cover/5d640fba02519598ffc847f8e4302aef/1000x1000-000000-80-0-0.jpg	Acid Folk		https://www.deezer.com/track/5622231
pet-shop-boys--heart	track	deezer	https://cdn-images.dzcdn.net/images/cover/57939be5e72e576765491b2170c6617c/1000x1000-000000-80-0-0.jpg	Actually (2018 Remaster)		https://www.deezer.com/track/1912802507
pet-shop-boys--liberation	track	deezer	https://cdn-images.dzcdn.net/images/cover/386523009e656123543c1d8beac79814/1000x1000-000000-80-0-0.jpg	Disco 2	1994	https://www.deezer.com/track/3130860
peter-gabriel--lead-a-normal-life	track	deezer	https://cdn-images.dzcdn.net/images/cover/ff6673fd5ce34f909cb9ea8f84bfad0e/1000x1000-000000-80-0-0.jpg	Peter Gabriel 3: Melt (Remastered)		https://www.deezer.com/track/540502262
pet-shop-boys--paninaro-95	track	deezer-album	https://cdn-images.dzcdn.net/images/cover/eef912644e7cbdcc3729a4acd9845ad4/1000x1000-000000-80-0-0.jpg	SMASH – The Singles 1985 – 2020 (2023 Remaster)		https://www.deezer.com/album/422384467
peter-gabriel--walk-through-the-fire	track	deezer	https://cdn-images.dzcdn.net/images/cover/d65ca6671916818d32a01fef81bca9c9/1000x1000-000000-80-0-0.jpg	Rated PG		https://www.deezer.com/track/668947122
peter-frampton--i-m-in-you	track	deezer	https://cdn-images.dzcdn.net/images/cover/f27fb33425d31fd9f5983a9195797a26/1000x1000-000000-80-0-0.jpg	Greatest Hits	1996	https://www.deezer.com/track/2302942
peter-kent--it-s-a-real-good-feeling	track	deezer	https://cdn-images.dzcdn.net/images/cover/a48636bb0ca8f7a2ba259deab56e1529/1000x1000-000000-80-0-0.jpg	I Feel Good		https://www.deezer.com/track/6125810
pet-shop-boys--se-a-vida-e	track	deezer-album	https://cdn-images.dzcdn.net/images/cover/f621af5289286fe1be6857db3a0b31b2/1000x1000-000000-80-0-0.jpg	Bilingual (2018 Remaster)	1996	https://www.deezer.com/album/356408007
pet-shop-boys--so-hard	track	deezer-album	https://cdn-images.dzcdn.net/images/cover/2d1b6ac352522669c3426e10102b1aaa/1000x1000-000000-80-0-0.jpg	Behaviour (2018 Remaster)	1990	https://www.deezer.com/album/356414377
peter-gabriel--games-without-frontiers	track	deezer-album	https://cdn-images.dzcdn.net/images/cover/ff6673fd5ce34f909cb9ea8f84bfad0e/1000x1000-000000-80-0-0.jpg	Peter Gabriel 3: Melt (Remastered)		https://www.deezer.com/album/70550782
peter-frampton--baby-i-love-your-way	track	musicbrainz	https://coverartarchive.org/release-group/81c59e24-8497-422a-a366-e0560fabc21e/front-500	Man to Woman: Men of Note Sing for a Cause		https://musicbrainz.org/release/4fdbab4b-cbdf-498d-82db-cd5eab9cf8f6
pink-floyd--bike	track	deezer	https://cdn-images.dzcdn.net/images/cover/2ce3a33d1659ce59bccc5083a7fdf7c6/1000x1000-000000-80-0-0.jpg	The Piper at the Gates of Dawn		https://www.deezer.com/track/116913900
peter-paul-mary--i-dig-rock-n-roll-music	artist	deezer-artist	https://cdn-images.dzcdn.net/images/artist/bf76b3bb5a10d414b6d7b3c395c219ae/1000x1000-000000-80-0-0.jpg			https://www.deezer.com/artist/64410
pink-floyd--nobody-home	track	deezer	https://cdn-images.dzcdn.net/images/cover/2bea643b92a8fc6b19a23756f718cbd4/1000x1000-000000-80-0-0.jpg	The Wall	1979	https://www.deezer.com/track/116914116
pink-floyd--echoes	track	deezer	https://cdn-images.dzcdn.net/images/cover/fc6e0a55a477939478b15a5cf35f1933/1000x1000-000000-80-0-0.jpg	Meddle	1971	https://www.deezer.com/track/116913994
pink-floyd--keep-talking	track	deezer	https://cdn-images.dzcdn.net/images/cover/360dd6e6c37f0afe43d9d8621aff99f6/1000x1000-000000-80-0-0.jpg	The Division Bell		https://www.deezer.com/track/116914202
pink-floyd--the-thin-ice	track	deezer	https://cdn-images.dzcdn.net/images/cover/2bea643b92a8fc6b19a23756f718cbd4/1000x1000-000000-80-0-0.jpg	The Wall	1979	https://www.deezer.com/track/116914088
pink-floyd--wot-s-uh-the-deal	track	deezer	https://cdn-images.dzcdn.net/images/cover/f868a3931618ce5e7ee9d2e74740fe6f/1000x1000-000000-80-0-0.jpg	8-Tracks		https://www.deezer.com/track/4051821981
petula-clark--downtown	track	deezer	https://cdn-images.dzcdn.net/images/cover/9605f99ae2cfb2af2fa70ad8ab3f17f8/1000x1000-000000-80-0-0.jpg	The Best Of Petula Clark		https://www.deezer.com/track/1511567
phil-collins--in-the-air-tonight	track	deezer-album	https://cdn-images.dzcdn.net/images/cover/8ef8275edf5a3a18f0d15f2f26017886/1000x1000-000000-80-0-0.jpg	Face Value (2016 Remaster)		https://www.deezer.com/album/12308786
pooh--a-un-minuto-dall-amore	track	deezer	https://cdn-images.dzcdn.net/images/cover/0ef7f77df1a47cbe3e66ce6178930df2/1000x1000-000000-80-0-0.jpg	Opera prima (Remastered Version)	1971	https://www.deezer.com/track/94901728
pooh--air-india	track	deezer	https://cdn-images.dzcdn.net/images/cover/b697b114133d8bea1ebd3d7b1f76ef45/1000x1000-000000-80-0-0.jpg	Boomerang (2014 Remaster)	1978	https://www.deezer.com/track/92592078
pooh--50-primavere	track	deezer	https://cdn-images.dzcdn.net/images/cover/5f085579434886da71b9bea8eae6d579/1000x1000-000000-80-0-0.jpg	Il cielo è blu sopra le nuvole (2012 Remaster)		https://www.deezer.com/track/3724746832
pooh--alessandra	track	deezer	https://cdn-images.dzcdn.net/images/cover/e4dae8496bf58a6b13419e2842a1b24c/1000x1000-000000-80-0-0.jpg	Alessandra (Remastered Version)	1972	https://www.deezer.com/track/92592138
pooh--amore-e-dintorni	track	deezer	https://cdn-images.dzcdn.net/images/cover/1388611745533b0a9344d76464e46581/1000x1000-000000-80-0-0.jpg	Giorni Infiniti (2012 Remaster)		https://www.deezer.com/track/3726167172
pooh--buona-fortuna-e-buon-viaggio	track	musicbrainz	https://coverartarchive.org/release-group/08f8c5b6-56f5-3ddd-a1d5-45d36ef7d3f1/front-500	Cento di queste vite	2000	https://musicbrainz.org/release/0b1ddce9-4a28-4979-94a2-6eea3b5e528d
earth-wind-fire--september	artist	deezer-artist	https://cdn-images.dzcdn.net/images/artist/0be4c99a97b1073be467961c5d02acc6/1000x1000-000000-80-0-0.jpg			https://www.deezer.com/artist/248
pooh--amici-per-sempre	track	deezer	https://cdn-images.dzcdn.net/images/cover/f23f1d26400767984dcb7a5cf48741b1/1000x1000-000000-80-0-0.jpg	Amici per sempre (2012 Remaster)		https://www.deezer.com/track/3726166732
pooh--buonanotte-ai-suonatori	artist	deezer-artist	https://cdn-images.dzcdn.net/images/artist/01bf5b5c0619bda7e00d3692d64d5d04/1000x1000-000000-80-0-0.jpg			
pooh--come-si-fa	track	deezer	https://cdn-images.dzcdn.net/images/cover/63fb9a35a65d7f54c7eeee506a9e9930/1000x1000-000000-80-0-0.jpg	Parsifal (2014 Remaster)	1973	https://www.deezer.com/track/92592106
pooh--buona-fortuna	track	deezer	https://cdn-images.dzcdn.net/images/cover/fec8428ca175445b25e3028a42b3188f/1000x1000-000000-80-0-0.jpg	Pooh 1981-1984 (2014 Remaster)	1984	https://www.deezer.com/track/1010455722
pooh--cercando-di-te	track	deezer	https://cdn-images.dzcdn.net/images/cover/f23f1d26400767984dcb7a5cf48741b1/1000x1000-000000-80-0-0.jpg	Amici per sempre (2012 Remaster)		https://www.deezer.com/track/3726166782
pooh--cosa-dici-di-me	track	deezer	https://cdn-images.dzcdn.net/images/cover/9de48ea9adec7a5a336564c2e6bdb259/1000x1000-000000-80-0-0.jpg	Tropico del nord (Remastered Version)	1984	https://www.deezer.com/track/94901702
pooh--donne-italiane	track	deezer	https://cdn-images.dzcdn.net/images/cover/753e1e51dc4692eb90f752bfea8cad3f/1000x1000-000000-80-0-0.jpg	Uomini soli (2012 Remaster)		https://www.deezer.com/track/3724746572
pooh--chi-fermera-la-musica	track	deezer	https://cdn-images.dzcdn.net/images/cover/d5e0f94b2a08f10787ad71171ca0d544/1000x1000-000000-80-0-0.jpg	Buona fortuna (Remastered Version)	1981	https://www.deezer.com/track/92572166
pooh--che-vuoi-che-sia	track	deezer	https://cdn-images.dzcdn.net/images/cover/e27ba333bf5d64a205610151bb293a89/1000x1000-000000-80-0-0.jpg	Pooh 60: La nostra storia		https://www.deezer.com/track/3852521961
pooh--eravamo-ragazzi	track	deezer	https://cdn-images.dzcdn.net/images/cover/5321a42305b5469e007963537628b82d/1000x1000-000000-80-0-0.jpg	Un posto felice (2012 Remaster)		https://www.deezer.com/track/3724715192
pooh--fantasia	track	deezer	https://cdn-images.dzcdn.net/images/cover/1270dbf983d833c5fa6e8edc2bf1b52f/1000x1000-000000-80-0-0.jpg	Un po' del nostro tempo migliore (Remastered Version)	1975	https://www.deezer.com/track/97098882
pooh--fotografie	track	deezer	https://cdn-images.dzcdn.net/images/cover/d5e0f94b2a08f10787ad71171ca0d544/1000x1000-000000-80-0-0.jpg	Buona fortuna (Remastered Version)	1981	https://www.deezer.com/track/92572164
pooh--il-silenzio-della-colomba	track	musicbrainz	https://coverartarchive.org/release-group/57f6042f-e5e4-38ce-862a-c72b6736ff4a/front-500	Amici x sempre	1996	https://musicbrainz.org/release/ca64e715-10a5-4790-ae35-d56d062a971e
pooh--giulia-si-sposa	track	deezer	https://cdn-images.dzcdn.net/images/cover/753e1e51dc4692eb90f752bfea8cad3f/1000x1000-000000-80-0-0.jpg	Uomini soli (2012 Remaster)		https://www.deezer.com/track/3724746612
pooh--il-giorno-prima	track	deezer	https://cdn-images.dzcdn.net/images/cover/37431e93f38d7548af9b0ae34c02cd23/1000x1000-000000-80-0-0.jpg	Aloha (2012 Remaster)	1984	https://www.deezer.com/track/3725288532
pooh--giorni-infiniti	track	deezer	https://cdn-images.dzcdn.net/images/cover/1388611745533b0a9344d76464e46581/1000x1000-000000-80-0-0.jpg	Giorni Infiniti (2012 Remaster)		https://www.deezer.com/track/3726167122
pooh--le-canzoni-di-domani	track	musicbrainz	https://coverartarchive.org/release-group/8c919995-1d86-34ed-a7ea-6342e5ef5f76/front-500	Musicadentro		https://musicbrainz.org/release/95ac7f2f-e68e-45c6-bf63-a8dc0977eefb
pooh--io-ti-aspettero	track	deezer	https://cdn-images.dzcdn.net/images/cover/5321a42305b5469e007963537628b82d/1000x1000-000000-80-0-0.jpg	Un posto felice (2012 Remaster)		https://www.deezer.com/track/3724715142
pooh--in-diretta-nel-vento	track	deezer	https://cdn-images.dzcdn.net/images/cover/b28e0bf0f5240827c6d429e3031f965b/1000x1000-000000-80-0-0.jpg	Rotolando respirando (2014 Remaster)	1977	https://www.deezer.com/track/94902146
pooh--la-mia-faccia	track	deezer	https://cdn-images.dzcdn.net/images/cover/5f085579434886da71b9bea8eae6d579/1000x1000-000000-80-0-0.jpg	Il cielo è blu sopra le nuvole (2012 Remaster)		https://www.deezer.com/track/3724746812
pooh--in-silenzio	track	deezer	https://cdn-images.dzcdn.net/images/cover/5be744aa34ec0d188c30f9072c197008/1000x1000-000000-80-0-0.jpg	La storia dei Pooh		https://www.deezer.com/track/7736559
pooh--io-e-te-per-altri-giorni	track	deezer	https://cdn-images.dzcdn.net/images/cover/63fb9a35a65d7f54c7eeee506a9e9930/1000x1000-000000-80-0-0.jpg	Parsifal (2014 Remaster)	1973	https://www.deezer.com/track/92592100
pooh--lettera-da-berlino-est	track	deezer	https://cdn-images.dzcdn.net/images/cover/9de48ea9adec7a5a336564c2e6bdb259/1000x1000-000000-80-0-0.jpg	Tropico del nord (Remastered Version)	1984	https://www.deezer.com/track/94901704
pooh--mary-ann	track	deezer	https://cdn-images.dzcdn.net/images/cover/5be744aa34ec0d188c30f9072c197008/1000x1000-000000-80-0-0.jpg	La storia dei Pooh		https://www.deezer.com/track/7736555
pooh--maria-marea	track	deezer	https://cdn-images.dzcdn.net/images/cover/5f085579434886da71b9bea8eae6d579/1000x1000-000000-80-0-0.jpg	Il cielo è blu sopra le nuvole (2012 Remaster)		https://www.deezer.com/track/3724746822
pooh--non-dimenticarti-di-me	track	deezer	https://cdn-images.dzcdn.net/images/cover/59a769b7a46f7ede01af3b38b3e19130/1000x1000-000000-80-0-0.jpg	Cento di queste vite (2012 Remaster)		https://www.deezer.com/track/3724708442
pooh--ninna-nanna	track	deezer	https://cdn-images.dzcdn.net/images/cover/b0faca59cbb7ac5f32ef4f9e13d28729/1000x1000-000000-80-0-0.jpg	Forse ancora poesia (2014 Remaster)	1975	https://www.deezer.com/track/94901742
pooh--quel-che-non-si-dice	track	deezer	https://cdn-images.dzcdn.net/images/cover/5321a42305b5469e007963537628b82d/1000x1000-000000-80-0-0.jpg	Un posto felice (2012 Remaster)		https://www.deezer.com/track/3724715182
pooh--quaderno-di-donna	track	deezer	https://cdn-images.dzcdn.net/images/cover/b697b114133d8bea1ebd3d7b1f76ef45/1000x1000-000000-80-0-0.jpg	Boomerang (2014 Remaster)	1978	https://www.deezer.com/track/92592082
pooh--siamo-ancora-sulla-strada	track	musicbrainz	https://coverartarchive.org/release-group/e4428c18-f487-35c5-99de-d9050c1aa1ff/front-500	Il colore dei pensieri	1987	https://musicbrainz.org/release/6821efa1-d6c0-4953-9e6e-d1566c318512
pooh--pierre	track	deezer	https://cdn-images.dzcdn.net/images/cover/d1aab68655cceb11ef91daf9eb149316/1000x1000-000000-80-0-0.jpg	Poohlover (Remastered Version)	1976	https://www.deezer.com/track/92592212
pooh--sogno-a-mezza-estate	track	deezer	https://cdn-images.dzcdn.net/images/cover/5321a42305b5469e007963537628b82d/1000x1000-000000-80-0-0.jpg	Un posto felice (2012 Remaster)		https://www.deezer.com/track/3724715172
pooh--solo-cari-ricordi	track	deezer	https://cdn-images.dzcdn.net/images/cover/63fb9a35a65d7f54c7eeee506a9e9930/1000x1000-000000-80-0-0.jpg	Parsifal (2014 Remaster)	1973	https://www.deezer.com/track/92592098
pooh--un-grande-amore	track	musicbrainz	https://coverartarchive.org/release-group/08f8c5b6-56f5-3ddd-a1d5-45d36ef7d3f1/front-500	Cento di queste vite	2000	https://musicbrainz.org/release/0b1ddce9-4a28-4979-94a2-6eea3b5e528d
pooh--se-sai-se-puoi-se-vuoi	track	deezer	https://cdn-images.dzcdn.net/images/cover/e27ba333bf5d64a205610151bb293a89/1000x1000-000000-80-0-0.jpg	Pooh 60: La nostra storia		https://www.deezer.com/track/3852521611
prince--get-off	track	musicbrainz	https://coverartarchive.org/release-group/72f457da-8db5-3572-ada6-5ea1e1b41124/front-500	New Power Generation	1990	https://musicbrainz.org/release/457f65bd-e96d-4a61-ba9f-acc6dc4e6de6
pooh--terry-b	track	deezer	https://cdn-images.dzcdn.net/images/cover/1388611745533b0a9344d76464e46581/1000x1000-000000-80-0-0.jpg	Giorni Infiniti (2012 Remaster)		https://www.deezer.com/track/3726167162
pooh--tu-dov-eri	track	deezer	https://cdn-images.dzcdn.net/images/cover/61d9ad1ee83c5e1f88bdc54d1c93ed9d/1000x1000-000000-80-0-0.jpg	Il colore dei pensieri (2012 Remaster)		https://www.deezer.com/track/3724718702
pooh--tanta-voglia-di-lei	track	deezer	https://cdn-images.dzcdn.net/images/cover/e27ba333bf5d64a205610151bb293a89/1000x1000-000000-80-0-0.jpg	Pooh 60: La nostra storia		https://www.deezer.com/track/3852521481
prince--batdance	track	deezer	https://cdn-images.dzcdn.net/images/cover/7859ed5c0140a3afc304a2cbff2bee01/1000x1000-000000-80-0-0.jpg	Batman	1989	https://www.deezer.com/track/3917698
prince--interactive	track	deezer	https://cdn-images.dzcdn.net/images/cover/619442f104cdac2fbca3b67ff73cc87e/1000x1000-000000-80-0-0.jpg	Crystal Ball	1998	https://www.deezer.com/track/536623262
prince-ital-joe--happy-people	track	deezer	https://cdn-images.dzcdn.net/images/cover/50e217d877abeec3278ec99c929c553b/1000x1000-000000-80-0-0.jpg	Life In The Streets	1994	https://www.deezer.com/track/733441
prince-ital-joe--united	track	deezer	https://cdn-images.dzcdn.net/images/cover/50e217d877abeec3278ec99c929c553b/1000x1000-000000-80-0-0.jpg	Life In The Streets	1994	https://www.deezer.com/track/733429
prince--sign-o-the-times	track	deezer	https://cdn-images.dzcdn.net/images/cover/10c6903b1f953a4054fbc14fc17e955f/1000x1000-000000-80-0-0.jpg	Sign "O" the Times	1987	https://www.deezer.com/track/775350
prince--you-got-the-look	track	deezer	https://cdn-images.dzcdn.net/images/cover/10c6903b1f953a4054fbc14fc17e955f/1000x1000-000000-80-0-0.jpg	Sign "O" the Times	1987	https://www.deezer.com/track/775416
ac-dc--highway-to-hell	artist	deezer-artist	https://cdn-images.dzcdn.net/images/artist/7dbc950be70f997ba0cd2b39de7f2aa7/1000x1000-000000-80-0-0.jpg			https://www.deezer.com/artist/115
puff-daddy--been-around-the-world	track	musicbrainz	https://coverartarchive.org/release-group/89ada8b0-8935-4be5-a3b1-b9b2eca9551c/front-500	The Tabou Compilation Vol. II		https://musicbrainz.org/release/7f9ce659-e354-492f-b3e4-e0ac03324712
professor-longhair--big-chief	track	deezer	https://cdn-images.dzcdn.net/images/cover/7a94b4cdf44004c746f5b58d2588faa6/1000x1000-000000-80-0-0.jpg	The Big Easy		https://www.deezer.com/track/3639579
prince--nothing-compares-2-u	track	deezer	https://cdn-images.dzcdn.net/images/cover/662caaf0aa7b4d4e69bf4ae655fe8b45/1000x1000-000000-80-0-0.jpg	Nothing Compares 2 U		https://www.deezer.com/track/487527072
ac-dc--thunderstruck	artist	deezer-artist	https://cdn-images.dzcdn.net/images/artist/7dbc950be70f997ba0cd2b39de7f2aa7/1000x1000-000000-80-0-0.jpg			https://www.deezer.com/artist/115
pseudo-echo--funky-town	track	deezer	https://cdn-images.dzcdn.net/images/cover/91347aa33353a3bdee58835a87384e7c/1000x1000-000000-80-0-0.jpg	Funky Town	1986	https://www.deezer.com/track/1065118522
puckett--young-girl	track	deezer	https://cdn-images.dzcdn.net/images/cover/eb9f664eea1d0a959d158926191232ae/1000x1000-000000-80-0-0.jpg	Young Girl: The Best Of Gary Puckett & The Union Gap		https://www.deezer.com/track/585613
puff-daddy--i-ll-be-missing-you	track	musicbrainz	https://coverartarchive.org/release-group/e260a1ae-06f7-4574-9109-4101b53abe18/front-500	Music Awards Dance Party 1998		https://musicbrainz.org/release/9ba9f2c9-7535-464f-8068-299c005e0f37
puff-daddy--it-s-all-about-the-benjamins	track	musicbrainz	https://coverartarchive.org/release-group/928ef3fb-c875-393a-9eb4-16e260f99eb2/front-500	Been Around the World	1997	https://musicbrainz.org/release/8d0f66ab-46cd-4de1-86c7-a96011a6f025
queen--bijou	track	deezer	https://cdn-images.dzcdn.net/images/cover/1ae58b7b789c2f0dec6e879820147617/1000x1000-000000-80-0-0.jpg	Innuendo		https://www.deezer.com/track/4092338731
queen--doing-all-right	track	deezer	https://cdn-images.dzcdn.net/images/cover/a69df5c488cf77a8ec1a1a1ed17a020a/1000x1000-000000-80-0-0.jpg	Queen		https://www.deezer.com/track/4092323721
queen--bicycle-race	track	deezer-album	https://cdn-images.dzcdn.net/images/cover/4b8ab9c1f112b63c07e3983b98e98006/1000x1000-000000-80-0-0.jpg	Jazz		https://www.deezer.com/album/1007455791
queen--death-on-two-legs	track	deezer	https://cdn-images.dzcdn.net/images/cover/0b56f4eee05fa1ea753c5654b2cdb70c/1000x1000-000000-80-0-0.jpg	A Night At The Opera		https://www.deezer.com/track/4091937281
queen--heaven-for-everyone	track	deezer	https://cdn-images.dzcdn.net/images/cover/578ab4a026dcf47daa9faf17975eba51/1000x1000-000000-80-0-0.jpg	Made In Heaven (Deluxe Edition)		https://www.deezer.com/track/4092326881
queen--i-can-t-live-with-you	track	deezer	https://cdn-images.dzcdn.net/images/cover/1ae58b7b789c2f0dec6e879820147617/1000x1000-000000-80-0-0.jpg	Innuendo		https://www.deezer.com/track/4092338661
queen--father-to-son	track	deezer	https://cdn-images.dzcdn.net/images/cover/eb1e0ee08a9f0052f83a8dd5df535498/1000x1000-000000-80-0-0.jpg	Queen II		https://www.deezer.com/track/4092321501
queen--my-life-has-been-saved	track	deezer	https://cdn-images.dzcdn.net/images/cover/578ab4a026dcf47daa9faf17975eba51/1000x1000-000000-80-0-0.jpg	Made In Heaven	1995	https://www.deezer.com/track/4092326051
queen--i-want-it-all	track	deezer	https://cdn-images.dzcdn.net/images/cover/171b3c2868d0fd7edcd43afb74abbed4/1000x1000-000000-80-0-0.jpg	The Miracle		https://www.deezer.com/track/4092337241
queen--one-year-of-love	track	deezer	https://cdn-images.dzcdn.net/images/cover/383a5cc3b1fcda7bea15b4e95950e141/1000x1000-000000-80-0-0.jpg	A Kind Of Magic (Deluxe Edition)		https://www.deezer.com/track/4091938281
queen--princes-of-the-universe	track	deezer	https://cdn-images.dzcdn.net/images/cover/383a5cc3b1fcda7bea15b4e95950e141/1000x1000-000000-80-0-0.jpg	A Kind Of Magic		https://www.deezer.com/track/4091934451
queen--scandal	track	deezer	https://cdn-images.dzcdn.net/images/cover/171b3c2868d0fd7edcd43afb74abbed4/1000x1000-000000-80-0-0.jpg	The Miracle		https://www.deezer.com/track/4092337281
queen--seven-seas-of-rhye	track	deezer	https://cdn-images.dzcdn.net/images/cover/eb1e0ee08a9f0052f83a8dd5df535498/1000x1000-000000-80-0-0.jpg	Queen II		https://www.deezer.com/track/4092321591
queen--son-and-daughter	track	deezer	https://cdn-images.dzcdn.net/images/cover/a69df5c488cf77a8ec1a1a1ed17a020a/1000x1000-000000-80-0-0.jpg	Queen		https://www.deezer.com/track/4092323801
queen--spread-your-wings	track	deezer	https://cdn-images.dzcdn.net/images/cover/7a423dd31a478954f492c560ae90559d/1000x1000-000000-80-0-0.jpg	News Of The World		https://www.deezer.com/track/4092312841
r-e-m--everybody-hurts	track	deezer	https://cdn-images.dzcdn.net/images/cover/8f9e1252bb3ee900f342a2c83a378922/1000x1000-000000-80-0-0.jpg	Automatic For The People	1992	https://www.deezer.com/track/121921372
r-e-m--man-on-the-moon	track	deezer	https://cdn-images.dzcdn.net/images/cover/8f9e1252bb3ee900f342a2c83a378922/1000x1000-000000-80-0-0.jpg	Automatic For The People	1992	https://www.deezer.com/track/121921384
queen--play-the-game	track	deezer-album	https://cdn-images.dzcdn.net/images/cover/156c197582a4d4b40e17d72b79d3df62/1000x1000-000000-80-0-0.jpg	The Game		https://www.deezer.com/album/1007453881
radiohead--street-spirit	track	deezer	https://cdn-images.dzcdn.net/images/cover/0d2ccaf5f7b35af57f3d9c8f4504a6e6/1000x1000-000000-80-0-0.jpg	The Bends	1994	https://www.deezer.com/track/138544279
radiohead--karma-police	track	deezer	https://cdn-images.dzcdn.net/images/cover/05a186e0a859a36f9cd51cdae2158fe1/1000x1000-000000-80-0-0.jpg	OK Computer	1997	https://www.deezer.com/track/138539981
r-e-m--shiny-happy-people	track	deezer-album	https://cdn-images.dzcdn.net/images/cover/a968ed3814acb2ef8f3929b1bebcb42d/1000x1000-000000-80-0-0.jpg	Out Of Time	1991	https://www.deezer.com/album/14581358
raf--oggi-un-dio-non-ho	track	deezer	https://cdn-images.dzcdn.net/images/cover/267b94770b1f5f737aa6ed5e40344637/1000x1000-000000-80-0-0.jpg	Sogni …è tutto quello che c'è		https://www.deezer.com/track/1345759292
raf--interminatamente	track	deezer	https://cdn-images.dzcdn.net/images/cover/267b94770b1f5f737aa6ed5e40344637/1000x1000-000000-80-0-0.jpg	Sogni …è tutto quello che c'è		https://www.deezer.com/track/1345759272
raf--il-battito-animale	track	deezer	https://cdn-images.dzcdn.net/images/cover/1503c16e219541ef4c2ef530940e5388/1000x1000-000000-80-0-0.jpg	Cannibali	1993	https://www.deezer.com/track/1343237732
r-kelly--i-believe-i-can-fly	track	deezer-album	https://cdn-images.dzcdn.net/images/cover/b161f3625104713ae3e184954abbd619/1000x1000-000000-80-0-0.jpg	Milestones - R. Kelly		https://www.deezer.com/album/7086105
ramazzotti--amarti-e-l-immenso-per-me	track	deezer	https://cdn-images.dzcdn.net/images/cover/ff40b22cbcf08469ce56fca123776389/1000x1000-000000-80-0-0.jpg	In Ogni Senso	1989	https://www.deezer.com/track/1081541
raf--self-control	track	deezer	https://cdn-images.dzcdn.net/images/cover/b53b922b17cbf16199a74c05fc0ed3ef/1000x1000-000000-80-0-0.jpg	Self Control	1988	https://www.deezer.com/track/1345872662
rage-against-the-machine--bulls-on-parade	track	deezer	https://cdn-images.dzcdn.net/images/cover/bd78622abc0f6f8ef811b4c99fc4fcb1/1000x1000-000000-80-0-0.jpg	Evil Empire	1996	https://www.deezer.com/track/7675196
rage-against-the-machine--know-your-enemy	track	deezer	https://cdn-images.dzcdn.net/images/cover/a3a5690b75d3b43e3b676d7e33ccb111/1000x1000-000000-80-0-0.jpg	Rage Against The Machine	1992	https://www.deezer.com/track/15177228
rage-against-the-machine--killing-in-the-name-of	track	deezer-album	https://cdn-images.dzcdn.net/images/cover/a3a5690b75d3b43e3b676d7e33ccb111/1000x1000-000000-80-0-0.jpg	Rage Against The Machine	1992	https://www.deezer.com/album/1398967
ramazzotti--ancora-un-minuto-di-sole	track	deezer-album	https://cdn-images.dzcdn.net/images/cover/537cda30c72562aa62c815982e62f7ea/1000x1000-000000-80-0-0.jpg	Eros	1997	https://www.deezer.com/album/114094
ramazzotti--terra-promessa	track	deezer	https://cdn-images.dzcdn.net/images/cover/c2d89593a410438dd65b6f9f95da431f/1000x1000-000000-80-0-0.jpg	Nuovi Eroi		https://www.deezer.com/track/1495399152
ranieri--perdere-l-amore	track	deezer	https://cdn-images.dzcdn.net/images/cover/f6ab689cd71d50e6a7eb726c356c707a/1000x1000-000000-80-0-0.jpg	Perdere l'amore	1988	https://www.deezer.com/track/661313
ramazzotti--ti-sposero-perche	track	deezer-album	https://cdn-images.dzcdn.net/images/cover/15fd66c250e523e64c4fde7d96c7f571/1000x1000-000000-80-0-0.jpg	Musica è		https://www.deezer.com/album/144943822
ray-parker-jr--i-don-t-think-that-man-should-sleep-alone	track	deezer	https://cdn-images.dzcdn.net/images/cover/fbac41daecbb5f82f414a8d91105318e/1000x1000-000000-80-0-0.jpg	After Dark		https://www.deezer.com/track/872371802
ramazzotti--stella-gemella	track	deezer-album	https://cdn-images.dzcdn.net/images/cover/3871640365359a0ea230d4213f903623/1000x1000-000000-80-0-0.jpg	Dove C'è Musica	1996	https://www.deezer.com/album/1422508
ramazzotti--dove-c-e-musica	track	deezer-album	https://cdn-images.dzcdn.net/images/cover/3871640365359a0ea230d4213f903623/1000x1000-000000-80-0-0.jpg	Dove C'è Musica	1996	https://www.deezer.com/album/1422508
red-hot-chili-peppers--my-friends	track	deezer	https://cdn-images.dzcdn.net/images/cover/c180338f0287476b3cc2babdecfb2289/1000x1000-000000-80-0-0.jpg	One Hot Minute (Deluxe Edition)	1995	https://www.deezer.com/track/725486
red-hot-chili-peppers--road-trippin	track	deezer	https://cdn-images.dzcdn.net/images/cover/5e61e8290a4d1d64ca58920656c9602d/1000x1000-000000-80-0-0.jpg	Californication (Deluxe Edition)	1999	https://www.deezer.com/track/725320
real-mccoy--automatic-lover	track	deezer-album	https://cdn-images.dzcdn.net/images/cover/8cdc05b609232d463417238a6dc09e89/1000x1000-000000-80-0-0.jpg	Another Night	1995	https://www.deezer.com/album/113831
ray-charles--hit-the-road-jack	track	deezer	https://cdn-images.dzcdn.net/images/cover/eaa2428d141972f7cd5f313da4f1e9b9/1000x1000-000000-80-0-0.jpg	Hit the Road Jack (8D)		https://www.deezer.com/track/1102096652
real-mccoy--love-devotion	track	deezer	https://cdn-images.dzcdn.net/images/cover/8cdc05b609232d463417238a6dc09e89/1000x1000-000000-80-0-0.jpg	Another Night	1995	https://www.deezer.com/track/1042483
rednex--cotton-eye-joe	track	deezer	https://cdn-images.dzcdn.net/images/cover/090f699ce4d73c3a091c46df49d4a833/1000x1000-000000-80-0-0.jpg	Sex & Violins	1995	https://www.deezer.com/track/419139102
rednex--cotton-eyed-joe	track	deezer	https://cdn-images.dzcdn.net/images/cover/090f699ce4d73c3a091c46df49d4a833/1000x1000-000000-80-0-0.jpg	Sex & Violins	1995	https://www.deezer.com/track/419139102
renzo-arbore--cacao-meravigliao	track	musicbrainz	https://coverartarchive.org/release-group/36f5be74-392b-4ab7-8f4e-fa2115ec2dfc/front-500	Discao meravigliao	1988	https://musicbrainz.org/release/bb78d798-fa85-4d0d-b587-b516d5431cd0
red-hot-chili-peppers--higher-ground	track	deezer-album	https://cdn-images.dzcdn.net/images/cover/aa55b970a5118755fd3c013422cb04c6/1000x1000-000000-80-0-0.jpg	Mother's Milk		https://www.deezer.com/album/299826
rene-froger--are-you-ready-for-loving-me	track	deezer	https://cdn-images.dzcdn.net/images/cover/041c17d24028edef56db6078560b8299/1000x1000-000000-80-0-0.jpg	De Top 10 Van		https://www.deezer.com/track/25681701
rene-froger--nobody-else	track	deezer	https://cdn-images.dzcdn.net/images/cover/7c34ddec7d712b299f3d8515058a8d82/1000x1000-000000-80-0-0.jpg	Sweet Hello`s and Sad Goodbye`s	1999	https://www.deezer.com/track/143149716
rene-froger--woman-woman	track	deezer-album	https://cdn-images.dzcdn.net/images/cover/e5830f6ba71bc1dc7bf6454569d20194/1000x1000-000000-80-0-0.jpg	`K Heb Je Lief - 50 jaar de muziek, M`n fans, het leven		https://www.deezer.com/album/15495826
renzo-arbore--comme-facette-mammeta	track	deezer	https://cdn-images.dzcdn.net/images/cover/afd385208f265c1924da1a134f75d877/1000x1000-000000-80-0-0.jpg	Renzo Arbore & the Arboriginals		https://www.deezer.com/track/1001665802
renzo-arbore--il-clarinetto	track	deezer	https://cdn-images.dzcdn.net/images/cover/1dd171aa0e049995f351adf910e8b129/1000x1000-000000-80-0-0.jpg	Prima Che Sia Troppo Tardi	1998	https://www.deezer.com/track/1021344
reo-speedwagon--in-my-dreams	track	deezer-album	https://cdn-images.dzcdn.net/images/cover/e18107da5ef563b7a4eb506257626f25/1000x1000-000000-80-0-0.jpg	The Hits	1995	https://www.deezer.com/album/708662
richard-cliff--living-doll	track	deezer	https://cdn-images.dzcdn.net/images/cover/ebbcb05705e273e853c99e8e0400aaba/1000x1000-000000-80-0-0.jpg	Cliff with Strings - My Kinda Life		https://www.deezer.com/track/2500712161
richard-marx--right-here-waiting	track	deezer	https://cdn-images.dzcdn.net/images/cover/6eb779fd8b6a40944ebf72b6b34003e3/1000x1000-000000-80-0-0.jpg	Repeat Offender	1989	https://www.deezer.com/track/3168937
richie-lionel--dancing-on-the-ceiling	track	deezer	https://cdn-images.dzcdn.net/images/cover/856346cf571510544bd136b07743f8b9/1000x1000-000000-80-0-0.jpg	Dancing On The Ceiling (Expanded Edition)		https://www.deezer.com/track/905690
richie-lionel--running-with-the-night	track	deezer	https://cdn-images.dzcdn.net/images/cover/7050e918a1ead7bdbd7cadd9dfa2b858/1000x1000-000000-80-0-0.jpg	Can't Slow Down	1991	https://www.deezer.com/track/920073
reo-speedwagon--can-t-fight-this-feeling	track	deezer-album	https://cdn-images.dzcdn.net/images/cover/918549977ab7326903df839fde7c8b78/1000x1000-000000-80-0-0.jpg	Wheels Are Turnin'	1985	https://www.deezer.com/album/116768
reo-speedwagon--keep-on-loving-you	track	deezer-album	https://cdn-images.dzcdn.net/images/cover/1a600d1a1f1c5c287f81d555ba286e64/1000x1000-000000-80-0-0.jpg	Hi Infidelity (30th Anniversary Edition)		https://www.deezer.com/album/1170627
richie-lionel--sail-on	track	deezer	https://cdn-images.dzcdn.net/images/cover/5942f6e431f993f72fa5e0f24058c2c6/1000x1000-000000-80-0-0.jpg	Tuskegee (Deluxe Version)		https://www.deezer.com/track/16645488
ricky-martin--corazonado	track	deezer	https://cdn-images.dzcdn.net/images/cover/c93397e9727e0c01d6e794614bcd2033/1000x1000-000000-80-0-0.jpg	Vuelve	1998	https://www.deezer.com/track/15215305
richie-lionel--truly	track	deezer	https://cdn-images.dzcdn.net/images/cover/b9cd304cfed071dfa484824c3a55b993/1000x1000-000000-80-0-0.jpg	Back To Front	1992	https://www.deezer.com/track/2177869
richie-lionel--stuck-on-you	track	deezer	https://cdn-images.dzcdn.net/images/cover/7050e918a1ead7bdbd7cadd9dfa2b858/1000x1000-000000-80-0-0.jpg	Can't Slow Down	1991	https://www.deezer.com/track/920067
ricky-martin--te-extrano-te-olvido-te-amo	track	deezer	https://cdn-images.dzcdn.net/images/cover/6dd6e6780d70a41ddd7480aafd1d7f98/1000x1000-000000-80-0-0.jpg	17		https://www.deezer.com/track/14881490
ricky-martin--livin-la-vida-loca	track	deezer	https://cdn-images.dzcdn.net/images/cover/f8e6944a9665236019347784149ce7c9/1000x1000-000000-80-0-0.jpg	Ricky Martin	1999	https://www.deezer.com/track/13704591
ricky-martin--she-s-all-i-ever-had	track	deezer-album	https://cdn-images.dzcdn.net/images/cover/f8e6944a9665236019347784149ce7c9/1000x1000-000000-80-0-0.jpg	Ricky Martin	1999	https://www.deezer.com/album/1254111
ricky-martin--vuelve	track	deezer	https://cdn-images.dzcdn.net/images/cover/c93397e9727e0c01d6e794614bcd2033/1000x1000-000000-80-0-0.jpg	Vuelve	1998	https://www.deezer.com/track/15215293
right-said-fred--you-re-my-mate	track	deezer	https://cdn-images.dzcdn.net/images/cover/bdf3ac50054021f9ba53755aa065d44f/1000x1000-000000-80-0-0.jpg	Fredhead		https://www.deezer.com/track/1117457852
righeira--vamos-a-la-playa	track	deezer	https://cdn-images.dzcdn.net/images/cover/852ec740a8e97c2386da53c6c21c7ee6/1000x1000-000000-80-0-0.jpg	Vamos a la Playa		https://www.deezer.com/track/383445301
ricky-nelson--travelin-man	track	deezer	https://cdn-images.dzcdn.net/images/cover/ab323c6d2bbb5064053c734f70dde4a5/1000x1000-000000-80-0-0.jpg	Greatest Hits		https://www.deezer.com/track/3291536
rob-zombie--dragula	track	deezer	https://cdn-images.dzcdn.net/images/cover/9ec5b52540fbb85df121d796616a8bfc/1000x1000-000000-80-0-0.jpg	Hellbilly Deluxe	1998	https://www.deezer.com/track/2307303
richie-lionel--still	track	musicbrainz	https://coverartarchive.org/release-group/c56ecb3f-810b-3b9c-9ca3-f28f32228b85/front-500	Encore		https://musicbrainz.org/release/3180a8e0-13fc-4910-a806-d7473078ad3a
ringo-starr--you-re-sixteen	track	deezer-album	https://cdn-images.dzcdn.net/images/cover/fb43b34359ac301f9eb115bea1118459/1000x1000-000000-80-0-0.jpg	Ringo		https://www.deezer.com/album/304761
robbie-williams--better-man	track	deezer	https://cdn-images.dzcdn.net/images/cover/d260fa442f925e1eb1c95bb29941f636/1000x1000-000000-80-0-0.jpg	Sing When You're Winning		https://www.deezer.com/track/3102418
robert-miles--one-and-one	track	deezer	https://cdn-images.dzcdn.net/images/cover/b2ccd3540a3ba26a6e007e1e8d980fbf/1000x1000-000000-80-0-0.jpg	One and One	1996	https://www.deezer.com/track/2492515041
robert-palmer--i-ll-be-your-baby-tonight	track	deezer	https://cdn-images.dzcdn.net/images/cover/d01b8b86ae13ef5c02f0e61b04e94fda/1000x1000-000000-80-0-0.jpg	Don't Explain	1990	https://www.deezer.com/track/3242351
robin-beck--first-time	track	deezer	https://cdn-images.dzcdn.net/images/cover/5eb79d3af871d2261b6133ac79787897/1000x1000-000000-80-0-0.jpg	100% Melodic Rock		https://www.deezer.com/track/11959267
rod-stewart--da-ya-think-i-m-sexy	track	deezer	https://cdn-images.dzcdn.net/images/cover/7e9f37495fa32452374d6ff6b8cfa60c/1000x1000-000000-80-0-0.jpg	Blondes Have More Fun	1978	https://www.deezer.com/track/2550736
rod-stewart--tonight-s-the-night	track	deezer	https://cdn-images.dzcdn.net/images/cover/49dc91d280d60e02348d6a8de192b18a/1000x1000-000000-80-0-0.jpg	A Night on the Town		https://www.deezer.com/track/723771
robert-palmer--bad-case-of-lovin-you	track	deezer	https://cdn-images.dzcdn.net/images/cover/e3ad12eb19a3a9cc7fe32c74ece75690/1000x1000-000000-80-0-0.jpg	20th Century Masters: The Millennium Collection: The Best Of Robert Palmer	1999	https://www.deezer.com/track/541625492
rogers-kenny--she-believes-in-me	track	deezer	https://cdn-images.dzcdn.net/images/cover/787a807cec76f363211117727ec519fc/1000x1000-000000-80-0-0.jpg	The Gambler		https://www.deezer.com/track/3108443
bon-jovi--livin-on-a-prayer	none	placeholder				
eagles--hotel-california	artist	deezer-artist	https://cdn-images.dzcdn.net/images/artist/178be204025c8d38a72113564b647baf/1000x1000-000000-80-0-0.jpg			https://www.deezer.com/artist/210
rod-stewart--some-guys-have-all-the-luck	track	deezer	https://cdn-images.dzcdn.net/images/cover/873fafc66b71f5ea3b3b7219894c8389/1000x1000-000000-80-0-0.jpg	Some Guys Have All the Luck		https://www.deezer.com/track/2550613
ac-dc--back-in-black	artist	deezer-artist	https://cdn-images.dzcdn.net/images/artist/7dbc950be70f997ba0cd2b39de7f2aa7/1000x1000-000000-80-0-0.jpg			https://www.deezer.com/artist/115
romina-power-al-bano--sempre-sempre	track	deezer	https://cdn-images.dzcdn.net/images/cover/90e4ce0d10a102f031c404d3c728d85b/1000x1000-000000-80-0-0.jpg	Sempre Sempre	1986	https://www.deezer.com/track/2742771341
romantics--talking-in-your-sleep	track	deezer-album	https://cdn-images.dzcdn.net/images/cover/47a2d085f0fbbdca5883455bd6d902e4/1000x1000-000000-80-0-0.jpg	In Heat (2023 Remaster)	1983	https://www.deezer.com/album/7260240
ron--ferite-e-lacrime	track	deezer	https://cdn-images.dzcdn.net/images/cover/59bdba08ce1e25789aa77bfedbf5358a/1000x1000-000000-80-0-0.jpg	Vorrei incontrarti fra cent'anni	1996	https://www.deezer.com/track/702263
romina-power-al-bano--sha-e-o	track	deezer	https://cdn-images.dzcdn.net/images/cover/96da0706d5042f8a634db66f7ad826bd/1000x1000-000000-80-0-0.jpg	Notte E Giorno	1993	https://www.deezer.com/track/820761
ron--il-sole-e-la-luna	track	deezer	https://cdn-images.dzcdn.net/images/cover/e63a856866cd66631891fd02120993ed/1000x1000-000000-80-0-0.jpg	Angelo	1994	https://www.deezer.com/track/692551
romina-power-al-bano--felicita	track	deezer-album	https://cdn-images.dzcdn.net/images/cover/9b46cda3857eda037e07e829dd0593c8/1000x1000-000000-80-0-0.jpg	Felicità	1988	https://www.deezer.com/album/116944
ron--non-abbiam-bisogno-di-parole	track	deezer	https://cdn-images.dzcdn.net/images/cover/59bdba08ce1e25789aa77bfedbf5358a/1000x1000-000000-80-0-0.jpg	Vorrei incontrarti fra cent'anni	1996	https://www.deezer.com/track/702238
romantics--what-i-like-about-you	track	deezer-album	https://cdn-images.dzcdn.net/images/cover/640949e3890fff3a29c12c6f8801115a/1000x1000-000000-80-0-0.jpg	The Romantics	1986	https://www.deezer.com/album/121307
ron--tutti-quanti-abbiamo-un-angelo	track	deezer	https://cdn-images.dzcdn.net/images/cover/e63a856866cd66631891fd02120993ed/1000x1000-000000-80-0-0.jpg	Angelo	1994	https://www.deezer.com/track/692548
ron--vorrei-incontrarti-fra-cent-anni	track	deezer	https://cdn-images.dzcdn.net/images/cover/59bdba08ce1e25789aa77bfedbf5358a/1000x1000-000000-80-0-0.jpg	Vorrei incontrarti fra cent'anni	1996	https://www.deezer.com/track/702227
ron--una-citta-per-cantare	track	deezer	https://cdn-images.dzcdn.net/images/cover/59bdba08ce1e25789aa77bfedbf5358a/1000x1000-000000-80-0-0.jpg	Vorrei incontrarti fra cent'anni	1996	https://www.deezer.com/track/702278
rose-royce--car-wash	track	deezer	https://cdn-images.dzcdn.net/images/cover/0a6763db2dfd31d8cc14306b7ec336ac/1000x1000-000000-80-0-0.jpg	Car Wash		https://www.deezer.com/track/62520164
rossi-vasco--dormi-dormi	track	deezer	https://cdn-images.dzcdn.net/images/cover/691725c95a9ff0089025bcdb8fae7b76/1000x1000-000000-80-0-0.jpg	Cosa succede in città (Original Master)		https://www.deezer.com/track/442635082
rossi-vasco--colpa-d-alfredo	track	deezer	https://cdn-images.dzcdn.net/images/cover/1195392f33928bc344c8d2ec7eb55dc4/1000x1000-000000-80-0-0.jpg	Colpa D' Alfredo	1980	https://www.deezer.com/track/1062152
rossi-vasco--gli-spari-sopra	track	deezer	https://cdn-images.dzcdn.net/images/cover/9af274b7e196f14b8c80996db5d299c5/1000x1000-000000-80-0-0.jpg	Gli Spari Sopra (Remastered 2017)		https://www.deezer.com/track/358728751
rossi-vasco--liberi-liberi	track	deezer	https://cdn-images.dzcdn.net/images/cover/2b429babebb286f8dd242c67e04bff05/1000x1000-000000-80-0-0.jpg	Liberi Liberi (Remastered 2017)		https://www.deezer.com/track/358728921
rossi-vasco--ridere-di-te	track	deezer	https://cdn-images.dzcdn.net/images/cover/918e10340ac4da1e24171856d4e36367/1000x1000-000000-80-0-0.jpg	C'è Chi Dice No (Remastered)		https://www.deezer.com/track/104712562
rossi-vasco--toffee	track	deezer	https://cdn-images.dzcdn.net/images/cover/fe6aee2e1ab25c623552c374a74ea4d5/1000x1000-000000-80-0-0.jpg	Cosa succede in città (Remastered)		https://www.deezer.com/track/104726582
rossi-vasco--siamo-solo-noi	track	deezer	https://cdn-images.dzcdn.net/images/cover/82c4309dd23d56d8e820692a7ed2dce8/1000x1000-000000-80-0-0.jpg	Siamo Solo Noi	1981	https://www.deezer.com/track/1059628
rossi-vasco--splendida-giornata	track	deezer	https://cdn-images.dzcdn.net/images/cover/5fca2b7b22e0895e1667309a8bfa594f/1000x1000-000000-80-0-0.jpg	Vado al massimo (Remastered)		https://www.deezer.com/track/104725338
rossi-vasco--senza-parole	track	deezer	https://cdn-images.dzcdn.net/images/cover/553e4814ce9ebc068b8b9fc13cad7872/1000x1000-000000-80-0-0.jpg	Senza Parole		https://www.deezer.com/track/3211485
rossi-vasco--vivere-una-favola	track	deezer	https://cdn-images.dzcdn.net/images/cover/918e10340ac4da1e24171856d4e36367/1000x1000-000000-80-0-0.jpg	C'è Chi Dice No (Remastered)		https://www.deezer.com/track/104712558
roxette--un-dia-sin-ti	track	deezer	https://cdn-images.dzcdn.net/images/cover/f21f4bb3be12897abfcfdd56dc61d100/1000x1000-000000-80-0-0.jpg	Baladas En Español	1996	https://www.deezer.com/track/3136441
roxette--silver-blue	track	deezer	https://cdn-images.dzcdn.net/images/cover/55c68c38689d152095919d178ed83527/1000x1000-000000-80-0-0.jpg	Tourism 30th Anniversary Edition		https://www.deezer.com/track/2140672267
roxette--milk-and-toast-and-honey	track	deezer-album	https://cdn-images.dzcdn.net/images/cover/4574dd00d3bbad3e44beb0f9fee46772/1000x1000-000000-80-0-0.jpg	The Ballad Hits		https://www.deezer.com/album/299784
roy-black--das-madchen-carina	track	deezer	https://cdn-images.dzcdn.net/images/cover/81e040d27e25c038b165afef79401dea/1000x1000-000000-80-0-0.jpg	Große Erfolge		https://www.deezer.com/track/913872732
roxette--queen-of-rain	track	deezer-album	https://cdn-images.dzcdn.net/images/cover/e3c4132d15aa0ae8d56967176be3e2bc/1000x1000-000000-80-0-0.jpg	Tourism	1992	https://www.deezer.com/album/755617411
roy-black--du-bist-nicht-allein	track	deezer	https://cdn-images.dzcdn.net/images/cover/c8c20755cca3408ca39f412e83bc270a/1000x1000-000000-80-0-0.jpg	Du bist nicht allein - Hits und Perlen		https://www.deezer.com/track/13752572
roxy-music--avalon	track	deezer-album	https://cdn-images.dzcdn.net/images/cover/803d977d40eb4c895a50810857829d0b/1000x1000-000000-80-0-0.jpg	Avalon		https://www.deezer.com/album/302075
roxette--vulnerable	track	deezer	https://cdn-images.dzcdn.net/images/cover/4574dd00d3bbad3e44beb0f9fee46772/1000x1000-000000-80-0-0.jpg	The Ballad Hits		https://www.deezer.com/track/3098308
roy-orbison--crying	track	deezer	https://cdn-images.dzcdn.net/images/cover/3c77180ebabff1e354ef5df550a61e2d/1000x1000-000000-80-0-0.jpg	Black & White Night		https://www.deezer.com/track/578252
ruggeri--l-amore-e-un-attimo	track	deezer	https://cdn-images.dzcdn.net/images/cover/d076cb6d1fc2f55bf3a5764a612b0bf3/1000x1000-000000-80-0-0.jpg	I Grandi Successi: Enrico Ruggeri		https://www.deezer.com/track/4101379
roy-orbison--california-blue	track	deezer-album	https://cdn-images.dzcdn.net/images/cover/0f57438108368a636514289318ec9b6d/1000x1000-000000-80-0-0.jpg	Mystery Girl		https://www.deezer.com/album/1441956
ruggeri--il-portiere-di-notte	track	deezer	https://cdn-images.dzcdn.net/images/cover/57d01c85e6b0d0b97b23c85fe537b3cb/1000x1000-000000-80-0-0.jpg	Playlist: Enrico Ruggeri		https://www.deezer.com/track/122526080
rozalla--everybody-s-free	track	deezer	https://cdn-images.dzcdn.net/images/cover/d6796792a38971a13b2c0a0a15677f67/1000x1000-000000-80-0-0.jpg	The Very Best of Rozalla		https://www.deezer.com/track/12169961
roy-orbison--i-drove-all-night	track	musicbrainz	https://coverartarchive.org/release-group/056b97e9-85b9-3b80-856e-3eb660c61990/front-500	King of Hearts		https://musicbrainz.org/release/4ac33c88-3ee5-4b33-addd-e0e9ba664db7
rush--countdown	track	deezer	https://cdn-images.dzcdn.net/images/cover/21c0fa3e6b3b05fbcb8579ecfc256eab/1000x1000-000000-80-0-0.jpg	Signals		https://www.deezer.com/track/2499126
rupert-holmes--escape	track	deezer	https://cdn-images.dzcdn.net/images/cover/658bd50b4baf12461c2251eb08f148b8/1000x1000-000000-80-0-0.jpg	Escape...The Best Of		https://www.deezer.com/track/2801132
ruggeri--mistero	track	deezer	https://cdn-images.dzcdn.net/images/cover/eae935ed4b4add6247dba1f9d4900a25/1000x1000-000000-80-0-0.jpg	Anni Ruggeri: I successi		https://www.deezer.com/track/760539
rush--broon-s-bane	track	deezer	https://cdn-images.dzcdn.net/images/cover/a0c8b2ce0c8fa458108b692041ac1cb2/1000x1000-000000-80-0-0.jpg	Exit ... Stage Left		https://www.deezer.com/track/2277048
rush--a-farewell-to-kings	track	deezer	https://cdn-images.dzcdn.net/images/cover/2c96d3de3a5a2905e1d2d558190ca919/1000x1000-000000-80-0-0.jpg	A Farewell To Kings		https://www.deezer.com/track/1581771
rush--cygnus-x-1-book-ii-hemispheres-preludeapollo-dionysusarmaged	artist	deezer-artist	https://cdn-images.dzcdn.net/images/artist/d6261144619bc30736f72807067dc928/1000x1000-000000-80-0-0.jpg			https://www.deezer.com/artist/8686
rush--madrigal	track	deezer	https://cdn-images.dzcdn.net/images/cover/2c96d3de3a5a2905e1d2d558190ca919/1000x1000-000000-80-0-0.jpg	A Farewell To Kings		https://www.deezer.com/track/1581775
rush--time-and-motion	track	deezer	https://cdn-images.dzcdn.net/images/cover/153b96c039b80751043537995eec01c2/1000x1000-000000-80-0-0.jpg	Test for Echo (2004 Remaster)	1996	https://www.deezer.com/track/3898903
rush--fly-by-night	track	deezer	https://cdn-images.dzcdn.net/images/cover/1ec38ec768cfbcac31f6296d982ef1ff/1000x1000-000000-80-0-0.jpg	Fly By Night	1975	https://www.deezer.com/track/1085810
rush--in-the-mood	track	deezer	https://cdn-images.dzcdn.net/images/cover/f27aa6f63fbea69d858c93b965529fc0/1000x1000-000000-80-0-0.jpg	Rush	1997	https://www.deezer.com/track/1085803
rush--manhattan-project	track	deezer	https://cdn-images.dzcdn.net/images/cover/c9beb02f364e392c08225ca7a3d0d5cd/1000x1000-000000-80-0-0.jpg	Power Windows		https://www.deezer.com/track/1090281
rush--pieces-of-eight	artist	deezer-artist	https://cdn-images.dzcdn.net/images/artist/d6261144619bc30736f72807067dc928/1000x1000-000000-80-0-0.jpg			https://www.deezer.com/artist/8686
rush--vital-signs	track	deezer	https://cdn-images.dzcdn.net/images/cover/9ee330e0d51624845386572426b5ed80/1000x1000-000000-80-0-0.jpg	Moving Pictures (2011 Remaster)		https://www.deezer.com/track/10303631
sade--keep-looking	track	deezer	https://cdn-images.dzcdn.net/images/cover/1b194a1d296a2b9ad9184fb6bc8ce615/1000x1000-000000-80-0-0.jpg	Stronger Than Pride	1988	https://www.deezer.com/track/1030620222
salt-n-pepa--let-s-talk-about-sex	track	deezer	https://cdn-images.dzcdn.net/images/cover/1d76c9aa1149beabb06b6472e1a2682b/1000x1000-000000-80-0-0.jpg	Blacks' Magic	1992	https://www.deezer.com/track/106737988
ryan-paris--la-dolce-vita	track	deezer	https://cdn-images.dzcdn.net/images/cover/8eb23e094848227b3d5538073612e3a1/1000x1000-000000-80-0-0.jpg	La Dolce Vita (Sped Up 20 %)		https://www.deezer.com/track/2389750755
sailor--girls-girls-girls	track	deezer	https://cdn-images.dzcdn.net/images/cover/66faceab2720324496d9476149b4ad90/1000x1000-000000-80-0-0.jpg	A Glass of Champagne		https://www.deezer.com/track/2319466655
rush--time-stand-still	track	deezer-album	https://cdn-images.dzcdn.net/images/cover/9ee02fc0e61bcb906c732e097b94fd6d/1000x1000-000000-80-0-0.jpg	Hold Your Fire	1987	https://www.deezer.com/album/117782
salvatore-adamo--c-est-ma-vie	track	deezer	https://cdn-images.dzcdn.net/images/cover/f93305ecc7ec2b63f47ec39dbf7a518b/1000x1000-000000-80-0-0.jpg	Jusqu'A L'Amour		https://www.deezer.com/track/627143292
salvatore-adamo--les-filles-du-bord-de-mer	track	deezer	https://cdn-images.dzcdn.net/images/cover/f19dfea8873f717f9e6d7c52eb2b9f10/1000x1000-000000-80-0-0.jpg	Le bal des gens bien		https://www.deezer.com/track/392734502
salvatore-adamo--une-meche-de-cheveux	track	deezer	https://cdn-images.dzcdn.net/images/cover/0545392ac015d63d865c4ce3db85d6ba/1000x1000-000000-80-0-0.jpg	Ses plus belles chansons	1994	https://www.deezer.com/track/409932012
sam-dave--soul-man	track	deezer	https://cdn-images.dzcdn.net/images/cover/5959ea79c7d88858102ce2234b37ee60/1000x1000-000000-80-0-0.jpg	Soul Men		https://www.deezer.com/track/3923661
sam-dave--hold-on	track	deezer	https://cdn-images.dzcdn.net/images/cover/bba1db6b3a9a1c2df276720e7dffee3a/1000x1000-000000-80-0-0.jpg	Greatest Hits		https://www.deezer.com/track/732415672
save-ferris--come-on-eileen	track	deezer	https://cdn-images.dzcdn.net/images/cover/0a866965016f0752819a65e581120660/1000x1000-000000-80-0-0.jpg	It Means Everything	1997	https://www.deezer.com/track/1014820
santana--samba-pa-ti	track	deezer	https://cdn-images.dzcdn.net/images/cover/a2e25782bf1639818d5204fa78b5a5a5/1000x1000-000000-80-0-0.jpg	Abraxas		https://www.deezer.com/track/77879665
sam-the-sham--wooly-bully	track	deezer	https://cdn-images.dzcdn.net/images/cover/1a629ac9c7341f6f6a46e0cb6a0baab0/1000x1000-000000-80-0-0.jpg	Wooly Bully (Remastered)		https://www.deezer.com/track/112112536
sarah-mclachlan--adia	track	deezer	https://cdn-images.dzcdn.net/images/cover/3af2f62b3622c797a1a7fb262680309c/1000x1000-000000-80-0-0.jpg	Surfacing	1997	https://www.deezer.com/track/7675352
scorpions--greensleeves	track	deezer	https://cdn-images.dzcdn.net/images/cover/ff0155f24e78aa560d97d561bd363424/1000x1000-000000-80-0-0.jpg	The Scorpions: Hello Josephine, The Greatest Hits Complete		https://www.deezer.com/track/3654268002
sawyer-brown--the-boys-and-me	track	deezer	https://cdn-images.dzcdn.net/images/cover/689e4287bbb5e4550f639e5b4271fea2/1000x1000-000000-80-0-0.jpg	All-Time Greatest Hits		https://www.deezer.com/track/397240432
scorpions--send-me-an-angel	track	deezer	https://cdn-images.dzcdn.net/images/cover/98b6e4c7ed01378305cc9b1946705c1f/1000x1000-000000-80-0-0.jpg	Crazy World	1991	https://www.deezer.com/track/927907
scott-james--great-scott-rag	track	deezer	https://cdn-images.dzcdn.net/images/cover/9eb9a114d0fc6b977bec3016fbd2a4ea/1000x1000-000000-80-0-0.jpg	Pastimes & Piano Rags		https://www.deezer.com/track/3453292391
scott-james--grace-and-beauty	track	deezer	https://cdn-images.dzcdn.net/images/cover/b1106cb43b181d325a6a4ad8670b3c46/1000x1000-000000-80-0-0.jpg	Piano Rags		https://www.deezer.com/track/1054563182
scooter--endless-summer	track	deezer	https://cdn-images.dzcdn.net/images/cover/b59f0ab1628e28db545386acf53a6ff5/1000x1000-000000-80-0-0.jpg	20 Years Of Hardcore (Remastered)		https://www.deezer.com/track/2168791427
scott-joplin--paragon-rag	track	deezer	https://cdn-images.dzcdn.net/images/cover/41aa34cc9bb5ab8e5703d23200f1639b/1000x1000-000000-80-0-0.jpg	It's Rag Time		https://www.deezer.com/track/757444912
scott-joplin--the-entertainer	track	deezer	https://cdn-images.dzcdn.net/images/cover/62d3ec8b0aea4228257a18154a036696/1000x1000-000000-80-0-0.jpg	Scott Joplin's Original Rags (Jazz Archives No. 15)		https://www.deezer.com/track/239831
scorpions--you-and-i	track	musicbrainz	https://coverartarchive.org/release-group/67cbf802-6943-3dc2-a60e-ad63626cc03d/front-500	Acoustica		https://musicbrainz.org/release/bf1343d8-82ee-4b2d-95d1-c2a6ddfd5131
seal--fly-like-an-eagle	track	deezer	https://cdn-images.dzcdn.net/images/cover/ba401f29b652866924ee2ab61d3a8407/1000x1000-000000-80-0-0.jpg	Hits		https://www.deezer.com/track/4688232
seals-crofts--summer-breeze	track	deezer	https://cdn-images.dzcdn.net/images/cover/ef7050a825e3ce9b4b2a07cc25f7b83e/1000x1000-000000-80-0-0.jpg	Traces		https://www.deezer.com/track/8632336
shaggy--boombastic	track	deezer	https://cdn-images.dzcdn.net/images/cover/b24b513a3d71d6f73200cd62b806bb18/1000x1000-000000-80-0-0.jpg	Hot Shot 2020		https://www.deezer.com/track/952515282
shakatak--easier-said-than-done	track	deezer	https://cdn-images.dzcdn.net/images/cover/81cf55c8f44b59d1ec6a3ce98e79b2d4/1000x1000-000000-80-0-0.jpg	Night Birds		https://www.deezer.com/track/77756000
shakatak--night-birds	track	deezer	https://cdn-images.dzcdn.net/images/cover/81cf55c8f44b59d1ec6a3ce98e79b2d4/1000x1000-000000-80-0-0.jpg	Night Birds		https://www.deezer.com/track/77755996
sedaka-neil--oh-carol	track	deezer	https://cdn-images.dzcdn.net/images/cover/00127f99fd8453936071939e4306c5ec/1000x1000-000000-80-0-0.jpg	Collections		https://www.deezer.com/track/546838
shanice--i-love-your-smile	track	deezer	https://cdn-images.dzcdn.net/images/cover/f07e0100be63c606dd50e189de60e8f9/1000x1000-000000-80-0-0.jpg	Inner Child		https://www.deezer.com/track/7331640
silverchair--miss-you-love	track	deezer	https://cdn-images.dzcdn.net/images/cover/e337fd1e6628e800e9302e8f14364291/1000x1000-000000-80-0-0.jpg	Neon Ballroom		https://www.deezer.com/track/627797
sheena-easton--the-wind-beneath-my-wings	track	deezer	https://cdn-images.dzcdn.net/images/cover/eb2e2d84491c73f9df5b77fb44741533/1000x1000-000000-80-0-0.jpg	Madness, Money and Music (Bonus Tracks Version)		https://www.deezer.com/track/68895767
shearing-george--if-i-should-lose-you	track	deezer	https://cdn-images.dzcdn.net/images/cover/d637dde258611c9e84d56c07c3580678/1000x1000-000000-80-0-0.jpg	Starlight Souvenirs		https://www.deezer.com/track/1502166742
queen--under-pressure	artist	deezer-artist	https://cdn-images.dzcdn.net/images/artist/71eeb9e2eeb375df35a3c0654a5a01ab/1000x1000-000000-80-0-0.jpg			https://www.deezer.com/artist/412
simon-garfunkel--the-boxer	track	deezer	https://cdn-images.dzcdn.net/images/cover/6f7036f2c3632d9e1df142f1078cb5c1/1000x1000-000000-80-0-0.jpg	Bridge Over Troubled Water	1970	https://www.deezer.com/track/13174769
metallica--enter-sandman	artist	deezer-artist	https://cdn-images.dzcdn.net/images/artist/056578a9c2007f69ce198c81875eca41/1000x1000-000000-80-0-0.jpg			https://www.deezer.com/artist/119
simon-paul--50-ways-to-leave-your-lover	track	deezer	https://cdn-images.dzcdn.net/images/cover/4286f23cf79496e70cc771a83c091753/1000x1000-000000-80-0-0.jpg	Still Crazy After All These Years		https://www.deezer.com/track/6581143
simon-garfunkel--scarborough-fair	track	deezer	https://cdn-images.dzcdn.net/images/cover/08e9a3aecb683e98080ac916da2c82df/1000x1000-000000-80-0-0.jpg	Feelin' Groovy		https://www.deezer.com/track/66619212
simple-minds--she-s-a-river	track	deezer	https://cdn-images.dzcdn.net/images/cover/0d956bf87a619861efb25c6926086d4d/1000x1000-000000-80-0-0.jpg	Good News From The Next World		https://www.deezer.com/track/3171369
simply-red--fairground	track	deezer	https://cdn-images.dzcdn.net/images/cover/11a330a67a66bccdc6384e0c3b2138d7/1000x1000-000000-80-0-0.jpg	Life (Expanded Version)		https://www.deezer.com/track/2478498
simple-minds--mandela-day	track	deezer	https://cdn-images.dzcdn.net/images/cover/664ba858fe9371ff03aca97065698103/1000x1000-000000-80-0-0.jpg	Themes - Volume 4		https://www.deezer.com/track/3140535
sinatra--anything-goes	track	deezer	https://cdn-images.dzcdn.net/images/cover/b66b02d3a9eee2bf337824b62657349b/1000x1000-000000-80-0-0.jpg	Songs For Swingin' Lovers! (Remastered)		https://www.deezer.com/track/3105130
simon-paul--you-can-call-me-al	track	deezer-album	https://cdn-images.dzcdn.net/images/cover/596bab7c47579f1959b12aa0dcf83c02/1000x1000-000000-80-0-0.jpg	Graceland	1986	https://www.deezer.com/album/3095481
sinatra--i-get-a-kick-out-of-you	track	deezer	https://cdn-images.dzcdn.net/images/cover/36f702aeee8b1a9a0306866da897a7de/1000x1000-000000-80-0-0.jpg	Sinatra And Swingin' Brass	1998	https://www.deezer.com/track/70834843
sinatra--just-one-of-those-things	track	deezer	https://cdn-images.dzcdn.net/images/cover/9602e6c994bef6939b12b3670e2bc037/1000x1000-000000-80-0-0.jpg	Swing Easy!		https://www.deezer.com/track/105074224
simple-minds--alive-kicking	track	deezer	https://cdn-images.dzcdn.net/images/cover/f2a45aea62f39ba3967a132b18c4906f/1000x1000-000000-80-0-0.jpg	Alive And Kicking		https://www.deezer.com/track/4226402
sinatra--something-stupid	track	musicbrainz	https://coverartarchive.org/release-group/5a8f56a5-b9f5-43b0-a3d5-895cf9ccd672/front-500	True Love and Other Famous Duets	1994	https://musicbrainz.org/release/3436e041-4367-4f4c-a18c-6ce45e8eaf0f
sinatra--my-funny-valentine	track	deezer	https://cdn-images.dzcdn.net/images/cover/38d43fc3d5d8a3b385fb6cc36b26d6db/1000x1000-000000-80-0-0.jpg	Songs For Young Lovers		https://www.deezer.com/track/104622004
sinatra--what-is-this-thing-called-love	track	deezer	https://cdn-images.dzcdn.net/images/cover/74573d8cc13b9dc054333c92cf838a2e/1000x1000-000000-80-0-0.jpg	In The Wee Small Hours		https://www.deezer.com/track/3105475
sly--everyday-people	track	deezer	https://cdn-images.dzcdn.net/images/cover/87e07a0cb9181e9a6902099230b5f6fa/1000x1000-000000-80-0-0.jpg	Stand	1969	https://www.deezer.com/track/534508
smokie--mexican-girl	track	deezer	https://cdn-images.dzcdn.net/images/cover/b1ae30bd359c73451e8320c1214b91b0/1000x1000-000000-80-0-0.jpg	From Wishes to Kisses		https://www.deezer.com/track/574819302
sinatra--night-and-day	track	deezer	https://cdn-images.dzcdn.net/images/cover/4fe169d89ada5fe87ca103a37854f694/1000x1000-000000-80-0-0.jpg	Sinatra & Strings		https://www.deezer.com/track/70834815
snap--welcome-to-tomorrow	track	deezer	https://cdn-images.dzcdn.net/images/cover/8d14bece363e1d276cd9344573c42133/1000x1000-000000-80-0-0.jpg	Welcome to Tomorrow		https://www.deezer.com/track/3801786622
smash-mouth--i-m-a-believer	track	deezer-album	https://cdn-images.dzcdn.net/images/cover/03e3ef6daa6329dc9d1b61898d363f0a/1000x1000-000000-80-0-0.jpg	Smash Mouth		https://www.deezer.com/album/245665
snap--the-first-the-last-eternity	track	deezer	https://cdn-images.dzcdn.net/images/cover/8d14bece363e1d276cd9344573c42133/1000x1000-000000-80-0-0.jpg	Welcome to Tomorrow		https://www.deezer.com/track/3801786642
soulful-dynamics--mademoiselle-ninette	track	deezer	https://cdn-images.dzcdn.net/images/cover/439cea2ed9c301ea9c7a63ea0df6f5ae/1000x1000-000000-80-0-0.jpg	Soul Masters: Coconuts From Congoville		https://www.deezer.com/track/2918100
sinatra--the-lady-is-a-tramp	track	deezer	https://cdn-images.dzcdn.net/images/cover/9d83a18b7a328e4eeb292a94e3c79563/1000x1000-000000-80-0-0.jpg	Classic Sinatra - His Great Performances 1953-1960		https://www.deezer.com/track/3103533
spandau-ballet--gold	track	deezer	https://cdn-images.dzcdn.net/images/cover/b6565ebf5b3cb1863d337083c50331db/1000x1000-000000-80-0-0.jpg	Once More (Digital Album)		https://www.deezer.com/track/4566247
sophie-b-hawkins--as-i-lay-me-down	track	deezer	https://cdn-images.dzcdn.net/images/cover/0ce55751a923cce517d8909616b19ea0/1000x1000-000000-80-0-0.jpg	The Best Of Sophie B. Hawkins		https://www.deezer.com/track/609209
spice-girls--viva-forever	track	deezer	https://cdn-images.dzcdn.net/images/cover/b6f00b7fbad1047dd4fddbf00bf173ee/1000x1000-000000-80-0-0.jpg	Spiceworld	1997	https://www.deezer.com/track/3134163
sparks--when-do-i-get-to-sing-my-way	track	deezer	https://cdn-images.dzcdn.net/images/cover/1a40864445ebd8b01b994c1a6afed19f/1000x1000-000000-80-0-0.jpg	Gratuitous Sax & Senseless Violins (Expanded Edition)		https://www.deezer.com/track/3750635672
spinners--could-it-be-i-m-falling-in-love	track	deezer	https://cdn-images.dzcdn.net/images/cover/8dc21d719ab5a7d5e3c4eb834aa02a4f/1000x1000-000000-80-0-0.jpg	Spinners	1973	https://www.deezer.com/track/682798
stan-getz--the-girl-from-ipanema	track	deezer	https://cdn-images.dzcdn.net/images/cover/f75a005d8f7d647629c984549b034456/1000x1000-000000-80-0-0.jpg	Getz/Gilberto		https://www.deezer.com/track/1133394322
status-quo--i-didn-t-mean-it	track	deezer	https://cdn-images.dzcdn.net/images/cover/115477754a04cb873a6e98b8a541083b/1000x1000-000000-80-0-0.jpg	Thirsty Work (Deluxe Edition)		https://www.deezer.com/track/891192512
spin-doctors--two-princes	track	deezer-album	https://cdn-images.dzcdn.net/images/cover/fd27537fc4f0cbfe46761fc0300fbcd9/1000x1000-000000-80-0-0.jpg	Pocket Full Of Kryptonite	1991	https://www.deezer.com/album/115722
stansfield-lisa--change	track	deezer	https://cdn-images.dzcdn.net/images/cover/a333c8b784d10c1f634291a506e8b495/1000x1000-000000-80-0-0.jpg	Real Love (Deluxe)		https://www.deezer.com/track/140857853
status-quo--rockin-all-over-the-world	track	deezer	https://cdn-images.dzcdn.net/images/cover/d4f886919936112ca25c8c46470fd278/1000x1000-000000-80-0-0.jpg	Rockin' All Over The World		https://www.deezer.com/track/2718504
status-quo--the-wanderer	track	deezer	https://cdn-images.dzcdn.net/images/cover/7ac9a255d1dc5092e83051d449daffe2/1000x1000-000000-80-0-0.jpg	Back To Back		https://www.deezer.com/track/1117512
stansfield-lisa--someday	track	deezer	https://cdn-images.dzcdn.net/images/cover/c096acb8f80da36920e61541fbc4f609/1000x1000-000000-80-0-0.jpg	Biography: The Greatest Hits		https://www.deezer.com/track/73168256
steely-dan--black-friday	track	deezer	https://cdn-images.dzcdn.net/images/cover/369ca1f2b2a61197f7883fdfb7a300b0/1000x1000-000000-80-0-0.jpg	Katy Lied		https://www.deezer.com/track/1559394
steam--na-na-hey-hey	track	deezer	https://cdn-images.dzcdn.net/images/cover/670d49f7614b385dca64a2ac1139d36e/1000x1000-000000-80-0-0.jpg	60's Gold		https://www.deezer.com/track/936550902
steely-dan--deacon-blues	track	deezer	https://cdn-images.dzcdn.net/images/cover/69cc1f771bc7a8cf79affdcf14bae380/1000x1000-000000-80-0-0.jpg	Aja		https://www.deezer.com/track/2466017605
steely-dan--pretzel-logic	track	deezer	https://cdn-images.dzcdn.net/images/cover/ef6ce1e27e7a7ae2489bb8e9ff7b6f9c/1000x1000-000000-80-0-0.jpg	Pretzel Logic		https://www.deezer.com/track/2376905645
stiltskin--inside	track	musicbrainz	https://coverartarchive.org/release-group/d125d29b-99d7-3619-a0d2-8512e1ea6a12/front-500	The Mind’s Eye	1995	https://musicbrainz.org/release/0d9165cc-917c-4146-b2cd-890b2c298b76
stephen-bishop--it-might-be-you	track	deezer	https://cdn-images.dzcdn.net/images/cover/a5c2315ffc8f3f655a9bd5c086ff3e4e/1000x1000-000000-80-0-0.jpg	It Might Be You - EP		https://www.deezer.com/track/15927995
steve-miller-band--jet-airliner	track	deezer	https://cdn-images.dzcdn.net/images/cover/82fbd3518efdb3d0307e8bb8a9d6f80f/1000x1000-000000-80-0-0.jpg	Book Of Dreams		https://www.deezer.com/track/82135548
steve-miller-band--living-in-the-u-s-a	track	deezer	https://cdn-images.dzcdn.net/images/cover/01c947be180d960dfe17580f53015141/1000x1000-000000-80-0-0.jpg	Sailor		https://www.deezer.com/track/82322522
stevie-nicks--stand-back	track	deezer	https://cdn-images.dzcdn.net/images/cover/a425e1aa998938db42d467344676990d/1000x1000-000000-80-0-0.jpg	The Wild Heart (2016 Remastered)	1983	https://www.deezer.com/track/135367320
sting--be-still-my-beating-heart	track	deezer-album	https://cdn-images.dzcdn.net/images/cover/6c5f0cff2e1b533add2c705836521ad4/1000x1000-000000-80-0-0.jpg	...Nothing Like The Sun	1987	https://www.deezer.com/album/5942154
sting--consider-me-gone	track	deezer	https://cdn-images.dzcdn.net/images/cover/2e14c624581232938a446ce065e2815b/1000x1000-000000-80-0-0.jpg	The Dream Of The Blue Turtles	1998	https://www.deezer.com/track/2515369
stevie-nicks--edge-of-seventeen	track	deezer-album	https://cdn-images.dzcdn.net/images/cover/6ff23019f5d481542c19706995c7980c/1000x1000-000000-80-0-0.jpg	Bella Donna (2016 Remastered)	1981	https://www.deezer.com/album/14459702
sting--fortress-around-your-heart	track	deezer	https://cdn-images.dzcdn.net/images/cover/2e14c624581232938a446ce065e2815b/1000x1000-000000-80-0-0.jpg	The Dream Of The Blue Turtles	1998	https://www.deezer.com/track/2515372
sting--it-s-probably-me	track	deezer	https://cdn-images.dzcdn.net/images/cover/e2491c22fb19c154e46b449ff7aa7a62/1000x1000-000000-80-0-0.jpg	Ten Summoner's Tales	1998	https://www.deezer.com/track/530979501
sting--straight-to-my-heart	track	deezer-album	https://cdn-images.dzcdn.net/images/cover/6c5f0cff2e1b533add2c705836521ad4/1000x1000-000000-80-0-0.jpg	...Nothing Like The Sun	1987	https://www.deezer.com/album/5942154
sting--desert-rose	track	deezer-album	https://cdn-images.dzcdn.net/images/cover/4de2c75a0ac4f39122a4d7136722320c/1000x1000-000000-80-0-0.jpg	Brand New Day	1999	https://www.deezer.com/album/219348
sting--russians	track	deezer-album	https://cdn-images.dzcdn.net/images/cover/2e14c624581232938a446ce065e2815b/1000x1000-000000-80-0-0.jpg	The Dream Of The Blue Turtles	1998	https://www.deezer.com/album/246882
stone-temple-pilots--dead-bloated	track	deezer	https://cdn-images.dzcdn.net/images/cover/3c09d880d48f7331aca91276656ce37c/1000x1000-000000-80-0-0.jpg	Core	1992	https://www.deezer.com/track/2794359
stone-temple-pilots--plush	track	deezer	https://cdn-images.dzcdn.net/images/cover/3c09d880d48f7331aca91276656ce37c/1000x1000-000000-80-0-0.jpg	Core	1992	https://www.deezer.com/track/2794367
stone-temple-pilots--pretty-penny	track	deezer	https://cdn-images.dzcdn.net/images/cover/ed5d19e6c1aec3fc3cf558df345f35e0/1000x1000-000000-80-0-0.jpg	Purple	1994	https://www.deezer.com/track/4086667
stone-temple-pilots--trippin-on-a-hole-in-a-paper-heart	track	deezer	https://cdn-images.dzcdn.net/images/cover/cbac1a49ae6c74ce3c8430747e4a9114/1000x1000-000000-80-0-0.jpg	Tiny Music...Songs from the Vatican Gift Shop	1996	https://www.deezer.com/track/5931839
stray-cats--stray-cat-strut	track	deezer	https://cdn-images.dzcdn.net/images/cover/1890d1017e74e7b998efede3f9304558/1000x1000-000000-80-0-0.jpg	Stray Cats	1981	https://www.deezer.com/track/1083230
sting--when-we-dance	track	deezer	https://cdn-images.dzcdn.net/images/cover/43216748bbeee4aa12f3e2407599a4ea/1000x1000-000000-80-0-0.jpg	Fields Of Gold - The Best Of Sting 1984 - 1994	1993	https://www.deezer.com/track/1140652
styx--boat-on-the-river	track	deezer	https://cdn-images.dzcdn.net/images/cover/87bef520784bf1c12a498ef45570f2b4/1000x1000-000000-80-0-0.jpg	Cornerstone	1987	https://www.deezer.com/track/61286644
styx--suite-madame-blue	track	deezer	https://cdn-images.dzcdn.net/images/cover/67fee25a65701eb998808cbd5c8c26e1/1000x1000-000000-80-0-0.jpg	Equinox	1987	https://www.deezer.com/track/78695780
sublime--what-i-got	track	deezer	https://cdn-images.dzcdn.net/images/cover/e59ad92844acb32752d14e0f16bff6b2/1000x1000-000000-80-0-0.jpg	Sublime		https://www.deezer.com/track/127245037
sublime--wrong-way	track	deezer	https://cdn-images.dzcdn.net/images/cover/e59ad92844acb32752d14e0f16bff6b2/1000x1000-000000-80-0-0.jpg	Sublime		https://www.deezer.com/track/127245041
summer-donna--this-time-i-know-it-s-real	track	deezer	https://cdn-images.dzcdn.net/images/cover/b3a8fc8a361e41bd48e6d00822de4c62/1000x1000-000000-80-0-0.jpg	Another Place & Time	1989	https://www.deezer.com/track/81706450
suzanne-ciani--the-velocity-of-love	track	deezer	https://cdn-images.dzcdn.net/images/cover/32e97b7245bf566cb82110cc3746dc23/1000x1000-000000-80-0-0.jpg	The Velocity of Love		https://www.deezer.com/track/68547596
sydney-youngblood--sit-and-wait	track	deezer	https://cdn-images.dzcdn.net/images/cover/badf652d87acd8bee835dbf266ef708a/1000x1000-000000-80-0-0.jpg	Sit and Wait (Radio Edit)		https://www.deezer.com/track/421985102
supertramp--crime-of-the-century	track	deezer-album	https://cdn-images.dzcdn.net/images/cover/2e8c3f616430b9735ac58df8a17fb488/1000x1000-000000-80-0-0.jpg	Crime Of The Century (Deluxe)		https://www.deezer.com/album/9205655
supertramp--even-in-the-quietest-moments	track	deezer-album	https://cdn-images.dzcdn.net/images/cover/78446a8e764a870b9984aaf812785225/1000x1000-000000-80-0-0.jpg	Even In The Quietest Moments... (Remastered 2026)		https://www.deezer.com/album/938806311
sylvester--you-make-me-feel	track	deezer	https://cdn-images.dzcdn.net/images/cover/dc7d1e5e301bbed192425b249ace9380/1000x1000-000000-80-0-0.jpg	Step II		https://www.deezer.com/track/69355821
suzi-quatro--stumblin-in	track	deezer	https://cdn-images.dzcdn.net/images/cover/c85eeceb26aa480c4c1c83fb6ebea45f/1000x1000-000000-80-0-0.jpg	Stumblin' In - Live (Live)		https://www.deezer.com/track/848791842
supertramp--give-a-little-bit	track	deezer-album	https://cdn-images.dzcdn.net/images/cover/78446a8e764a870b9984aaf812785225/1000x1000-000000-80-0-0.jpg	Even In The Quietest Moments... (Remastered 2026)		https://www.deezer.com/album/938806311
suzanne-vega--tom-s-diner	track	deezer	https://cdn-images.dzcdn.net/images/cover/460ff1e724e3f35e8a9784f32969a5e5/1000x1000-000000-80-0-0.jpg	Tom's Diner		https://www.deezer.com/track/1652296642
t-rex--get-it-on	track	deezer	https://cdn-images.dzcdn.net/images/cover/a62a4b277759f16a2c962472213f6aea/1000x1000-000000-80-0-0.jpg	Electric Warrior		https://www.deezer.com/track/25003811
tag-team--whoomp	track	deezer	https://cdn-images.dzcdn.net/images/cover/8b2f8361c6207045ef6a36457a7eaf3d/1000x1000-000000-80-0-0.jpg	Whoomp! There It Is (Radio Edit)	1993	https://www.deezer.com/track/1558003142
take-that--never-forget	track	deezer	https://cdn-images.dzcdn.net/images/cover/6d6f6f1f78d0dea393db47a641402419/1000x1000-000000-80-0-0.jpg	Nobody Else (Expanded Edition)		https://www.deezer.com/track/848836992
take-that--sure	track	deezer	https://cdn-images.dzcdn.net/images/cover/6d6f6f1f78d0dea393db47a641402419/1000x1000-000000-80-0-0.jpg	Nobody Else (Expanded Edition)		https://www.deezer.com/track/848836942
backstreet-boys--i-want-it-that-way	artist	deezer-artist	https://cdn-images.dzcdn.net/images/artist/6560429ca706ad5114e1167b49bafe9a/1000x1000-000000-80-0-0.jpg			https://www.deezer.com/artist/330
talking-heads--take-me-to-the-river	track	deezer	https://cdn-images.dzcdn.net/images/cover/6a8be78bad7661d110910608de60c6b4/1000x1000-000000-80-0-0.jpg	More Songs About Buildings and Food	1978	https://www.deezer.com/track/77386189
take-that--everything-changes	track	deezer-album	https://cdn-images.dzcdn.net/images/cover/0068fc2123277ef700493d6fa6c0fc34/1000x1000-000000-80-0-0.jpg	Everything Changes (Expanded Edition)	1993	https://www.deezer.com/album/125922842
nirvana--come-as-you-are	artist	deezer-artist	https://cdn-images.dzcdn.net/images/artist/3ec5542ff520ee74e2befdaba32ef2ef/1000x1000-000000-80-0-0.jpg			https://www.deezer.com/artist/415
luis-fonsi--despacito	artist	deezer-artist	https://cdn-images.dzcdn.net/images/artist/db13837cc4442f835ceaeeeb67e9dc98/1000x1000-000000-80-0-0.jpg			https://www.deezer.com/artist/6707
take-that--how-deep-is-your-love	track	deezer	https://cdn-images.dzcdn.net/images/cover/652b113fc723e1531738c5a125f92d37/1000x1000-000000-80-0-0.jpg	Never Forget: The Ultimate Collection		https://www.deezer.com/track/12754189
tammy-wynette--stand-by-your-man	track	deezer	https://cdn-images.dzcdn.net/images/cover/d706b009eb199e8695df378076fbcac1/1000x1000-000000-80-0-0.jpg	Stand By Your Man		https://www.deezer.com/track/4491069
talking-heads--wild-wild-life	track	deezer-album	https://cdn-images.dzcdn.net/images/cover/61c2319a6585f017171596de92114719/1000x1000-000000-80-0-0.jpg	True Stories	1986	https://www.deezer.com/album/301089
tanita-tikaram--twist-in-my-sobriety	track	deezer	https://cdn-images.dzcdn.net/images/cover/8f370acedb8af5c41a3feb5e5f3df72b/1000x1000-000000-80-0-0.jpg	Ancient Heart	1988	https://www.deezer.com/track/2686266
tasmin-archer--sleeping-satelite	track	deezer	https://cdn-images.dzcdn.net/images/cover/e69d4099bd113d23a797fa7ffbd7f407/1000x1000-000000-80-0-0.jpg	Great Expectations	1992	https://www.deezer.com/track/3115574
tasmin-archer--sleeping-satellite	track	deezer	https://cdn-images.dzcdn.net/images/cover/e69d4099bd113d23a797fa7ffbd7f407/1000x1000-000000-80-0-0.jpg	Great Expectations	1992	https://www.deezer.com/track/3115574
taylor-dayne--tell-it-to-my-heart	track	deezer	https://cdn-images.dzcdn.net/images/cover/4ab2da10d0ccc7217375e4178bfcd4a3/1000x1000-000000-80-0-0.jpg	Tell It To My Heart (Deluxe Anniversary Edition)		https://www.deezer.com/track/2477190871
the-alan-parsons-project--mammagamma	track	deezer	https://cdn-images.dzcdn.net/images/cover/399c52ec3a4ba14f29646a59ee69e1e5/1000x1000-000000-80-0-0.jpg	Eye In The Sky	1982	https://www.deezer.com/track/328213631
tears-for-fears--sowing-the-seeds-of-love	track	deezer-album	https://cdn-images.dzcdn.net/images/cover/68696e8113eef4402f1c00e460eef172/1000x1000-000000-80-0-0.jpg	The Seeds Of Love		https://www.deezer.com/album/177085362
the-alan-parsons-project--prime-time	track	deezer	https://cdn-images.dzcdn.net/images/cover/bb82108989c363b7d209bb56adaec979/1000x1000-000000-80-0-0.jpg	Ammonia Avenue	1984	https://www.deezer.com/track/15387955
the-alan-parsons-project--what-goes-up	track	deezer	https://cdn-images.dzcdn.net/images/cover/68e8a57476aa577eb850e31a9df4814b/1000x1000-000000-80-0-0.jpg	Pyramid (Expanded Edition)	1984	https://www.deezer.com/track/580899
the-allman-brothers-band--blue-sky	track	deezer	https://cdn-images.dzcdn.net/images/cover/f90565f2b07075159e44de0d3196ba5e/1000x1000-000000-80-0-0.jpg	Eat A Peach		https://www.deezer.com/track/128948406
the-allman-brothers-band--in-memory-of-elizabeth-reed	track	deezer	https://cdn-images.dzcdn.net/images/cover/15503e271c7e78bd7fea29274b26afd1/1000x1000-000000-80-0-0.jpg	Idlewild South		https://www.deezer.com/track/549310322
the-allman-brothers-band--midnight-rider	track	deezer	https://cdn-images.dzcdn.net/images/cover/dc66ad81a1f9bbcca0ed90d653f48d44/1000x1000-000000-80-0-0.jpg	One Way Out		https://www.deezer.com/track/118837192
red-hot-chili-peppers--californication	track	deezer	https://cdn-images.dzcdn.net/images/cover/5e61e8290a4d1d64ca58920656c9602d/1000x1000-000000-80-0-0.jpg	Californication (Deluxe Edition)	1999	https://www.deezer.com/track/725274
red-hot-chilli-peppers--cant-stop	track	deezer	https://cdn-images.dzcdn.net/images/cover/49b073f55550d41055e02c493f9a7d39/1000x1000-000000-80-0-0.jpg	By the Way (Deluxe Edition)		https://www.deezer.com/track/725971
billie-eilish--everything-i-wanted	track	deezer	https://cdn-images.dzcdn.net/images/cover/0da7f3792b522921eb9aa5a44f0a4ce7/1000x1000-000000-80-0-0.jpg	everything i wanted		https://www.deezer.com/track/803010392
radiohead--creep	track	deezer	https://cdn-images.dzcdn.net/images/cover/1dd56fd8824492e1a5106c99a00a85ec/1000x1000-000000-80-0-0.jpg	Pablo Honey	1993	https://www.deezer.com/track/138547415
jackson-michael--beat-it	track	deezer	https://cdn-images.dzcdn.net/images/cover/a0ad67d1beb761f2cb9f8b60e5bcf07a/1000x1000-000000-80-0-0.jpg	Michael Jackson's This Is It		https://www.deezer.com/track/4763165
r-e-m--losing-my-religion	track	deezer	https://cdn-images.dzcdn.net/images/cover/a968ed3814acb2ef8f3929b1bebcb42d/1000x1000-000000-80-0-0.jpg	Out Of Time	1991	https://www.deezer.com/track/136334560
red-hot-chili-peppers--under-the-bridge	track	deezer-album	https://cdn-images.dzcdn.net/images/cover/5d7af03204d679ef877b9033d279d8bd/1000x1000-000000-80-0-0.jpg	Blood Sugar Sex Magik (Deluxe Edition)	1991	https://www.deezer.com/album/86548
dr-dre--still-d-r-e	track	deezer	https://cdn-images.dzcdn.net/images/cover/0d9a24d054cbc5ab11843beed9f1422b/1000x1000-000000-80-0-0.jpg	2001		https://www.deezer.com/track/128743581
abba--dancing-queen	track	deezer-album	https://cdn-images.dzcdn.net/images/cover/6d99196c168eaf687e0d3c88a7a87604/1000x1000-000000-80-0-0.jpg	Arrival		https://www.deezer.com/album/126502
oasis--wonderwall	track	deezer	https://cdn-images.dzcdn.net/images/cover/ddb062c517401ee74d8a4df6f895d75e/1000x1000-000000-80-0-0.jpg	(What's The Story) Morning Glory?	1995	https://www.deezer.com/track/985745702
the-beatles--here-comes-the-sun	track	deezer	https://cdn-images.dzcdn.net/images/cover/aa94ab293730bb7845d2aa8c672b2c29/1000x1000-000000-80-0-0.jpg	Abbey Road (Remastered)		https://www.deezer.com/track/116348464
eurythmics--sweet-dreams-are-made-of-this	track	musicbrainz	https://coverartarchive.org/release-group/2c2003d8-c934-4526-9b3b-8db2fe65b414/front-500	Het gevoel van de 80’s		https://musicbrainz.org/release/834749f9-d81f-45ce-b495-826cf7441b3a
outkast--hey-ya	track	deezer	https://cdn-images.dzcdn.net/images/cover/f81783b6cc6030733cd475f820855562/1000x1000-000000-80-0-0.jpg	Speakerboxxx/The Love Below		https://www.deezer.com/track/628266
creedence-clearwater-revival--fortunate-son	track	deezer-album	https://cdn-images.dzcdn.net/images/cover/7ada3abad33c88c4cb2354623b4f4700/1000x1000-000000-80-0-0.jpg	Willy And The Poor Boys (Expanded Edition)		https://www.deezer.com/album/9817262
gaye-marvin--ain-t-no-mountain-high-enough	track	deezer-album	https://cdn-images.dzcdn.net/images/cover/7beb28379235585e5c8376d11776479f/1000x1000-000000-80-0-0.jpg	United		https://www.deezer.com/album/89926872
dire-straits--sultans-of-swing	track	deezer	https://cdn-images.dzcdn.net/images/cover/1bf2bc47623db2ec36a38be064131ce5/1000x1000-000000-80-0-0.jpg	Dire Straits	1983	https://www.deezer.com/track/2263033
survivor--eye-of-the-tiger	track	deezer	https://cdn-images.dzcdn.net/images/cover/e66b5d3a40f69690c1633afb73cc590c/1000x1000-000000-80-0-0.jpg	Rocky IV		https://www.deezer.com/track/576431
the-cranberries--zombie	track	deezer	https://cdn-images.dzcdn.net/images/cover/3cb8a08f542ee1a6961b4e5ce5248393/1000x1000-000000-80-0-0.jpg	No Need To Argue (2025 Remastered)		https://www.deezer.com/track/3498055251
fleetwood-mac--the-chain	track	deezer	https://cdn-images.dzcdn.net/images/cover/9732751ce91d786dcf30069853697078/1000x1000-000000-80-0-0.jpg	Rumours	1977	https://www.deezer.com/track/63480992
ac-dc--you-shook-me-all-night-long	track	deezer	https://cdn-images.dzcdn.net/images/cover/41041b14873956eff0459c8ea2c296a8/1000x1000-000000-80-0-0.jpg	Back In Black		https://www.deezer.com/track/92720048
whitney-houston--i-wanna-dance-with-somebody	track	deezer	https://cdn-images.dzcdn.net/images/cover/26b5030b971a5fd363f82cad8cff7453/1000x1000-000000-80-0-0.jpg	Whitney		https://www.deezer.com/track/75981528
bryan-adams--summer-of-69	track	deezer	https://cdn-images.dzcdn.net/images/cover/f5c062034dbbf74f9c158c51ba783871/1000x1000-000000-80-0-0.jpg	Reckless		https://www.deezer.com/track/88902741
foo-fighters--everlong	track	deezer-album	https://cdn-images.dzcdn.net/images/cover/b60f3a75fb0eac77786603a940657164/1000x1000-000000-80-0-0.jpg	The Colour And The Shape	1997	https://www.deezer.com/album/8247832
lynyrd-skynyrd--sweet-home-alabama	track	deezer	https://cdn-images.dzcdn.net/images/cover/cb4c2efc2d1f2877ae6457d1feddc31b/1000x1000-000000-80-0-0.jpg	Second Helping (Expanded Edition)		https://www.deezer.com/track/24949681
the-rolling-stones--paint-it-black	track	deezer-album	https://cdn-images.dzcdn.net/images/cover/8d88273e39d8806c6041b413a8c4cf74/1000x1000-000000-80-0-0.jpg	Aftermath		https://www.deezer.com/album/912318
cyndi-lauper--girls-just-wanna-have-fun	track	deezer	https://cdn-images.dzcdn.net/images/cover/65689ec5162126a39cf7bff42a28ba50/1000x1000-000000-80-0-0.jpg	80s 100 Hits		https://www.deezer.com/track/5404527
black-sabbath--paranoid	track	deezer	https://cdn-images.dzcdn.net/images/cover/bb3b4d0378c91d2fca5204bac48f5e71/1000x1000-000000-80-0-0.jpg	Paranoid	1980	https://www.deezer.com/track/3788156052
guns-n-roses--welcome-to-the-jungle	track	deezer-album	https://cdn-images.dzcdn.net/images/cover/75c0f08e23dca1c8e25b298ee67a41d1/1000x1000-000000-80-0-0.jpg	Appetite For Destruction		https://www.deezer.com/album/66644212
metallica--nothing-else-matters	track	deezer	https://cdn-images.dzcdn.net/images/cover/4f2093c9d25852c8f1937ae5a47b99a6/1000x1000-000000-80-0-0.jpg	Metallica (Remastered 2021)	1991	https://www.deezer.com/track/1483825282
queen--don-t-stop-me-now	track	itunes	https://is1-ssl.mzstatic.com/image/thumb/Music221/v4/b0/28/a7/b028a7a4-9e6f-62fb-bce2-103a633449a9/602527717678.jpg/600x600cc.jpg	Jazz	1978	https://music.apple.com/us/album/dont-stop-me-now/6781076099?i=6781076300&uo=4
john-elton--i-m-still-standing	track	deezer	https://cdn-images.dzcdn.net/images/cover/3f099560bed3f4813a8bf71e203cd3f0/1000x1000-000000-80-0-0.jpg	Too Low For Zero	1998	https://www.deezer.com/track/1171163
tlc--no-scrubs	track	deezer	https://cdn-images.dzcdn.net/images/cover/6dd5f40e7688ba155a5ef557977e95d3/1000x1000-000000-80-0-0.jpg	Fanmail	1999	https://www.deezer.com/track/1075781
kiss--i-was-made-for-lovin-you	track	deezer	https://cdn-images.dzcdn.net/images/cover/22abb990857654105f908a558ea78bc1/1000x1000-000000-80-0-0.jpg	Dynasty	1997	https://www.deezer.com/track/2267042
red-hot-chili-peppers--scar-tissue	track	deezer	https://cdn-images.dzcdn.net/images/cover/5e61e8290a4d1d64ca58920656c9602d/1000x1000-000000-80-0-0.jpg	Californication (Deluxe Edition)	1999	https://www.deezer.com/track/725254
toto--africa	track	itunes	https://is1-ssl.mzstatic.com/image/thumb/Music115/v4/69/ce/d2/69ced240-07a7-2a04-bbab-2afbacf30809/074643772822.jpg/600x600cc.jpg	Toto IV	1982	https://music.apple.com/us/album/africa/185716551?i=185717604&uo=4
aerosmith--dream-on	track	deezer	https://cdn-images.dzcdn.net/images/cover/dff3e7888173581b370d71a02650e461/1000x1000-000000-80-0-0.jpg	1971: The Road Starts Hear		https://www.deezer.com/track/1705335307
queen--we-will-rock-you	track	deezer	https://cdn-images.dzcdn.net/images/cover/7a423dd31a478954f492c560ae90559d/1000x1000-000000-80-0-0.jpg	News Of The World		https://www.deezer.com/track/4092312801
red-hot-chili-peppers--otherside	track	deezer	https://cdn-images.dzcdn.net/images/cover/5e61e8290a4d1d64ca58920656c9602d/1000x1000-000000-80-0-0.jpg	Californication (Deluxe Edition)	1999	https://www.deezer.com/track/725261
green-day--basket-case	track	deezer	https://cdn-images.dzcdn.net/images/cover/1e17054b7bfa6576f64ea867b71ef479/1000x1000-000000-80-0-0.jpg	Dookie	1994	https://www.deezer.com/track/678044
michael-george--careless-whisper	track	deezer	https://cdn-images.dzcdn.net/images/cover/bb61a054494a99eba6467d8364e3380c/1000x1000-000000-80-0-0.jpg	The Final		https://www.deezer.com/track/14525086
eminem--lose-yourself	track	deezer	https://cdn-images.dzcdn.net/images/cover/e2b36a9fda865cb2e9ed1476b6291a7d/1000x1000-000000-80-0-0.jpg	Curtain Call: The Hits		https://www.deezer.com/track/1109731
blink-182--all-the-small-things	track	deezer-album	https://cdn-images.dzcdn.net/images/cover/c25db71db5267c6919391c5f6d8b0d37/1000x1000-000000-80-0-0.jpg	Enema Of The State		https://www.deezer.com/album/72704062
bon-jovi--you-give-love-a-bad-name	track	deezer-album	https://cdn-images.dzcdn.net/images/cover/f513327c13908b0def56f1fa0ca79789/1000x1000-000000-80-0-0.jpg	Cross Road		https://www.deezer.com/album/70189822
papa-roach--last-resort	track	deezer-album	https://cdn-images.dzcdn.net/images/cover/d601f567579c7a58ccbcf9c64b1022f8/1000x1000-000000-80-0-0.jpg	Infest		https://www.deezer.com/album/84923722
the-clash--should-i-stay-or-should-i-go	track	deezer	https://cdn-images.dzcdn.net/images/cover/dcb57e195538467662fbce4492f89c20/1000x1000-000000-80-0-0.jpg	Combat Rock (Remastered)	1982	https://www.deezer.com/track/69962764
bob-marley--could-you-be-loved	track	deezer	https://cdn-images.dzcdn.net/images/cover/8d66bb5d623fed6a464415dbc744df21/1000x1000-000000-80-0-0.jpg	Uprising		https://www.deezer.com/track/2542703
bee-gees--stayin-alive	track	deezer-album	https://cdn-images.dzcdn.net/images/cover/bf01af7ad334cfc592572ed2be9c3d72/1000x1000-000000-80-0-0.jpg	How Can You Mend A Broken Heart		https://www.deezer.com/album/186284652
spice-girls--wannabe	track	deezer	https://cdn-images.dzcdn.net/images/cover/18c4f2d9608910a2b8eb1835052e895b/1000x1000-000000-80-0-0.jpg	Spice	1996	https://www.deezer.com/track/3133738
the-notorious-b-i-g--big-poppa	track	deezer-album	https://cdn-images.dzcdn.net/images/cover/c1a74b7fa8de503d015f37ab85b1ad1c/1000x1000-000000-80-0-0.jpg	Music Inspired By Biggie: I Got A Story To Tell		https://www.deezer.com/album/210594252
ariana-grande--santa-tell-me	track	deezer	https://cdn-images.dzcdn.net/images/cover/5ef0b72019ee21e0cd3b7d021d5c7a37/1000x1000-000000-80-0-0.jpg	Santa Tell Me		https://www.deezer.com/track/90728983
eminem--stan	track	deezer-album	https://cdn-images.dzcdn.net/images/cover/941c2d3c366affdc662956559e078a4e/1000x1000-000000-80-0-0.jpg	The Marshall Mathers LP		https://www.deezer.com/album/125748
fleetwood-mac--everywhere	track	deezer-album	https://cdn-images.dzcdn.net/images/cover/9786e219f4c7e17f703d55119b7261a9/1000x1000-000000-80-0-0.jpg	Tango in the Night (2017 Remaster)	1987	https://www.deezer.com/album/38690691
kendrick-lamar--dna	track	deezer	https://cdn-images.dzcdn.net/images/cover/7ce6b8452fae425557067db6e6a1cad5/1000x1000-000000-80-0-0.jpg	DAMN.		https://www.deezer.com/track/350171251
selena-gomez--lose-you-to-love-me	track	deezer	https://cdn-images.dzcdn.net/images/cover/28a68240b2a9b50a1d5e2259f7bbfdcd/1000x1000-000000-80-0-0.jpg	Rare		https://www.deezer.com/track/847637202
van-morrison--brown-eyed-girl	track	deezer	https://cdn-images.dzcdn.net/images/cover/701ba85d824873a26adda00cdf330dc0/1000x1000-000000-80-0-0.jpg	Van Morrison - Brown Eyed Girl, The Bang Recordings		https://www.deezer.com/track/71647249
4-non-blondes--what-s-up	track	deezer	https://cdn-images.dzcdn.net/images/cover/22ab04ebf46e75a8c2c83a774c8831a8/1000x1000-000000-80-0-0.jpg	Bigger, Better, Faster, More !	1996	https://www.deezer.com/track/2184743
u2--with-or-without-you	track	deezer-album	https://cdn-images.dzcdn.net/images/cover/b255afa51b3c1af7872acb56da319c2d/1000x1000-000000-80-0-0.jpg	The Joshua Tree		https://www.deezer.com/album/104260
billy-joel--uptown-girl	track	deezer	https://cdn-images.dzcdn.net/images/cover/fa5a6fc95f4adfb8784dcd719422c26e/1000x1000-000000-80-0-0.jpg	An Innocent Man	1983	https://www.deezer.com/track/1025659
guns-n-roses--paradise-city	track	deezer-album	https://cdn-images.dzcdn.net/images/cover/75c0f08e23dca1c8e25b298ee67a41d1/1000x1000-000000-80-0-0.jpg	Appetite For Destruction		https://www.deezer.com/album/66644212
foreigner--i-want-to-know-what-love-is	track	deezer-album	https://cdn-images.dzcdn.net/images/cover/e9ff017e261498ee3b7fd3707763b211/1000x1000-000000-80-0-0.jpg	Agent Provocateur	1984	https://www.deezer.com/album/81722
the-animals--the-house-of-the-rising-sun	track	deezer	https://cdn-images.dzcdn.net/images/cover/f0a4128d9e9b59a183a6234ff5379c33/1000x1000-000000-80-0-0.jpg	The Animals (The Best)		https://www.deezer.com/track/107659972
shaggy--it-wasn-t-me	track	deezer-album	https://cdn-images.dzcdn.net/images/cover/2b15725d7e8a0afa0ac641b676962eae/1000x1000-000000-80-0-0.jpg	Hot Shot		https://www.deezer.com/album/84920482
britney-spears--baby-one-more-time	track	deezer	https://cdn-images.dzcdn.net/images/cover/f685d32254a59b6162be0d1082ff8805/1000x1000-000000-80-0-0.jpg	...Baby One More Time (Digital Deluxe Version)	1999	https://www.deezer.com/track/540175
sixpence-none-the-richer--kiss-me	track	deezer	https://cdn-images.dzcdn.net/images/cover/aeead52beefc1e43665c6b507a7e46e4/1000x1000-000000-80-0-0.jpg	Sixpence None The Richer	1998	https://www.deezer.com/track/134116940
the-cranberries--linger	track	deezer-album	https://cdn-images.dzcdn.net/images/cover/b8c8e4dae8b9ec2bd4b68b151838a003/1000x1000-000000-80-0-0.jpg	Everybody Else Is Doing It, So Why Can't We? (Remastered 2026)		https://www.deezer.com/album/983214111
oasis--don-t-look-back-in-anger	track	deezer	https://cdn-images.dzcdn.net/images/cover/c4368c79bbe5c88b38b5c2a2527c51e5/1000x1000-000000-80-0-0.jpg	Don't Look Back In Anger		https://www.deezer.com/track/985722002
radiohead--no-surprises	track	deezer-album	https://cdn-images.dzcdn.net/images/cover/05a186e0a859a36f9cd51cdae2158fe1/1000x1000-000000-80-0-0.jpg	OK Computer	1997	https://www.deezer.com/album/14879699
aerosmith--i-don-t-want-to-miss-a-thing	track	deezer	https://cdn-images.dzcdn.net/images/cover/82bb160fe7b46cca64dc989a4f5843d0/1000x1000-000000-80-0-0.jpg	Armageddon - The Album	1998	https://www.deezer.com/track/624823
bob-marley--three-little-birds	track	deezer-album	https://cdn-images.dzcdn.net/images/cover/4a8376ef313d132ca7b434fe82309f47/1000x1000-000000-80-0-0.jpg	Exodus		https://www.deezer.com/album/322427657
smash-mouth--all-star	track	deezer-album	https://cdn-images.dzcdn.net/images/cover/5b259c2681e023ed1bd1c77b260c2eb8/1000x1000-000000-80-0-0.jpg	Astro Lounge	1999	https://www.deezer.com/album/217808
bill-withers--ain-t-no-sunshine	track	deezer	https://cdn-images.dzcdn.net/images/cover/0a582ace7dda823714f8eaaa74ab9505/1000x1000-000000-80-0-0.jpg	Just As I Am	1971	https://www.deezer.com/track/2312047
billy-joel--piano-man	track	deezer	https://cdn-images.dzcdn.net/images/cover/f61883eed26156899dc5086ce8e25885/1000x1000-000000-80-0-0.jpg	Piano Man (Legacy Edition)		https://www.deezer.com/track/14333215
guns-n-roses--november-rain	track	deezer	https://cdn-images.dzcdn.net/images/cover/546fe1eca5d3bf48c6a48fb3c0ddac63/1000x1000-000000-80-0-0.jpg	Use Your Illusion I	1991	https://www.deezer.com/track/1169683
toto--hold-the-line	track	deezer	https://cdn-images.dzcdn.net/images/cover/18a61113ea28b3261a97c6ca167f00ba/1000x1000-000000-80-0-0.jpg	Toto	1978	https://www.deezer.com/track/1078779
the-offspring--the-kids-aren-t-alright	track	deezer	https://cdn-images.dzcdn.net/images/cover/f7d8a61b8c4b118e642acfb3db0a45a1/1000x1000-000000-80-0-0.jpg	Americana		https://www.deezer.com/track/137233986
my-chemical-romance--teenagers	track	deezer	https://cdn-images.dzcdn.net/images/cover/0f23ab7de2b53c5298044ef1de148c50/1000x1000-000000-80-0-0.jpg	The Black Parade		https://www.deezer.com/track/676590
men-at-work--down-under	track	deezer-album	https://cdn-images.dzcdn.net/images/cover/d2b29dc2818c950c42bcdc221dcf9f0b/1000x1000-000000-80-0-0.jpg	Business As Usual	1981	https://www.deezer.com/album/7093930
alphaville--forever-young	track	deezer	https://cdn-images.dzcdn.net/images/cover/3cba7135b09c8e54f36a85ab857c5dff/1000x1000-000000-80-0-0.jpg	Forever Young	1984	https://www.deezer.com/track/698274
led-zeppelin--stairway-to-heaven	track	deezer	https://cdn-images.dzcdn.net/images/cover/460a0edd96f743be03b7405eac38c633/1000x1000-000000-80-0-0.jpg	Led Zeppelin IV (Deluxe Edition)		https://www.deezer.com/track/88003859
elvis-presley--can-t-help-falling-in-love	track	deezer	https://cdn-images.dzcdn.net/images/cover/5e7eb0f983c1ec5c6834edead263c871/1000x1000-000000-80-0-0.jpg	Elvis At The Movies		https://www.deezer.com/track/551383
the-temptations--my-girl	track	deezer	https://cdn-images.dzcdn.net/images/cover/cf1e8f2557ef4c71da1e3203e841891b/1000x1000-000000-80-0-0.jpg	The Temptations Sing Smokey		https://www.deezer.com/track/538643262
cyndi-lauper--time-after-time	track	deezer	https://cdn-images.dzcdn.net/images/cover/48bcf7415317ec8dc1181ee55b4b0aeb/1000x1000-000000-80-0-0.jpg	She's So Unusual	1983	https://www.deezer.com/track/72194073
jackson-michael--smooth-criminal	track	deezer	https://cdn-images.dzcdn.net/images/cover/a0ad67d1beb761f2cb9f8b60e5bcf07a/1000x1000-000000-80-0-0.jpg	Michael Jackson's This Is It		https://www.deezer.com/track/4603400
bon-jovi--it-s-my-life	track	deezer-album	https://cdn-images.dzcdn.net/images/cover/08a906bd35e5707ef08ceed3e36db1c7/1000x1000-000000-80-0-0.jpg	Crush		https://www.deezer.com/album/9101535
wham--wake-me-up-before-you-go-go	track	deezer	https://cdn-images.dzcdn.net/images/cover/3c1858a4aa5d732a60c8cfcf424f24ef/1000x1000-000000-80-0-0.jpg	Make It Big	1985	https://www.deezer.com/track/15194531
blur--song-2	track	deezer-album	https://cdn-images.dzcdn.net/images/cover/c171487c2b0cd14f12b015aa76304394/1000x1000-000000-80-0-0.jpg	Blur	1997	https://www.deezer.com/album/4351431
bruce-springsteen--dancing-in-the-dark	track	deezer	https://cdn-images.dzcdn.net/images/cover/106f651bf559796879b90e83c50b3e96/1000x1000-000000-80-0-0.jpg	Born In The U.S.A.	1984	https://www.deezer.com/track/15586246
pink-floyd--another-brick-in-the-wall-part-2	track	deezer	https://cdn-images.dzcdn.net/images/cover/2bea643b92a8fc6b19a23756f718cbd4/1000x1000-000000-80-0-0.jpg	The Wall	1979	https://www.deezer.com/track/116914094
linkin-park--one-step-closer	track	deezer	https://cdn-images.dzcdn.net/images/cover/033a271b5ec10842c287827c39244fb5/1000x1000-000000-80-0-0.jpg	Hybrid Theory (Bonus Edition)		https://www.deezer.com/track/676162
simple-minds--don-t-you	track	deezer-album	https://cdn-images.dzcdn.net/images/cover/51a56db86bdbe1d883332cdade13a885/1000x1000-000000-80-0-0.jpg	Once Upon A Time		https://www.deezer.com/album/700150101
britney-spears--oops-i-did-it-again	track	deezer	https://cdn-images.dzcdn.net/images/cover/2ee378abaa92e28306850b4b0efe2f03/1000x1000-000000-80-0-0.jpg	Oops!... I Did It Again		https://www.deezer.com/track/13142617
limp-bizkit--break-stuff	track	deezer	https://cdn-images.dzcdn.net/images/cover/997093089e97966606459e719848329f/1000x1000-000000-80-0-0.jpg	Significant Other		https://www.deezer.com/track/94613616
crowded-house--don-t-dream-it-s-over	track	deezer	https://cdn-images.dzcdn.net/images/cover/797cfed6ecc569b95afd34ba55784fba/1000x1000-000000-80-0-0.jpg	Crowded House	1988	https://www.deezer.com/track/133577580
john-elton--your-song	track	deezer	https://cdn-images.dzcdn.net/images/cover/45f8525700eda0649987162086ec25d1/1000x1000-000000-80-0-0.jpg	Songs From The West Coast		https://www.deezer.com/track/2495485
chris-isaak--wicked-game	track	deezer-album	https://cdn-images.dzcdn.net/images/cover/fbd14dfa8b495d4e764be54c0bd75808/1000x1000-000000-80-0-0.jpg	Heart Shaped World		https://www.deezer.com/album/1017900471
queen--crazy-little-thing-called-love	track	deezer-album	https://cdn-images.dzcdn.net/images/cover/156c197582a4d4b40e17d72b79d3df62/1000x1000-000000-80-0-0.jpg	The Game		https://www.deezer.com/album/1007453881
the-cure--boys-don-t-cry	track	deezer-album	https://cdn-images.dzcdn.net/images/cover/2dc3cb206b8c8edee6578b0dca220ca5/1000x1000-000000-80-0-0.jpg	Boys Don't Cry	1986	https://www.deezer.com/album/1250158
destiny-s-child--say-my-name	track	deezer	https://cdn-images.dzcdn.net/images/cover/73da200f9335f752d2f7cb5ed8933cef/1000x1000-000000-80-0-0.jpg	The Writing's On The Wall	1999	https://www.deezer.com/track/580936
creedence-clearwater-revival--bad-moon-rising	track	deezer-album	https://cdn-images.dzcdn.net/images/cover/8cf6b18eba8e0fa730b9a37f7d00f9a4/1000x1000-000000-80-0-0.jpg	Green River (Expanded Edition)		https://www.deezer.com/album/79842512
boston--more-than-a-feeling	track	deezer-album	https://cdn-images.dzcdn.net/images/cover/7e09ecb0a9944d65cc3902d60c0677f6/1000x1000-000000-80-0-0.jpg	Boston	1999	https://www.deezer.com/album/8497029
sublime--santeria	track	deezer	https://cdn-images.dzcdn.net/images/cover/e59ad92844acb32752d14e0f16bff6b2/1000x1000-000000-80-0-0.jpg	Sublime		https://www.deezer.com/track/127245051
fleetwood-mac--landslide	track	deezer	https://cdn-images.dzcdn.net/images/cover/35b5526dd0df498eb85355c7427a5a3b/1000x1000-000000-80-0-0.jpg	Fleetwood Mac	1977	https://www.deezer.com/track/3599559
natalie-imbruglia--torn	track	deezer	https://cdn-images.dzcdn.net/images/cover/62f49979daf12319e406af9389e9c487/1000x1000-000000-80-0-0.jpg	Left Of The Middle	1997	https://www.deezer.com/track/992131
van-halen--jump	track	deezer	https://cdn-images.dzcdn.net/images/cover/0649448bcdeeeb48c25edc0e83653711/1000x1000-000000-80-0-0.jpg	1984 (Remastered)	1984	https://www.deezer.com/track/97098410
bryan-adams--heaven	track	deezer	https://cdn-images.dzcdn.net/images/cover/f5c062034dbbf74f9c158c51ba783871/1000x1000-000000-80-0-0.jpg	Reckless		https://www.deezer.com/track/88902737
nirvana--heart-shaped-box	track	deezer	https://cdn-images.dzcdn.net/images/cover/4d0dfaf6d522f5323aebcc85903d92ac/1000x1000-000000-80-0-0.jpg	In Utero		https://www.deezer.com/track/70466227
rick-astley--never-gonna-give-you-up	track	deezer-album	https://cdn-images.dzcdn.net/images/cover/07de029f6cbc9ce63d9b6064f68b7455/1000x1000-000000-80-0-0.jpg	Whenever You Need Somebody	1987	https://www.deezer.com/album/901415162
scorpions--wind-of-change	track	deezer	https://cdn-images.dzcdn.net/images/cover/98b6e4c7ed01378305cc9b1946705c1f/1000x1000-000000-80-0-0.jpg	Crazy World	1991	https://www.deezer.com/track/927900
tears-for-fears--everybody-wants-to-rule-the-world	none	placeholder				
coolio--gangsta-s-paradise	none	placeholder				
soft-cell--tainted-love	track	deezer	https://cdn-images.dzcdn.net/images/cover/a809e8767a0cc557be1c894c5ed1c71e/1000x1000-000000-80-0-0.jpg	The Very Best Of Soft Cell		https://www.deezer.com/track/1173622
xxxtentacion--sad	artist	deezer-artist	https://cdn-images.dzcdn.net/images/artist/62e6edfaf5461eeb5b7310903229607a/1000x1000-000000-80-0-0.jpg			https://www.deezer.com/artist/9822974
pink-floyd--wish-you-were-here	track	deezer	https://cdn-images.dzcdn.net/images/cover/cb029c785b8d0cd624ddee9d4127ceff/1000x1000-000000-80-0-0.jpg	Wish You Were Here		https://www.deezer.com/track/116914042
kanye-west--homecoming	track	deezer	https://cdn-images.dzcdn.net/images/cover/8c6578a2099561992fb7544e6826f767/1000x1000-000000-80-0-0.jpg	Graduation		https://www.deezer.com/track/630827332
queen--somebody-to-love	track	deezer-album	https://cdn-images.dzcdn.net/images/cover/4694f42c86b512499cc7285f8d8364f8/1000x1000-000000-80-0-0.jpg	A Day At The Races	1976	https://www.deezer.com/album/1007320461
lady-gaga--paparazzi	track	deezer-album	https://cdn-images.dzcdn.net/images/cover/cc24d60a998e1a296f0c22efa8ddffd2/1000x1000-000000-80-0-0.jpg	The Fame		https://www.deezer.com/album/253927
bob-marley--is-this-love	track	deezer	https://cdn-images.dzcdn.net/images/cover/6367879e2e914efb1a5e546c7492ca0f/1000x1000-000000-80-0-0.jpg	Kaya		https://www.deezer.com/track/2293791
john-elton--don-t-go-breaking-my-heart	track	deezer	https://cdn-images.dzcdn.net/images/cover/5d26879f1c0ceb4fe8f7a6ae44e6af75/1000x1000-000000-80-0-0.jpg	Rock Of The Westies	1975	https://www.deezer.com/track/1162676
bee-gees--how-deep-is-your-love	track	deezer-album	https://cdn-images.dzcdn.net/images/cover/bf01af7ad334cfc592572ed2be9c3d72/1000x1000-000000-80-0-0.jpg	How Can You Mend A Broken Heart		https://www.deezer.com/album/186284652
america--a-horse-with-no-name	track	deezer	https://cdn-images.dzcdn.net/images/cover/19d62e7e569c5c521c95bba2036feebe/1000x1000-000000-80-0-0.jpg	Halcyon Days		https://www.deezer.com/track/3948143351
the-cardigans--love-fool	track	musicbrainz	https://coverartarchive.org/release-group/64e16ef1-0bfb-473d-be30-819ebdf9bb58/front-500	Hits of the 90s	2004	https://musicbrainz.org/release/795af3e0-6884-462b-81f4-96f8a1f76867
dr-dre--forgot-about-dre	track	deezer	https://cdn-images.dzcdn.net/images/cover/0d9a24d054cbc5ab11843beed9f1422b/1000x1000-000000-80-0-0.jpg	2001		https://www.deezer.com/track/128743593
starship--nothing-s-gonna-stop-us-now	track	deezer	https://cdn-images.dzcdn.net/images/cover/406422c6e648fcf217830d9e93ad4a50/1000x1000-000000-80-0-0.jpg	Starship		https://www.deezer.com/track/118850726
bill-withers--lovely-day	track	deezer	https://cdn-images.dzcdn.net/images/cover/a0f8066955d470d66f85b5308471d643/1000x1000-000000-80-0-0.jpg	Pledging My Love		https://www.deezer.com/track/1040347
no-doubt--don-t-speak	track	deezer-album	https://cdn-images.dzcdn.net/images/cover/ca98ac0c7e171921f712a68ff94eddc1/1000x1000-000000-80-0-0.jpg	Tragic Kingdom	1995	https://www.deezer.com/album/320369957
creedence-clearwater-revival--have-you-ever-seen-the-rain	track	itunes	https://is1-ssl.mzstatic.com/image/thumb/Music115/v4/fb/93/81/fb938141-0ec9-ff80-3b57-3d3d0979e4b3/00888072356085.rgb.jpg/600x600cc.jpg	Pendulum	1968	https://music.apple.com/us/album/have-you-ever-seen-the-rain/1440948020?i=1440948088&uo=4
otis-redding--the-dock-of-the-bay	track	deezer-album	https://cdn-images.dzcdn.net/images/cover/e32d56c61a5914589c57cfd71c5f312e/1000x1000-000000-80-0-0.jpg	The Dock of the Bay (Mono)		https://www.deezer.com/album/9214449
queen--killer-queen	track	deezer-album	https://cdn-images.dzcdn.net/images/cover/c32e0dbc2a33b6270de47897bda62794/1000x1000-000000-80-0-0.jpg	Sheer Heart Attack		https://www.deezer.com/album/1007457911
depeche-mode--enjoy-the-silence	track	deezer	https://cdn-images.dzcdn.net/images/cover/2632e326fac7c48c2fbef198f295995a/1000x1000-000000-80-0-0.jpg	Violator (Deluxe)	1990	https://www.deezer.com/track/136331382
roxette--it-must-have-been-love	track	deezer	https://cdn-images.dzcdn.net/images/cover/91cd4efbb811a9b598ecb97ccf8b8383/1000x1000-000000-80-0-0.jpg	Live 2010 Stavanger Halmstad St Petersburg		https://www.deezer.com/track/913071992
eminem--the-real-slim-shady	track	itunes	https://is1-ssl.mzstatic.com/image/thumb/Music128/v4/ea/ac/03/eaac03e5-8e9d-847e-d5b9-af7dee6a970b/00606949063221.rgb.jpg/600x600cc.jpg	The Marshall Mathers LP	2000	https://music.apple.com/us/album/the-real-slim-shady/1440906504?i=1440906589&uo=4
green-day--good-riddance	track	deezer	https://cdn-images.dzcdn.net/images/cover/8cd4171fbf80c3b8df26b0690b11eb86/1000x1000-000000-80-0-0.jpg	Nimrod	1997	https://www.deezer.com/track/778429
blackstreet--no-diggity	track	deezer-album	https://cdn-images.dzcdn.net/images/cover/e0b264ef13dd58dd0d8e77e3694837bc/1000x1000-000000-80-0-0.jpg	Another Level		https://www.deezer.com/album/217806
mariah-carey--all-i-want-for-christmas-is-you	track	itunes	https://is1-ssl.mzstatic.com/image/thumb/Music124/v4/c6/b7/27/c6b727f7-3a32-6b43-cee2-05bb71daf1cf/dj.itfmdeif.jpg/600x600cc.jpg	Merry Christmas	1994	https://music.apple.com/us/album/all-i-want-for-christmas-is-you/585972750?i=585972803&uo=4
kenny-loggins--footloose	track	deezer-album	https://cdn-images.dzcdn.net/images/cover/b37a971041ca4ff7332bbf4a4d7a960d/1000x1000-000000-80-0-0.jpg	Yesterday, Today, Tomorrow - The Greatest Hits Of Kenny Loggins	1997	https://www.deezer.com/album/751670
counting-crows--mr-jones	track	deezer-album	https://cdn-images.dzcdn.net/images/cover/fdcf2195171d8c18494bc8bf7065515b/1000x1000-000000-80-0-0.jpg	August And Everything After	1993	https://www.deezer.com/album/217824
soundgarden--black-hole-sun	track	deezer-album	https://cdn-images.dzcdn.net/images/cover/101e0b71e12c887ee137ac4a14e0475d/1000x1000-000000-80-0-0.jpg	Superunknown (20th Anniversary)		https://www.deezer.com/album/7816775
the-cure--friday-i-m-in-love	track	deezer	https://cdn-images.dzcdn.net/images/cover/f0f19ba90f7cde0d35cc1dfdad7949c8/1000x1000-000000-80-0-0.jpg	Wish	1992	https://www.deezer.com/track/1123014
queen--another-one-bites-the-dust	track	itunes	https://is1-ssl.mzstatic.com/image/thumb/Music221/v4/0e/93/88/0e9388c0-c842-56dc-311c-417e9c07db85/602527717517.jpg/600x600cc.jpg	The Game	1980	https://music.apple.com/us/album/another-one-bites-the-dust/6781074926?i=6781075002&uo=4
dire-straits--walk-of-life	track	deezer	https://cdn-images.dzcdn.net/images/cover/302d1b5b2436a393043d915be087b0f4/1000x1000-000000-80-0-0.jpg	Down Under		https://www.deezer.com/track/2647209382
collins-phil--in-the-air-tonight	track	deezer-album	https://cdn-images.dzcdn.net/images/cover/8ef8275edf5a3a18f0d15f2f26017886/1000x1000-000000-80-0-0.jpg	Face Value (2016 Remaster)		https://www.deezer.com/album/12308786
katrina-and-the-waves--walking-on-sunshine	track	deezer	https://cdn-images.dzcdn.net/images/cover/1a81bcd5543be9705c0c66e57593a258/1000x1000-000000-80-0-0.jpg	Katrina & The Waves		https://www.deezer.com/track/3166724
don-mclean--american-pie	track	deezer-album	https://cdn-images.dzcdn.net/images/cover/e8514b388d88fabe7e094b4d167c583d/1000x1000-000000-80-0-0.jpg	American Pie	1987	https://www.deezer.com/album/304126
kansas--dust-in-the-wind	track	deezer	https://cdn-images.dzcdn.net/images/cover/9111a8016e623ae89ac62f316eb9fca3/1000x1000-000000-80-0-0.jpg	Always Never The Same		https://www.deezer.com/track/116264908
jackson-michael--thriller	track	deezer	https://cdn-images.dzcdn.net/images/cover/f01e09ceb8ad1e96707c1b4aadb5911b/1000x1000-000000-80-0-0.jpg	Thriller	1983	https://www.deezer.com/track/831319
cutting-crew--died-in-your-arms	track	deezer	https://cdn-images.dzcdn.net/images/cover/b03396449a532d7bee70ed5f2647ed0e/1000x1000-000000-80-0-0.jpg	Ransomed Healed Restored Forgiven		https://www.deezer.com/track/920788682
rascal-flatts--life-is-a-highway	track	deezer	https://cdn-images.dzcdn.net/images/cover/1a8528cfc428f9b4510e57bb88f80d48/1000x1000-000000-80-0-0.jpg	Life Is A Highway: Refueled Duets		https://www.deezer.com/track/3391405501
led-zeppelin--immigrant-song	track	deezer	https://cdn-images.dzcdn.net/images/cover/37788af586af4ab83c7cfdc6fe4ad3bc/1000x1000-000000-80-0-0.jpg	Led Zeppelin III (Deluxe Edition)	1970	https://www.deezer.com/track/78652582
blink-182--what-s-my-age-again	track	deezer	https://cdn-images.dzcdn.net/images/cover/c25db71db5267c6919391c5f6d8b0d37/1000x1000-000000-80-0-0.jpg	Enema Of The State		https://www.deezer.com/track/552496552
the-police--roxanne	track	deezer-album	https://cdn-images.dzcdn.net/images/cover/f51850ce4fccc736b881a5ce8aede9e1/1000x1000-000000-80-0-0.jpg	Outlandos D'Amour (Remastered 2003)		https://www.deezer.com/album/93733552
hozier--work-song	track	deezer	https://cdn-images.dzcdn.net/images/cover/8442e9ac0227a07b00c9dfd0ec00032d/1000x1000-000000-80-0-0.jpg	Hozier		https://www.deezer.com/track/84791751
ozzy-osbourne--crazy-train	track	deezer-album	https://cdn-images.dzcdn.net/images/cover/44b30866dcb6ea27c35da9efb37b83d6/1000x1000-000000-80-0-0.jpg	Blizzard Of Ozz (40th Anniversary Expanded Edition)		https://www.deezer.com/album/172861592
jackson-michael--rock-with-you	track	deezer	https://cdn-images.dzcdn.net/images/cover/9a1084ee1062fd9cd8dbeb1a8978351d/1000x1000-000000-80-0-0.jpg	Off the Wall	1983	https://www.deezer.com/track/15586286
linkin-park--crawling	track	deezer	https://cdn-images.dzcdn.net/images/cover/033a271b5ec10842c287827c39244fb5/1000x1000-000000-80-0-0.jpg	Hybrid Theory (Bonus Edition)		https://www.deezer.com/track/676171
u2--i-still-haven-t-found-what-i-m-looking-for	track	deezer-album	https://cdn-images.dzcdn.net/images/cover/b255afa51b3c1af7872acb56da319c2d/1000x1000-000000-80-0-0.jpg	The Joshua Tree		https://www.deezer.com/album/104260
cher--believe	track	deezer	https://cdn-images.dzcdn.net/images/cover/af263778ad6ef2f3f5be381292ed02a8/1000x1000-000000-80-0-0.jpg	Believe	1998	https://www.deezer.com/track/786717
jackson-michael--don-t-stop-til-you-get-enough	track	deezer	https://cdn-images.dzcdn.net/images/cover/9a1084ee1062fd9cd8dbeb1a8978351d/1000x1000-000000-80-0-0.jpg	Off the Wall	1983	https://www.deezer.com/track/15586296
john-elton--tiny-dancer	track	deezer	https://cdn-images.dzcdn.net/images/cover/c2495297d07ca9ce5514bd3444e65f9c/1000x1000-000000-80-0-0.jpg	Madman Across The Water		https://www.deezer.com/track/1151503
the-ronettes--be-my-baby	track	deezer-album	https://cdn-images.dzcdn.net/images/cover/8ae5f3a6daded8b651179062fe86a8e6/1000x1000-000000-80-0-0.jpg	Presenting the Fabulous Ronettes Featuring Veronica	1964	https://www.deezer.com/album/8305234
the-beatles--let-it-be	track	deezer	https://cdn-images.dzcdn.net/images/cover/fcf05300b7c17ec77a6d01028a4bef61/1000x1000-000000-80-0-0.jpg	Let It Be (Remastered)		https://www.deezer.com/track/116348656
jose-feliciano--feliz-navidad	track	deezer	https://cdn-images.dzcdn.net/images/cover/0eb398ac6e1195c3812f45f45aae178c/1000x1000-000000-80-0-0.jpg	Feliz Navidad		https://www.deezer.com/track/991049
whitney-houston--i-will-always-love-you	track	deezer	https://cdn-images.dzcdn.net/images/cover/d071ab8d81111be6434c2f2cf372ab13/1000x1000-000000-80-0-0.jpg	The Bodyguard - Original Soundtrack Album		https://www.deezer.com/track/7675403
the-beatles--come-together	track	deezer	https://cdn-images.dzcdn.net/images/cover/aa94ab293730bb7845d2aa8c672b2c29/1000x1000-000000-80-0-0.jpg	Abbey Road (Remastered)		https://www.deezer.com/track/116348452
redbone--come-and-get-your-love	track	deezer	https://cdn-images.dzcdn.net/images/cover/1a4229718dd780601754c5d79f612bc4/1000x1000-000000-80-0-0.jpg	Come and Get Your Love (Single Edit)	1973	https://www.deezer.com/track/392284592
abba--the-winner-takes-it-all	track	deezer-album	https://cdn-images.dzcdn.net/images/cover/4fb5f9bcb28f1986e4a5fab81ad19449/1000x1000-000000-80-0-0.jpg	Super Trouper		https://www.deezer.com/album/245956
lynyrd-skynyrd--free-bird	track	deezer	https://cdn-images.dzcdn.net/images/cover/64e01d54ee2590fa5d3c2d1e2a3e3725/1000x1000-000000-80-0-0.jpg	Pronounced 'Leh-'Nérd 'Skin-'Nérd (Expanded Edition)		https://www.deezer.com/track/1559717
daft-punk--one-more-time	track	deezer	https://cdn-images.dzcdn.net/images/cover/5718f7c81c27e0b2417e2a4c45224f8a/1000x1000-000000-80-0-0.jpg	Discovery		https://www.deezer.com/track/3135553
neil-diamond--sweet-caroline	track	deezer-album	https://cdn-images.dzcdn.net/images/cover/7bab6906befec0aa0b0e8df4b1ecb2a0/1000x1000-000000-80-0-0.jpg	Sweet Caroline	1987	https://www.deezer.com/album/70095642
sade--smooth-operator	track	deezer	https://cdn-images.dzcdn.net/images/cover/45443734d0de7e2f8ee2933992a14899/1000x1000-000000-80-0-0.jpg	Diamond Life	1984	https://www.deezer.com/track/1030591232
eagles--take-it-easy	track	deezer-album	https://cdn-images.dzcdn.net/images/cover/17474e452c6c8dfb8577c60a49342b71/1000x1000-000000-80-0-0.jpg	Eagles (2013 Remaster)	1972	https://www.deezer.com/album/6670659
the-smashing-pumpkins--1979	track	deezer	https://cdn-images.dzcdn.net/images/cover/c64acd4abaf6e8f2d7c895b4b73f3764/1000x1000-000000-80-0-0.jpg	Aeroplane Flies High (Deluxe Edition)		https://www.deezer.com/track/68976286
the-rolling-stones--i-can-t-get-no	track	deezer-album	https://cdn-images.dzcdn.net/images/cover/ed314d96e4c7888856922b388b69e4e3/1000x1000-000000-80-0-0.jpg	Out Of Our Heads		https://www.deezer.com/album/912316
bob-dylan--knockin-on-heaven-s-door	track	deezer-album	https://cdn-images.dzcdn.net/images/cover/0674b5d0d6cba57916b989671b881ce0/1000x1000-000000-80-0-0.jpg	Pat Garrett & Billy The Kid (Soundtrack From The Motion Picture)	1973	https://www.deezer.com/album/6985428
abba--fernando	track	deezer-album	https://cdn-images.dzcdn.net/images/cover/6d99196c168eaf687e0d3c88a7a87604/1000x1000-000000-80-0-0.jpg	Arrival		https://www.deezer.com/album/126502
abba--knowing-me-knowing-you	track	deezer-album	https://cdn-images.dzcdn.net/images/cover/6d99196c168eaf687e0d3c88a7a87604/1000x1000-000000-80-0-0.jpg	Arrival		https://www.deezer.com/album/126502
queen--we-are-the-champions	track	deezer-album	https://cdn-images.dzcdn.net/images/cover/7a423dd31a478954f492c560ae90559d/1000x1000-000000-80-0-0.jpg	News Of The World		https://www.deezer.com/album/1007451811
the-beatles--eleanor-rigby	track	deezer	https://cdn-images.dzcdn.net/images/cover/6e1e24a3e4311371abd2c888b1f0e13e/1000x1000-000000-80-0-0.jpg	Revolver (Remastered)		https://www.deezer.com/track/116348400
roxette--the-look	track	deezer-album	https://cdn-images.dzcdn.net/images/cover/0dc0973f0ee0279015a7f66ffba2b1cf/1000x1000-000000-80-0-0.jpg	Look Sharp!	1988	https://www.deezer.com/album/702650651
genesis--invisible-touch	track	deezer	https://cdn-images.dzcdn.net/images/cover/fe34d9731f608634324ad239cabaae30/1000x1000-000000-80-0-0.jpg	Invisible Touch (2007 Remaster)	1986	https://www.deezer.com/track/14637100
bread--if	track	deezer	https://cdn-images.dzcdn.net/images/cover/05849e7461a584ea845918a8c90313ea/1000x1000-000000-80-0-0.jpg	The Best of Bread	1973	https://www.deezer.com/track/675110
abba--money-money-money	track	deezer-album	https://cdn-images.dzcdn.net/images/cover/6d99196c168eaf687e0d3c88a7a87604/1000x1000-000000-80-0-0.jpg	Arrival		https://www.deezer.com/album/126502
billy-joel--just-the-way-you-are	track	deezer-album	https://cdn-images.dzcdn.net/images/cover/862451997b99c0698257cd1205271938/1000x1000-000000-80-0-0.jpg	The Stranger		https://www.deezer.com/album/231352
pink-floyd--money	track	deezer	https://cdn-images.dzcdn.net/images/cover/e635a8510c1a74bc089b3566ebbb9cb8/1000x1000-000000-80-0-0.jpg	The Dark Side of the Moon	1973	https://www.deezer.com/track/116914026
the-righteous-brothers--unchained-melody	track	deezer-album	https://cdn-images.dzcdn.net/images/cover/f686c2168546410012443898f06f623d/1000x1000-000000-80-0-0.jpg	Just Once In My Life		https://www.deezer.com/album/58140912
the-beatles--a-hard-day-s-night	track	deezer-album	https://cdn-images.dzcdn.net/images/cover/7d1c6019481f5b2b2a6e5de1ee57425c/1000x1000-000000-80-0-0.jpg	A Hard Day's Night (Remastered)		https://www.deezer.com/album/12047950
the-beatles--love-me-do	track	deezer-album	https://cdn-images.dzcdn.net/images/cover/03a4debd84fd2769cf1beb7c2e7c40a4/1000x1000-000000-80-0-0.jpg	Please Please Me (Remastered)		https://www.deezer.com/album/12047942
abba--take-a-chance-on-me	track	deezer-album	https://cdn-images.dzcdn.net/images/cover/cd70105b6486c98cbfa9481e367277f2/1000x1000-000000-80-0-0.jpg	The Album		https://www.deezer.com/album/126543
robert-palmer--addicted-to-love	track	deezer	https://cdn-images.dzcdn.net/images/cover/d6dc40b10892cf475f07ce2e446ae99c/1000x1000-000000-80-0-0.jpg	Riptide	1985	https://www.deezer.com/track/2461767
eric-clapton--lay-down-sally	track	deezer-album	https://cdn-images.dzcdn.net/images/cover/c52719fcaeb826d29f2f6bf0f039f09f/1000x1000-000000-80-0-0.jpg	Slowhand 35th Anniversary		https://www.deezer.com/album/6123455
the-bangles--eternal-flame	track	deezer	https://cdn-images.dzcdn.net/images/cover/938d17e5a07d6178bcabbe2349a79ba0/1000x1000-000000-80-0-0.jpg	The Essential Bangles		https://www.deezer.com/track/608748
the-doors--light-my-fire	track	deezer	https://cdn-images.dzcdn.net/images/cover/a58f4c70b9c51b8902be3f2e875155fe/1000x1000-000000-80-0-0.jpg	The Doors	1967	https://www.deezer.com/track/3614129
the-doors--riders-on-the-storm	track	deezer	https://cdn-images.dzcdn.net/images/cover/03f8ae4438cbf73c1e1cc435123deb72/1000x1000-000000-80-0-0.jpg	L.A. Woman	1971	https://www.deezer.com/track/65445466
madonna--take-a-bow	track	deezer	https://cdn-images.dzcdn.net/images/cover/458e44f0d8359889999aa353aada5e13/1000x1000-000000-80-0-0.jpg	Something to Remember	1995	https://www.deezer.com/track/776930
abba--thank-you-for-the-music	track	deezer-album	https://cdn-images.dzcdn.net/images/cover/cd70105b6486c98cbfa9481e367277f2/1000x1000-000000-80-0-0.jpg	The Album		https://www.deezer.com/album/126543
the-beatles--eight-days-a-week	track	deezer-album	https://cdn-images.dzcdn.net/images/cover/3c1ebf7765293ec02d3aa124aadb258c/1000x1000-000000-80-0-0.jpg	Beatles For Sale (Remastered)		https://www.deezer.com/album/12047946
the-beatles--hey-jude	track	deezer	https://cdn-images.dzcdn.net/images/cover/c65b3bd84e81056e060be144381c06c8/1000x1000-000000-80-0-0.jpg	1 (Remastered)		https://www.deezer.com/track/116348632
bruce-hornsby--the-way-it-is	track	deezer-album	https://cdn-images.dzcdn.net/images/cover/bd554ea8ac2234640a0c01867b256df0/1000x1000-000000-80-0-0.jpg	The Way It Is	1986	https://www.deezer.com/album/1206363
robert-miles--children	track	deezer	https://cdn-images.dzcdn.net/images/cover/c627bcb8962fb6993d3e6b93def9ebc2/1000x1000-000000-80-0-0.jpg	Children	1996	https://www.deezer.com/track/1628123602
earth-wind-fire--september	none	placeholder				
ac-dc--thunderstruck	artist	deezer-artist	https://cdn-images.dzcdn.net/images/artist/7dbc950be70f997ba0cd2b39de7f2aa7/1000x1000-000000-80-0-0.jpg			https://www.deezer.com/artist/115
ac-dc--highway-to-hell	none	placeholder				
the-beatles--get-back	track	deezer	https://cdn-images.dzcdn.net/images/cover/fcf05300b7c17ec77a6d01028a4bef61/1000x1000-000000-80-0-0.jpg	Let It Be (Remastered)		https://www.deezer.com/track/116348668
the-platters--only-you	track	deezer	https://cdn-images.dzcdn.net/images/cover/a340159628ed003140b07e58a672747f/1000x1000-000000-80-0-0.jpg	Smoke Gets In Your Eyes		https://www.deezer.com/track/1882667
the-beach-boys--good-vibrations	track	deezer-album	https://cdn-images.dzcdn.net/images/cover/c0c846e70a0a21858046fde2e690dfd0/1000x1000-000000-80-0-0.jpg	Smiley Smile (Remastered)	1967	https://www.deezer.com/album/5909501
the-beatles--help	track	deezer-album	https://cdn-images.dzcdn.net/images/cover/44f87ff491af981fd129b6d159f47b96/1000x1000-000000-80-0-0.jpg	Help! (Remastered)		https://www.deezer.com/album/12047944
bach-johann-sebastian--brandenburgisches-konzert-nr-1-f-dur-bwv-1046-iv-menuet-trio	artist	deezer-artist	https://cdn-images.dzcdn.net/images/artist/d84d324b290e8a1be4a6951db2d9692b/1000x1000-000000-80-0-0.jpg			https://www.deezer.com/artist/1900
celine-dion--power-of-love	track	deezer	https://cdn-images.dzcdn.net/images/cover/7ce8408b33a172ca9ccefed1b5f7dec9/1000x1000-000000-80-0-0.jpg	The Colour Of My Love	1993	https://www.deezer.com/track/70627953
the-beatles--i-saw-her-standing-there	track	deezer	https://cdn-images.dzcdn.net/images/cover/03a4debd84fd2769cf1beb7c2e7c40a4/1000x1000-000000-80-0-0.jpg	Please Please Me (Remastered)		https://www.deezer.com/track/116348314
abba--chiquitita	track	deezer-album	https://cdn-images.dzcdn.net/images/cover/f313d9969203ea1735144a35ef26fa49/1000x1000-000000-80-0-0.jpg	Voulez-Vous		https://www.deezer.com/album/249353
the-beatles--ob-la-di-ob-la-da	track	deezer	https://cdn-images.dzcdn.net/images/cover/f8b236243adae6bc187d27157bc61ae9/1000x1000-000000-80-0-0.jpg	The Beatles (Remastered)		https://www.deezer.com/track/116348198
earth-wind-fire--after-the-love-has-gone	track	deezer	https://cdn-images.dzcdn.net/images/cover/18f41ecd3781fb96bffa2b0b49955db5/1000x1000-000000-80-0-0.jpg	September		https://www.deezer.com/track/487484172
elvis-presley--jailhouse-rock	track	deezer	https://cdn-images.dzcdn.net/images/cover/f4f40fc6242913c12064a9f594992522/1000x1000-000000-80-0-0.jpg	The Story Unfolds (Remastered)		https://www.deezer.com/track/14255254
fugees--killing-me-softly	track	deezer	https://cdn-images.dzcdn.net/images/cover/cbc404543f45cf93465906b61ec85687/1000x1000-000000-80-0-0.jpg	The Score (Expanded Edition)	1996	https://www.deezer.com/track/15528008
madonna--like-a-virgin	track	deezer	https://cdn-images.dzcdn.net/images/cover/3836708e2d450cdaa61341112b972228/1000x1000-000000-80-0-0.jpg	Like a Virgin	1984	https://www.deezer.com/track/678336
creedence-clearwater-revival--proud-mary	track	deezer-album	https://cdn-images.dzcdn.net/images/cover/9314fa8ec39fcf15bfb2f1d1ac3afa4a/1000x1000-000000-80-0-0.jpg	Bayou Country (Expanded Edition)		https://www.deezer.com/album/8490167
patrick-hernandez--born-to-be-alive	track	deezer	https://cdn-images.dzcdn.net/images/cover/d91935d8fd0fddaeb39d460dc31fe651/1000x1000-000000-80-0-0.jpg	Born to Be Alive (The Original)	1979	https://www.deezer.com/track/4077573
jackson-michael--bad	track	deezer-album	https://cdn-images.dzcdn.net/images/cover/cad261eafd0c6c15811200d5039b5b50/1000x1000-000000-80-0-0.jpg	Bad (Remastered)		https://www.deezer.com/album/5814031
metallica--one	track	deezer	https://cdn-images.dzcdn.net/images/cover/ce293de53f905a3ce444062ec5242d53/1000x1000-000000-80-0-0.jpg	…And Justice for All (Remastered)		https://www.deezer.com/track/575867572
sting--if-i-ever-lose-my-faith-in-you	track	deezer	https://cdn-images.dzcdn.net/images/cover/e2491c22fb19c154e46b449ff7aa7a62/1000x1000-000000-80-0-0.jpg	Ten Summoner's Tales	1998	https://www.deezer.com/track/530979431
queen--radio-ga-ga	track	deezer-album	https://cdn-images.dzcdn.net/images/cover/e292eacc66bc3c9cd174a20db4c36531/1000x1000-000000-80-0-0.jpg	The Works		https://www.deezer.com/album/1007458491
queen--who-wants-to-live-forever	track	deezer-album	https://cdn-images.dzcdn.net/images/cover/383a5cc3b1fcda7bea15b4e95950e141/1000x1000-000000-80-0-0.jpg	A Kind Of Magic		https://www.deezer.com/album/1007320541
queensryche--silent-lucidity	track	deezer-album	https://cdn-images.dzcdn.net/images/cover/d370fd09ba85c3c3d0b4a83a7e2452fa/1000x1000-000000-80-0-0.jpg	Empire (Expanded Edition / Remastered/2003)		https://www.deezer.com/album/319768
steppenwolf--born-to-be-wild	track	deezer-album	https://cdn-images.dzcdn.net/images/cover/43ff66808cad4c0a697d4cd57043182f/1000x1000-000000-80-0-0.jpg	Steppenwolf		https://www.deezer.com/album/321119497
roxette--listen-to-your-heart	track	deezer-album	https://cdn-images.dzcdn.net/images/cover/0dc0973f0ee0279015a7f66ffba2b1cf/1000x1000-000000-80-0-0.jpg	Look Sharp!	1988	https://www.deezer.com/album/702650651
sting--if-you-love-somebody-set-them-free	track	deezer-album	https://cdn-images.dzcdn.net/images/cover/2e14c624581232938a446ce065e2815b/1000x1000-000000-80-0-0.jpg	The Dream Of The Blue Turtles		https://www.deezer.com/album/246882
u2--pride	track	deezer	https://cdn-images.dzcdn.net/images/cover/6895509ae173331d8bf4bc7508a2c015/1000x1000-000000-80-0-0.jpg	The Unforgettable Fire (Remastered)		https://www.deezer.com/track/4587261
the-beatles--yesterday	track	deezer	https://cdn-images.dzcdn.net/images/cover/44f87ff491af981fd129b6d159f47b96/1000x1000-000000-80-0-0.jpg	Help! (Remastered)		https://www.deezer.com/track/116348366
ub40--red-red-wine	track	deezer	https://cdn-images.dzcdn.net/images/cover/67649d26b73794c3f2ad26be81a7b343/1000x1000-000000-80-0-0.jpg	Labour Of Love		https://www.deezer.com/track/3125744
the-beatles--lady-madonna	track	deezer	https://cdn-images.dzcdn.net/images/cover/c65b3bd84e81056e060be144381c06c8/1000x1000-000000-80-0-0.jpg	1 (Remastered)		https://www.deezer.com/track/116348630
the-beatles--she-s-a-woman	track	deezer	https://cdn-images.dzcdn.net/images/cover/9d135ceacc863223f662c3d5954a66b1/1000x1000-000000-80-0-0.jpg	Past Masters (Vols. 1 & 2 / Remastered)		https://www.deezer.com/track/116348842
backstreet-boys--get-down	track	deezer	https://cdn-images.dzcdn.net/images/cover/4b5aee6dcf462365a328d9dd8c97bd4b/1000x1000-000000-80-0-0.jpg	Backstreet Boys	1996	https://www.deezer.com/track/4274196
abba--waterloo	track	deezer	https://cdn-images.dzcdn.net/images/cover/919afc980eb42b1b306258b07661bc10/1000x1000-000000-80-0-0.jpg	Waterloo (Deluxe Edition)		https://www.deezer.com/track/76019364
the-police--spirits-in-the-material-world	track	deezer-album	https://cdn-images.dzcdn.net/images/cover/1d4044ea42a8358d394505dc24a3aa7d/1000x1000-000000-80-0-0.jpg	Ghost In The Machine (Remastered 2003)		https://www.deezer.com/album/93733452
ace-of-base--the-sign	track	deezer	https://cdn-images.dzcdn.net/images/cover/cbd01c1f0b97725e2e069f579a0020f8/1000x1000-000000-80-0-0.jpg	The Sign	1993	https://www.deezer.com/track/93851026
u2--where-the-streets-have-no-name	track	deezer-album	https://cdn-images.dzcdn.net/images/cover/b255afa51b3c1af7872acb56da319c2d/1000x1000-000000-80-0-0.jpg	The Joshua Tree		https://www.deezer.com/album/104260
barry-manilow--mandy	track	deezer	https://cdn-images.dzcdn.net/images/cover/76a6370b7d4d83f40f82537d058eef72/1000x1000-000000-80-0-0.jpg	Barry Manilow II		https://www.deezer.com/track/548250
bryan-adams--have-ever-you-really-loved-a-woman	track	deezer	https://cdn-images.dzcdn.net/images/cover/6863d958964589b41d07ff135bab7b41/1000x1000-000000-80-0-0.jpg	18 Til I Die	1996	https://www.deezer.com/track/1582154
chuck-berry--johnny-b-goode	track	deezer	https://cdn-images.dzcdn.net/images/cover/eefa31f08fa80445a1e3a592b86e459a/1000x1000-000000-80-0-0.jpg	Chuck Berry		https://www.deezer.com/track/2689636
collins-phil--one-more-night	track	deezer	https://cdn-images.dzcdn.net/images/cover/898bc8349e4d55b9282af885975c372b/1000x1000-000000-80-0-0.jpg	No Jacket Required (2016 Remaster)	1985	https://www.deezer.com/track/122015000
creedence-clearwater-revival--suzie-q	track	deezer	https://cdn-images.dzcdn.net/images/cover/d84749089d1a2f09f2fc97f9fcdc6249/1000x1000-000000-80-0-0.jpg	Creedence Clearwater Revival (Expanded Edition)		https://www.deezer.com/track/96821722
bob-seger--against-the-wind	track	deezer	https://cdn-images.dzcdn.net/images/cover/60e7d9964054657e97ac091dc7337a57/1000x1000-000000-80-0-0.jpg	Against The Wind		https://www.deezer.com/track/4127681521
celine-dion--because-you-loved-me	track	deezer-album	https://cdn-images.dzcdn.net/images/cover/348692abbdb9950a998c8d58cbba78b7/1000x1000-000000-80-0-0.jpg	Falling into You	1996	https://www.deezer.com/album/104051722
collins-phil--against-all-odds	track	deezer	https://cdn-images.dzcdn.net/images/cover/d74bc3362822f21125e1bc5778e3cd13/1000x1000-000000-80-0-0.jpg	The Singles		https://www.deezer.com/track/134036426
earth-wind-fire--fantasy	track	deezer	https://cdn-images.dzcdn.net/images/cover/18f41ecd3781fb96bffa2b0b49955db5/1000x1000-000000-80-0-0.jpg	September		https://www.deezer.com/track/487484162
elvis-presley--blue-suede-shoes	track	deezer	https://cdn-images.dzcdn.net/images/cover/84bb448afe43ca52d22060a35339a70e/1000x1000-000000-80-0-0.jpg	G.I. Blues		https://www.deezer.com/track/91665824
eagles--best-of-my-love	track	deezer-album	https://cdn-images.dzcdn.net/images/cover/80b6e71d9912e20b0309d1adbc7bf3f0/1000x1000-000000-80-0-0.jpg	On the Border (2013 Remaster)		https://www.deezer.com/album/6670329
eagles--lyin-eyes	track	deezer-album	https://cdn-images.dzcdn.net/images/cover/70a97ce7311f30446298049f65c1f46a/1000x1000-000000-80-0-0.jpg	One of These Nights (2013 Remaster)		https://www.deezer.com/album/6670363
genesis--misunderstanding	track	deezer	https://cdn-images.dzcdn.net/images/cover/c0c481e5f0cf6154db24630381927885/1000x1000-000000-80-0-0.jpg	Duke (2007 Remaster)		https://www.deezer.com/track/14640439
genesis--abacab	track	deezer	https://cdn-images.dzcdn.net/images/cover/6a8ec672b97991ab58eb6d908bfe91c9/1000x1000-000000-80-0-0.jpg	Abacab (2007 Remaster)		https://www.deezer.com/track/14640458
elvis-presley--are-you-lonesome-tonight	track	deezer	https://cdn-images.dzcdn.net/images/cover/723ff14a0d5a727749e7dc5072356c7a/1000x1000-000000-80-0-0.jpg	That's the Way It Is (Deluxe Edition)	1970	https://www.deezer.com/track/80308708
eric-clapton--wonderful-tonight	track	deezer-album	https://cdn-images.dzcdn.net/images/cover/c52719fcaeb826d29f2f6bf0f039f09f/1000x1000-000000-80-0-0.jpg	Slowhand 35th Anniversary		https://www.deezer.com/album/6123455
genesis--tonight-tonight-tonight	track	deezer	https://cdn-images.dzcdn.net/images/cover/fe34d9731f608634324ad239cabaae30/1000x1000-000000-80-0-0.jpg	Invisible Touch (2007 Remaster)	1986	https://www.deezer.com/track/14637101
extreme--more-than-words	track	deezer-album	https://cdn-images.dzcdn.net/images/cover/cf195bfad5df119bd47bfcd2a764573b/1000x1000-000000-80-0-0.jpg	Extreme II - Pornograffitti	1990	https://www.deezer.com/album/320457557
john-elton--candle-in-the-wind	track	deezer	https://cdn-images.dzcdn.net/images/cover/369da225df9a68dc54aa1202d4a45555/1000x1000-000000-80-0-0.jpg	Candle In The Wind 1997 / Something About ...		https://www.deezer.com/track/1103313
madonna--live-to-tell	track	deezer	https://cdn-images.dzcdn.net/images/cover/43a8e2b1b035391f58b0927cf1040bc4/1000x1000-000000-80-0-0.jpg	True Blue	1986	https://www.deezer.com/track/678369
madonna--rain	track	deezer	https://cdn-images.dzcdn.net/images/cover/0209c35e7379d1533f6db3ce902de447/1000x1000-000000-80-0-0.jpg	Erotica	1992	https://www.deezer.com/track/677605
madonna--crazy-for-you	track	deezer-album	https://cdn-images.dzcdn.net/images/cover/458e44f0d8359889999aa353aada5e13/1000x1000-000000-80-0-0.jpg	Something to Remember	1995	https://www.deezer.com/album/91109
joe-cocker--with-a-little-help-from-my-friends	track	deezer-album	https://cdn-images.dzcdn.net/images/cover/7d8aafc27cd90c8d37bc51c816db726f/1000x1000-000000-80-0-0.jpg	With A Little Help From My Friends	1969	https://www.deezer.com/album/72088932
nirvana--lithium	track	deezer	https://cdn-images.dzcdn.net/images/cover/753428fbca4850a4a63ce9e59a73a21c/1000x1000-000000-80-0-0.jpg	Nirvana		https://www.deezer.com/track/529900491
richie-lionel--hello	track	deezer	https://cdn-images.dzcdn.net/images/cover/5942f6e431f993f72fa5e0f24058c2c6/1000x1000-000000-80-0-0.jpg	Tuskegee (Deluxe Version)		https://www.deezer.com/track/16645487
santana--evil-ways	track	deezer	https://cdn-images.dzcdn.net/images/cover/65d92e6b55236094774a4e08ddb6cf89/1000x1000-000000-80-0-0.jpg	Santana		https://www.deezer.com/track/77879620
spandau-ballet--true	track	deezer	https://cdn-images.dzcdn.net/images/cover/841f6e7f2702375ebe144bdae70064cd/1000x1000-000000-80-0-0.jpg	True - The Digital E.P.		https://www.deezer.com/track/3159045
sting--fragile	track	deezer	https://cdn-images.dzcdn.net/images/cover/afbf81f0e1abad0257e5f170785cf452/1000x1000-000000-80-0-0.jpg	The Living Sea	1995	https://www.deezer.com/track/1582123
eagles--hotel-california	artist	deezer-artist	https://cdn-images.dzcdn.net/images/artist/178be204025c8d38a72113564b647baf/1000x1000-000000-80-0-0.jpg			https://www.deezer.com/artist/210
ac-dc--back-in-black	artist	deezer-artist	https://cdn-images.dzcdn.net/images/artist/7dbc950be70f997ba0cd2b39de7f2aa7/1000x1000-000000-80-0-0.jpg			https://www.deezer.com/artist/115
bon-jovi--livin-on-a-prayer	artist	deezer-artist	https://cdn-images.dzcdn.net/images/artist/3ebdb0ff80286da236109a0fc79d0cb5/1000x1000-000000-80-0-0.jpg			https://www.deezer.com/artist/637
roxette--fading-like-a-flower	track	deezer	https://cdn-images.dzcdn.net/images/cover/976084d2995ff434aae39e2c9a29cf1e/1000x1000-000000-80-0-0.jpg	Fading Like A Flower		https://www.deezer.com/track/1624589972
roxette--spending-my-time	track	deezer-album	https://cdn-images.dzcdn.net/images/cover/3ce31e31db3436939b7fa4b5ec15f6f2/1000x1000-000000-80-0-0.jpg	Joyride	1991	https://www.deezer.com/album/702667221
supertramp--the-logical-song	track	deezer-album	https://cdn-images.dzcdn.net/images/cover/fee526711039ce10381a3091204faca4/1000x1000-000000-80-0-0.jpg	Breakfast In America (Deluxe Edition)		https://www.deezer.com/album/653085
the-beatles--twist-and-shout	track	deezer	https://cdn-images.dzcdn.net/images/cover/03a4debd84fd2769cf1beb7c2e7c40a4/1000x1000-000000-80-0-0.jpg	Please Please Me (Remastered)		https://www.deezer.com/track/116348340
the-beatles--day-tripper	track	deezer	https://cdn-images.dzcdn.net/images/cover/c65b3bd84e81056e060be144381c06c8/1000x1000-000000-80-0-0.jpg	1 (Remastered)		https://www.deezer.com/track/116348614
the-beach-boys--kokomo	track	deezer	https://cdn-images.dzcdn.net/images/cover/ab113555b056cb808b050dff43a9590a/1000x1000-000000-80-0-0.jpg	The Very Best Of The Beach Boys: Sounds Of Summer		https://www.deezer.com/track/3091987
the-beatles--honey-pie	track	deezer	https://cdn-images.dzcdn.net/images/cover/f8b236243adae6bc187d27157bc61ae9/1000x1000-000000-80-0-0.jpg	The Beatles (Remastered)		https://www.deezer.com/track/116348242
the-rolling-stones--angie	track	deezer	https://cdn-images.dzcdn.net/images/cover/1e1fcf33bfd1c33b94511a040fa9b5b1/1000x1000-000000-80-0-0.jpg	Goats Head Soup (Remastered 2009)		https://www.deezer.com/track/4124759
the-beatles--i-want-to-hold-your-hand	track	deezer	https://cdn-images.dzcdn.net/images/cover/c65b3bd84e81056e060be144381c06c8/1000x1000-000000-80-0-0.jpg	1 (Remastered)		https://www.deezer.com/track/116348598
the-police--every-little-thing-she-does-is-magic	track	deezer-album	https://cdn-images.dzcdn.net/images/cover/1d4044ea42a8358d394505dc24a3aa7d/1000x1000-000000-80-0-0.jpg	Ghost In The Machine (Remastered 2003)		https://www.deezer.com/album/93733452
tina-turner--the-best	track	deezer	https://cdn-images.dzcdn.net/images/cover/837d79a1e17f7bc27f3884b7d7e3f4fa/1000x1000-000000-80-0-0.jpg	Tina!		https://www.deezer.com/track/3142379
village-people--y-m-c-a	track	musicbrainz	https://coverartarchive.org/release-group/a52119fe-979a-36bb-8f4c-cc314cb48d84/front-500	Live and Sleazy	1979	https://musicbrainz.org/release/a44d8816-8bcb-4301-ae77-a5ea28d2b646
village-people--in-the-navy	track	deezer	https://cdn-images.dzcdn.net/images/cover/d673ddffc69947d36040567426d07858/1000x1000-000000-80-0-0.jpg	Go West In The Navy		https://www.deezer.com/track/3809085952
the-rolling-stones--miss-you	track	deezer-album	https://cdn-images.dzcdn.net/images/cover/4daeaee9a15329dc861f62976d0cbb7c/1000x1000-000000-80-0-0.jpg	Some Girls		https://www.deezer.com/album/1327608
zucchero--senza-una-donna	track	deezer	https://cdn-images.dzcdn.net/images/cover/ed20452092602c2d6fa1aadb3d6d2290/1000x1000-000000-80-0-0.jpg	Blue's	1987	https://www.deezer.com/track/565278212
tina-turner--private-dancer	track	deezer	https://cdn-images.dzcdn.net/images/cover/af3de3dfc186dc55265c9a26ac455e94/1000x1000-000000-80-0-0.jpg	Private Dancer (30th Anniversary Issue)		https://www.deezer.com/track/102271954
andrea-bocelli--vivo-per-lei	track	deezer	https://cdn-images.dzcdn.net/images/cover/d9928bc2e3cfa804ed169fa64a91113c/1000x1000-000000-80-0-0.jpg	Bocelli (Remastered)		https://www.deezer.com/track/94107104
abba--super-trouper	track	deezer-album	https://cdn-images.dzcdn.net/images/cover/4fb5f9bcb28f1986e4a5fab81ad19449/1000x1000-000000-80-0-0.jpg	Super Trouper		https://www.deezer.com/album/245956
abba--i-have-a-dream	track	deezer-album	https://cdn-images.dzcdn.net/images/cover/f313d9969203ea1735144a35ef26fa49/1000x1000-000000-80-0-0.jpg	Voulez-Vous		https://www.deezer.com/album/249353
backstreet-boys--everybody	track	deezer	https://cdn-images.dzcdn.net/images/cover/4f5bf0b5232ddc0f8453c3014c83a592/1000x1000-000000-80-0-0.jpg	Backstreet's Back (European Version)	1997	https://www.deezer.com/track/15608663
wonder-stevie--i-just-called-to-say-i-love-you	track	deezer-album	https://cdn-images.dzcdn.net/images/cover/dc11aaf0240dbaf1548639e1c5df8db8/1000x1000-000000-80-0-0.jpg	Number 1's		https://www.deezer.com/album/80297012
bach-johann-sebastian--orchestersuite-nr-2-5-polonaise	artist	deezer-artist	https://cdn-images.dzcdn.net/images/artist/d84d324b290e8a1be4a6951db2d9692b/1000x1000-000000-80-0-0.jpg			https://www.deezer.com/artist/1900
bette-midler--the-rose	track	deezer	https://cdn-images.dzcdn.net/images/cover/f4502fa625371962d6a8f80840bc33e3/1000x1000-000000-80-0-0.jpg	The Rose		https://www.deezer.com/track/72394904
bette-midler--the-wind-beneath-my-wings	track	deezer	https://cdn-images.dzcdn.net/images/cover/8d3d3ba16489252e38ff1bc15f10b7f8/1000x1000-000000-80-0-0.jpg	Experience The Divine (Greatest Hits)		https://www.deezer.com/track/3616256
billy-idol--white-wedding	track	deezer	https://cdn-images.dzcdn.net/images/cover/59fc50a870205d67ce409523cc48aa09/1000x1000-000000-80-0-0.jpg	White Wedding		https://www.deezer.com/track/3874961
billy-joel--honesty	track	deezer	https://cdn-images.dzcdn.net/images/cover/9f80b4a89ca6d0e4349b63090a38def8/1000x1000-000000-80-0-0.jpg	52nd Street	1988	https://www.deezer.com/track/1025634
bryan-adams--i-do-it-for-you	track	deezer	https://cdn-images.dzcdn.net/images/cover/d7d28861a72ecb30a7676ec38db05907/1000x1000-000000-80-0-0.jpg	Waking Up The Neighbours	1991	https://www.deezer.com/track/1182159
bryan-adams--run-to-you	track	deezer	https://cdn-images.dzcdn.net/images/cover/f5c062034dbbf74f9c158c51ba783871/1000x1000-000000-80-0-0.jpg	Reckless		https://www.deezer.com/track/88902735
carpenters--close-to-you	track	deezer	https://cdn-images.dzcdn.net/images/cover/1c979614ffbb11fc34bfd4cb7dfee11b/1000x1000-000000-80-0-0.jpg	Close To You		https://www.deezer.com/track/74790480
cher--if-i-could-turn-back-time	track	deezer	https://cdn-images.dzcdn.net/images/cover/8ea4c26bc7651873156dbab66a84c7ec/1000x1000-000000-80-0-0.jpg	Heart Of Stone	1989	https://www.deezer.com/track/2307289
billy-joel--pressure	track	deezer-album	https://cdn-images.dzcdn.net/images/cover/3c5c52c9f07ea1cbe65b90ab1b1b8ac7/1000x1000-000000-80-0-0.jpg	The Nylon Curtain	1982	https://www.deezer.com/album/96021
chicago--does-anybody-really-know-what-time-it-is	track	deezer	https://cdn-images.dzcdn.net/images/cover/d086c2ac87c5d90ed27ec15ce6b04f1e/1000x1000-000000-80-0-0.jpg	Chicago Transit Authority		https://www.deezer.com/track/738693
crash-test-dummies--mmm-mmm-mmm	track	deezer	https://cdn-images.dzcdn.net/images/cover/7f3489454f0b8efd2622983344c1f214/1000x1000-000000-80-0-0.jpg	God Shuffled His Feet	1993	https://www.deezer.com/track/15606414
chicago--25-or-6-to-4	track	deezer	https://cdn-images.dzcdn.net/images/cover/ec91df176e4790a84eeb6a0791bd1790/1000x1000-000000-80-0-0.jpg	Chicago II		https://www.deezer.com/track/3667479
cliff-richard--we-don-t-talk-anymore	track	deezer	https://cdn-images.dzcdn.net/images/cover/228848a79ebf94f6ada7dd5e939e0de6/1000x1000-000000-80-0-0.jpg	Rock 'n' Roll Juvenile		https://www.deezer.com/track/3100717
commodores--three-times-a-lady	track	deezer	https://cdn-images.dzcdn.net/images/cover/3c8e66cb596759e815f12848a26c719c/1000x1000-000000-80-0-0.jpg	Gold		https://www.deezer.com/track/918065
chicago--if-you-leave-me-now	track	deezer-album	https://cdn-images.dzcdn.net/images/cover/299a74997ce86aa202561767ec3ed13c/1000x1000-000000-80-0-0.jpg	Chicago X		https://www.deezer.com/album/345318
collins-phil--another-day-in-paradise	track	deezer-album	https://cdn-images.dzcdn.net/images/cover/49fc8e95b072b484a6c9b3d4500d7709/1000x1000-000000-80-0-0.jpg	...But Seriously (2016 Remaster)	1989	https://www.deezer.com/album/13309489
dalla--l-anno-che-verra	track	deezer	https://cdn-images.dzcdn.net/images/cover/8f273ec611cd808f879ea84d54c639c5/1000x1000-000000-80-0-0.jpg	Caro Amico Ti Scrivo...		https://www.deezer.com/track/972487
dire-straits--money-for-nothing	track	deezer	https://cdn-images.dzcdn.net/images/cover/302d1b5b2436a393043d915be087b0f4/1000x1000-000000-80-0-0.jpg	Down Under		https://www.deezer.com/track/2647209402
dr-hook--sexy-eyes	track	deezer	https://cdn-images.dzcdn.net/images/cover/aa7d99ccac537e7dc0305f4a63b17859/1000x1000-000000-80-0-0.jpg	With Love		https://www.deezer.com/track/90668653
eagles--new-kid-in-town	track	deezer	https://cdn-images.dzcdn.net/images/cover/7a6c7b49cfdaf4ee233f66c3070d2f40/1000x1000-000000-80-0-0.jpg	Hotel California (40th Anniversary Expanded Edition)		https://www.deezer.com/track/426703692
eagles--the-last-resort	track	deezer	https://cdn-images.dzcdn.net/images/cover/7a6c7b49cfdaf4ee233f66c3070d2f40/1000x1000-000000-80-0-0.jpg	Hotel California (40th Anniversary Expanded Edition)		https://www.deezer.com/track/426703762
cyndi-lauper--true-colors	track	deezer-album	https://cdn-images.dzcdn.net/images/cover/3e5c02ba124cd5879a592652e4c7d8f7/1000x1000-000000-80-0-0.jpg	True Colors	1986	https://www.deezer.com/album/116704
eagles--the-long-run	track	deezer	https://cdn-images.dzcdn.net/images/cover/31bd7a7b4aa627075d45250e1addbece/1000x1000-000000-80-0-0.jpg	The Long Run (2013 Remaster)	1979	https://www.deezer.com/track/68098343
queen--under-pressure	track	itunes	https://is1-ssl.mzstatic.com/image/thumb/Music211/v4/ce/91/ac/ce91ac8d-99d8-b82b-6431-bef658189b28/602527717579.jpg/600x600cc.jpg	Hot Space	1981	https://music.apple.com/us/album/under-pressure-feat-david-bowie/6781075236?i=6781075466&uo=4
emerson-lake-palmer--lucky-man	track	deezer	https://cdn-images.dzcdn.net/images/cover/f9d4f5e8b3c58a23ac665766def98908/1000x1000-000000-80-0-0.jpg	Emerson, Lake & Palmer (Deluxe)		https://www.deezer.com/track/3783090552
eric-clapton--bad-love	track	deezer-album	https://cdn-images.dzcdn.net/images/cover/b29a54d68a98fe3a223995a91b98aacd/1000x1000-000000-80-0-0.jpg	Journeyman	1989	https://www.deezer.com/album/359536777
eric-clapton--layla	track	deezer	https://cdn-images.dzcdn.net/images/cover/aae92bd77f1cef0f510046c882598c96/1000x1000-000000-80-0-0.jpg	Layla		https://www.deezer.com/track/1788490587
focus--hocus-pocus	track	deezer	https://cdn-images.dzcdn.net/images/cover/4274bca8669acb653d1aca47af2587e4/1000x1000-000000-80-0-0.jpg	Golden Oldies		https://www.deezer.com/track/78018837
elvis-presley--don-t-be-cruel	track	deezer	https://cdn-images.dzcdn.net/images/cover/723ff14a0d5a727749e7dc5072356c7a/1000x1000-000000-80-0-0.jpg	That's the Way It Is (Deluxe Edition)		https://www.deezer.com/track/80308620
genesis--jesus-he-knows-me	track	deezer	https://cdn-images.dzcdn.net/images/cover/8968f10c0e11ba7280a44958bda37820/1000x1000-000000-80-0-0.jpg	We Can't Dance (2007 Remaster)	1991	https://www.deezer.com/track/14639815
frankie-goes-to-hollywood--relax	track	deezer	https://cdn-images.dzcdn.net/images/cover/7db8029ac6dc501d020192940bd06832/1000x1000-000000-80-0-0.jpg	Maximum Joy		https://www.deezer.com/track/479307582
eric-clapton--tears-in-heaven	track	deezer	https://cdn-images.dzcdn.net/images/cover/fd6aed0c25c5f38220561d4d6cd04d8a/1000x1000-000000-80-0-0.jpg	Rush (Music from the Motion Picture Soundtrack)	1992	https://www.deezer.com/track/4654895
metallica--enter-sandman	track	itunes	https://is1-ssl.mzstatic.com/image/thumb/Music125/v4/9e/80/1b/9e801b06-67fa-0990-2d15-85480ad3cd46/850007452025.png/600x600cc.jpg	Metallica (Remastered)	1991	https://music.apple.com/us/album/enter-sandman/1572046434?i=1572046436&uo=4
giorgia--come-saprei	track	deezer	https://cdn-images.dzcdn.net/images/cover/7c659799df46c3e9a025e429ea856113/1000x1000-000000-80-0-0.jpg	Greatest Hits (Le Cose Non Vanno Mai come Credi)		https://www.deezer.com/track/995873
fleetwood-mac--rhiannon	track	deezer-album	https://cdn-images.dzcdn.net/images/cover/35b5526dd0df498eb85355c7427a5a3b/1000x1000-000000-80-0-0.jpg	Fleetwood Mac	1977	https://www.deezer.com/album/339661
gloria-gaynor--never-can-say-goodbye	track	deezer	https://cdn-images.dzcdn.net/images/cover/49d07c0edf82f6069ee4f9fc7b3418fa/1000x1000-000000-80-0-0.jpg	I Will Survive		https://www.deezer.com/track/10769095
green-day--when-i-come-around	track	deezer	https://cdn-images.dzcdn.net/images/cover/1e17054b7bfa6576f64ea867b71ef479/1000x1000-000000-80-0-0.jpg	Dookie	1994	https://www.deezer.com/track/678053
huey-lewis--i-want-a-new-drug	track	deezer	https://cdn-images.dzcdn.net/images/cover/4e5bdd18756ea4250cbaaf444ffe7e95/1000x1000-000000-80-0-0.jpg	Sports		https://www.deezer.com/track/66878474
jackson-michael--black-or-white	track	deezer	https://cdn-images.dzcdn.net/images/cover/93a5354699d552666448e1c87c976605/1000x1000-000000-80-0-0.jpg	Dangerous	1991	https://www.deezer.com/track/15593566
luis-fonsi--despacito	track	itunes	https://is1-ssl.mzstatic.com/image/thumb/Music211/v4/e2/ef/f0/e2eff0bc-c51d-7de5-9280-6891ddcee71b/18UMGIM85289.rgb.jpg/600x600cc.jpg	VIDA	2017	https://music.apple.com/us/album/despacito/1447401519?i=1447401620&uo=4
golden-earring--twilight-zone	track	deezer-album	https://cdn-images.dzcdn.net/images/cover/2b8d564878df0175b1ff3db825d10f80/1000x1000-000000-80-0-0.jpg	The Continuing Story Of Radar Love		https://www.deezer.com/album/5939863
jethro-tull--living-in-the-past	track	deezer-album	https://cdn-images.dzcdn.net/images/cover/a55065538ad0be625262900c0b033fcc/1000x1000-000000-80-0-0.jpg	Living in the Past		https://www.deezer.com/album/301266
john-elton--rocket-man	track	deezer	https://cdn-images.dzcdn.net/images/cover/56121010d25e75058e2cc817037ad19b/1000x1000-000000-80-0-0.jpg	Honky Chateau	1995	https://www.deezer.com/track/1144863
kaoma--lambada	track	deezer	https://cdn-images.dzcdn.net/images/cover/fd4d708dc127726804135ff1b80b7a73/1000x1000-000000-80-0-0.jpg	Lambada - Les originaux No. 1 de l'été (Original 1989)	1989	https://www.deezer.com/track/309174
level-42--something-about-you	track	deezer	https://cdn-images.dzcdn.net/images/cover/a1069d097f6581a7e7f707952db85b52/1000x1000-000000-80-0-0.jpg	Lessons In Love		https://www.deezer.com/track/4889152
john-elton--blue-eyes	track	deezer-album	https://cdn-images.dzcdn.net/images/cover/3a75c21dc21ca6212a5ed3a7af6dab62/1000x1000-000000-80-0-0.jpg	Jump Up!	1982	https://www.deezer.com/album/119503
los-del-rio--macarena	track	deezer	https://cdn-images.dzcdn.net/images/cover/472a63e73ad7e23165f6945be2b0eee2/1000x1000-000000-80-0-0.jpg	Fiesta Macarena	1996	https://www.deezer.com/track/990761
madonna--express-yourself	track	deezer	https://cdn-images.dzcdn.net/images/cover/cb3560d83ededa230d78f7bf047c583a/1000x1000-000000-80-0-0.jpg	Like a Prayer	1989	https://www.deezer.com/track/664509
journey--open-arms	track	deezer-album	https://cdn-images.dzcdn.net/images/cover/0d4a3bfa2ee80789b86951e182a8e607/1000x1000-000000-80-0-0.jpg	Escape (2022 Remaster)	1988	https://www.deezer.com/album/347056437
madonna--holiday	track	deezer	https://cdn-images.dzcdn.net/images/cover/c807810d6cf5a3894bad6fa91e6cc137/1000x1000-000000-80-0-0.jpg	Madonna		https://www.deezer.com/track/781018
madonna--oh-father	track	deezer	https://cdn-images.dzcdn.net/images/cover/cb3560d83ededa230d78f7bf047c583a/1000x1000-000000-80-0-0.jpg	Like a Prayer	1989	https://www.deezer.com/track/664519
madonna--papa-don-t-preach	track	deezer	https://cdn-images.dzcdn.net/images/cover/43a8e2b1b035391f58b0927cf1040bc4/1000x1000-000000-80-0-0.jpg	True Blue	1986	https://www.deezer.com/track/678363
metallica--the-unforgiven	track	deezer	https://cdn-images.dzcdn.net/images/cover/4f2093c9d25852c8f1937ae5a47b99a6/1000x1000-000000-80-0-0.jpg	Metallica (Remastered 2021)	1991	https://www.deezer.com/track/1483825242
peter-gabriel--sledgehammer	track	deezer	https://cdn-images.dzcdn.net/images/cover/5f6501830e0fd1309550d25dd2056c18/1000x1000-000000-80-0-0.jpg	So (Remastered)		https://www.deezer.com/track/540503442
nancy-sinatra--these-boots-are-made-for-walkin	track	deezer-album	https://cdn-images.dzcdn.net/images/cover/76e3eaa64de407c190ae7cdec93d37ac/1000x1000-000000-80-0-0.jpg	Boots		https://www.deezer.com/album/244423812
prince--1999	track	deezer	https://cdn-images.dzcdn.net/images/cover/8d0ba6d84cda21d51c7a576c886ecad4/1000x1000-000000-80-0-0.jpg	1999	1982	https://www.deezer.com/track/690101
rod-stewart--maggie-may	track	deezer	https://cdn-images.dzcdn.net/images/cover/c8bfc92d57b8d4ccbd508cac43a52aff/1000x1000-000000-80-0-0.jpg	Every Picture Tells A Story	1971	https://www.deezer.com/track/538646262
rossi-vasco--alba-chiara	artist	deezer-artist	https://cdn-images.dzcdn.net/images/artist/a4ff6553b51d7eb2a2a08b29f1efeba1/1000x1000-000000-80-0-0.jpg			
pet-shop-boys--go-west	track	deezer-album	https://cdn-images.dzcdn.net/images/cover/c36053b8275a30565149f703357c63a9/1000x1000-000000-80-0-0.jpg	Very (2018 Remaster)	1993	https://www.deezer.com/album/356419237
queen--friends-will-be-friends	track	deezer-album	https://cdn-images.dzcdn.net/images/cover/383a5cc3b1fcda7bea15b4e95950e141/1000x1000-000000-80-0-0.jpg	A Kind Of Magic		https://www.deezer.com/album/1007320541
snap--rhythm-is-a-dancer	track	deezer	https://cdn-images.dzcdn.net/images/cover/cd6f76ab5186a962a3c6e16980a8db3b/1000x1000-000000-80-0-0.jpg	The Madman's Return	1992	https://www.deezer.com/track/3785942552
steve-miller-band--the-joker	track	deezer	https://cdn-images.dzcdn.net/images/cover/b5805477aca159d7f8703a15d5e28c98/1000x1000-000000-80-0-0.jpg	The Joker		https://www.deezer.com/track/82159934
rush--the-spirit-of-radio	track	deezer-album	https://cdn-images.dzcdn.net/images/cover/5bc2ef7928d0e357f050422ef1110c3a/1000x1000-000000-80-0-0.jpg	Permanent Waves		https://www.deezer.com/album/124360
talking-heads--and-she-was	track	deezer	https://cdn-images.dzcdn.net/images/cover/68d64cc34bf5c7f99a7268b59221015a/1000x1000-000000-80-0-0.jpg	Little Creatures	1985	https://www.deezer.com/track/3119231
stephanie-mills--never-knew-love-like-this-before	track	deezer-album	https://cdn-images.dzcdn.net/images/cover/b7e631c5247339395d092de17f8b2a6a/1000x1000-000000-80-0-0.jpg	The Best Of Stephanie Mills		https://www.deezer.com/album/337821
the-alan-parsons-project--eye-in-the-sky	track	deezer	https://cdn-images.dzcdn.net/images/cover/399c52ec3a4ba14f29646a59ee69e1e5/1000x1000-000000-80-0-0.jpg	Eye In The Sky	1982	https://www.deezer.com/track/328213571
sting--english-man-in-new-york	track	deezer-album	https://cdn-images.dzcdn.net/images/cover/6c5f0cff2e1b533add2c705836521ad4/1000x1000-000000-80-0-0.jpg	...Nothing Like The Sun	1987	https://www.deezer.com/album/5942154
sting--fields-of-gold	track	deezer-album	https://cdn-images.dzcdn.net/images/cover/e2491c22fb19c154e46b449ff7aa7a62/1000x1000-000000-80-0-0.jpg	Ten Summoner's Tales	1998	https://www.deezer.com/album/68804761
the-beatles--and-i-love-her	track	deezer	https://cdn-images.dzcdn.net/images/cover/7d1c6019481f5b2b2a6e5de1ee57425c/1000x1000-000000-80-0-0.jpg	A Hard Day's Night (Remastered)		https://www.deezer.com/track/116348434
the-bangles--walk-like-an-egyptian	track	deezer	https://cdn-images.dzcdn.net/images/cover/3bdcbeeaa0df5998e003c25de3c271cc/1000x1000-000000-80-0-0.jpg	Greatest Hits	1990	https://www.deezer.com/track/1056919
the-beatles--if-i-fell	track	deezer	https://cdn-images.dzcdn.net/images/cover/7d1c6019481f5b2b2a6e5de1ee57425c/1000x1000-000000-80-0-0.jpg	A Hard Day's Night (Remastered)		https://www.deezer.com/track/116348430
the-beatles--do-you-want-to-know-a-secret	track	deezer	https://cdn-images.dzcdn.net/images/cover/03a4debd84fd2769cf1beb7c2e7c40a4/1000x1000-000000-80-0-0.jpg	Please Please Me (Remastered)		https://www.deezer.com/track/116348334
the-beatles--in-my-life	track	deezer	https://cdn-images.dzcdn.net/images/cover/da80520440d5d29876b9df3e375793b5/1000x1000-000000-80-0-0.jpg	Rubber Soul (Remastered 2009)		https://www.deezer.com/track/116348272
the-beatles--something	track	deezer	https://cdn-images.dzcdn.net/images/cover/aa94ab293730bb7845d2aa8c672b2c29/1000x1000-000000-80-0-0.jpg	Abbey Road (Remastered)		https://www.deezer.com/track/116348454
the-beatles--the-long-and-winding-road	track	deezer	https://cdn-images.dzcdn.net/images/cover/fcf05300b7c17ec77a6d01028a4bef61/1000x1000-000000-80-0-0.jpg	Let It Be (Remastered)		https://www.deezer.com/track/116348664
the-beatles--paperback-writer	track	deezer	https://cdn-images.dzcdn.net/images/cover/c65b3bd84e81056e060be144381c06c8/1000x1000-000000-80-0-0.jpg	1 (Remastered)		https://www.deezer.com/track/116348618
the-beatles--penny-lane	track	deezer	https://cdn-images.dzcdn.net/images/cover/c65b3bd84e81056e060be144381c06c8/1000x1000-000000-80-0-0.jpg	1 (Remastered)		https://www.deezer.com/track/116348624
the-o-jays--love-train	track	deezer	https://cdn-images.dzcdn.net/images/cover/ed3703f61b7dfebe9123e6d822b1ef45/1000x1000-000000-80-0-0.jpg	Back Stabbers	1972	https://www.deezer.com/track/13183903
the-cure--just-like-heaven	track	deezer-album	https://cdn-images.dzcdn.net/images/cover/5225e065ccb1c1d6375b10ddfc33a7c5/1000x1000-000000-80-0-0.jpg	Kiss Me Kiss Me Kiss Me (Remastered 2006)	1987	https://www.deezer.com/album/123258
the-beatles--ticket-to-ride	track	deezer-album	https://cdn-images.dzcdn.net/images/cover/44f87ff491af981fd129b6d159f47b96/1000x1000-000000-80-0-0.jpg	Help! (Remastered)		https://www.deezer.com/album/12047944
nirvana--come-as-you-are	track	deezer	https://cdn-images.dzcdn.net/images/cover/f0282817b697279e56df13909962a54a/1000x1000-000000-80-0-0.jpg	Nevermind (Remastered)		https://www.deezer.com/track/13791932
the-monkees--i-m-a-believer	track	deezer	https://cdn-images.dzcdn.net/images/cover/6e6a035031deac68c0d498fe311ac145/1000x1000-000000-80-0-0.jpg	More of The Monkees (Deluxe Edition)		https://www.deezer.com/track/764920
the-police--wrapped-around-your-finger	track	deezer	https://cdn-images.dzcdn.net/images/cover/e9d3dbc325eebdaf6bc442c2f9a05daa/1000x1000-000000-80-0-0.jpg	Synchronicity (Remastered 2003)		https://www.deezer.com/track/665714282
the-rolling-stones--start-me-up	track	deezer	https://cdn-images.dzcdn.net/images/cover/b30759c8c8163d3f25aa10e27d873607/1000x1000-000000-80-0-0.jpg	Tattoo You (2009 Re-Mastered)		https://www.deezer.com/track/4125592
the-smashing-pumpkins--today	track	deezer	https://cdn-images.dzcdn.net/images/cover/14fc556f659caee13ababa07f1ede592/1000x1000-000000-80-0-0.jpg	Siamese Dream (2011 - Remaster)		https://www.deezer.com/track/14738294
the-rolling-stones--time-is-on-my-side	track	deezer	https://cdn-images.dzcdn.net/images/cover/d85b37d93a4bccec5441c3895b197a28/1000x1000-000000-80-0-0.jpg	12 X 5		https://www.deezer.com/track/9938441
u2--new-year-s-day	track	deezer	https://cdn-images.dzcdn.net/images/cover/c66b126bb3afe75c7fedd62f9df4956b/1000x1000-000000-80-0-0.jpg	War (Remastered)		https://www.deezer.com/track/1579267
u2--sunday-bloody-sunday	track	deezer	https://cdn-images.dzcdn.net/images/cover/c66b126bb3afe75c7fedd62f9df4956b/1000x1000-000000-80-0-0.jpg	War (Remastered)		https://www.deezer.com/track/1579265
whitney-houston--greatest-love-of-all	track	deezer	https://cdn-images.dzcdn.net/images/cover/e5712b346f0ca0f167da8ffd7588db3f/1000x1000-000000-80-0-0.jpg	Whitney Houston	1985	https://www.deezer.com/track/1131194
the-rolling-stones--wild-horses	track	deezer-album	https://cdn-images.dzcdn.net/images/cover/8ec39c97a5fd77144962bc6a8c2451d3/1000x1000-000000-80-0-0.jpg	Made In The Shade (2005 Digital Remaster)		https://www.deezer.com/album/213339
whitney-houston--saving-all-my-love-for-you	track	deezer	https://cdn-images.dzcdn.net/images/cover/e5712b346f0ca0f167da8ffd7588db3f/1000x1000-000000-80-0-0.jpg	Whitney Houston	1985	https://www.deezer.com/track/1131191
wild-cherry--play-that-funky-music	track	deezer	https://cdn-images.dzcdn.net/images/cover/e6f5bc9660b61f7e99c8eb3a108a74f8/1000x1000-000000-80-0-0.jpg	Wild Cherry		https://www.deezer.com/track/1067076
the-temptations--ain-t-too-proud-to-beg	track	deezer-album	https://cdn-images.dzcdn.net/images/cover/27e64d5664e7faebf481574667c66683/1000x1000-000000-80-0-0.jpg	Gettin' Ready (Expanded Edition)		https://www.deezer.com/album/680788
tina-turner--what-s-love-got-to-do-with-it	track	deezer-album	https://cdn-images.dzcdn.net/images/cover/837d79a1e17f7bc27f3884b7d7e3f4fa/1000x1000-000000-80-0-0.jpg	Tina!		https://www.deezer.com/album/302597
alice-cooper--school-s-out	track	deezer	https://cdn-images.dzcdn.net/images/cover/dc4ed42702c446012d724249c5901743/1000x1000-000000-80-0-0.jpg	School's Out	1972	https://www.deezer.com/track/730866
backstreet-boys--as-long-as-you-love-me	track	deezer	https://cdn-images.dzcdn.net/images/cover/4f5bf0b5232ddc0f8453c3014c83a592/1000x1000-000000-80-0-0.jpg	Backstreet's Back (European Version)	1997	https://www.deezer.com/track/15608664
anita-baker--sweet-love	track	deezer	https://cdn-images.dzcdn.net/images/cover/58cfc9bfea1660cb40bf9709d0a2cc65/1000x1000-000000-80-0-0.jpg	Rapture	1986	https://www.deezer.com/track/717534
aqua--barbie-girl	track	deezer	https://cdn-images.dzcdn.net/images/cover/89c2dae2b498dc9ca9151324d02eca2d/1000x1000-000000-80-0-0.jpg	Aquarium	1997	https://www.deezer.com/track/1115044
abba--honey-honey	track	deezer-album	https://cdn-images.dzcdn.net/images/cover/d096c01a71ada4f89386abc834ab3eff/1000x1000-000000-80-0-0.jpg	Waterloo		https://www.deezer.com/album/248699
abba--name-of-the-game	track	deezer-album	https://cdn-images.dzcdn.net/images/cover/cd70105b6486c98cbfa9481e367277f2/1000x1000-000000-80-0-0.jpg	The Album		https://www.deezer.com/album/126543
blondie--heart-of-glass	track	deezer	https://cdn-images.dzcdn.net/images/cover/040aa7c539264730521db562c24bf414/1000x1000-000000-80-0-0.jpg	Parallel Lines		https://www.deezer.com/track/418231512
billy-swan--i-can-help	track	deezer-album	https://cdn-images.dzcdn.net/images/cover/bd793f1edf6585319701f42040f75584/1000x1000-000000-80-0-0.jpg	I Can Help	1974	https://www.deezer.com/album/50831702
boston--amanda	track	deezer	https://cdn-images.dzcdn.net/images/cover/7b12c81f74745976668c9481d4c7c68a/1000x1000-000000-80-0-0.jpg	Third Stage		https://www.deezer.com/track/2526491
bon-jovi--always	track	deezer	https://cdn-images.dzcdn.net/images/cover/f513327c13908b0def56f1fa0ca79789/1000x1000-000000-80-0-0.jpg	Cross Road		https://www.deezer.com/track/538586982
billy-idol--rebel-yell	track	deezer	https://cdn-images.dzcdn.net/images/cover/eb0d342c982a77d5e1c106112dcd01c1/1000x1000-000000-80-0-0.jpg	Rebel Yell		https://www.deezer.com/track/353398301
bread--make-it-with-you	track	deezer	https://cdn-images.dzcdn.net/images/cover/ca68481f8f891a1829a7049a764d4241/1000x1000-000000-80-0-0.jpg	Make It with You		https://www.deezer.com/track/2185116607
brooks-garth--the-dance	track	deezer	https://cdn-images.dzcdn.net/images/cover/57e653d6294537d1f5e5a4a8a6195910/1000x1000-000000-80-0-0.jpg	Favorite Country Love Songs		https://www.deezer.com/track/356070761
backstreet-boys--i-want-it-that-way	none	placeholder				
celine-dion--think-twice	track	deezer	https://cdn-images.dzcdn.net/images/cover/7ce8408b33a172ca9ccefed1b5f7dec9/1000x1000-000000-80-0-0.jpg	The Colour Of My Love	1993	https://www.deezer.com/track/70627955
billie-eilish--everything-i-wanted	artist	deezer-artist	https://cdn-images.dzcdn.net/images/artist/8eab1a9a644889aabaca1e193e05f984/1000x1000-000000-80-0-0.jpg			https://www.deezer.com/artist/9635624
cheap-trick--dream-police	track	deezer	https://cdn-images.dzcdn.net/images/cover/1ca40edd75e9e47ce99f7b49eabfc4fb/1000x1000-000000-80-0-0.jpg	Dream Police	1979	https://www.deezer.com/track/82325634
commodores--easy	track	deezer	https://cdn-images.dzcdn.net/images/cover/b9cd304cfed071dfa484824c3a55b993/1000x1000-000000-80-0-0.jpg	Back To Front		https://www.deezer.com/track/2177862
bon-jovi--blaze-of-glory	track	deezer	https://cdn-images.dzcdn.net/images/cover/2c65bf73717bc4f71d859e9e8f099fd4/1000x1000-000000-80-0-0.jpg	We Weren't Born To Follow (Int'l Maxi)		https://www.deezer.com/track/4566525
carpenters--top-of-the-world	track	deezer-album	https://cdn-images.dzcdn.net/images/cover/57f9176d7c95ce2f4adf550d43ff09b7/1000x1000-000000-80-0-0.jpg	A Song For You	1972	https://www.deezer.com/album/70177372
chicago--make-me-smile	track	deezer	https://cdn-images.dzcdn.net/images/cover/ec91df176e4790a84eeb6a0791bd1790/1000x1000-000000-80-0-0.jpg	Chicago II		https://www.deezer.com/track/3667471
celine-dion--my-heart-will-go-on	track	deezer-album	https://cdn-images.dzcdn.net/images/cover/b810b7358cb35074892f6382ffa91732/1000x1000-000000-80-0-0.jpg	Let's Talk About Love	1997	https://www.deezer.com/album/112729962
crosby-stills-nash--suite-judy-blue-eyes	track	deezer	https://cdn-images.dzcdn.net/images/cover/fded07611cc72f0b056be0b62bd2bb68/1000x1000-000000-80-0-0.jpg	Crosby, Stills & Nash		https://www.deezer.com/track/3590415
crosby-stills-nash--teach-your-children	track	deezer	https://cdn-images.dzcdn.net/images/cover/46e52a1d036c054dbca435a71f327490/1000x1000-000000-80-0-0.jpg	Deja Vu	1970	https://www.deezer.com/track/3821903
cyndi-lauper--she-bop	track	deezer	https://cdn-images.dzcdn.net/images/cover/35713f507bf5b6c0b363b32fc1196d85/1000x1000-000000-80-0-0.jpg	Twelve Deadly Cyns...And Then Some		https://www.deezer.com/track/15177573
creedence-clearwater-revival--i-put-a-spell-on-you	track	deezer-album	https://cdn-images.dzcdn.net/images/cover/d84749089d1a2f09f2fc97f9fcdc6249/1000x1000-000000-80-0-0.jpg	Creedence Clearwater Revival (Expanded Edition)		https://www.deezer.com/album/9855048
dire-straits--brothers-in-arms	track	deezer	https://cdn-images.dzcdn.net/images/cover/16524c83f289f09b8d6c98c8adc60f11/1000x1000-000000-80-0-0.jpg	Money For Nothing (Remastered 2022)		https://www.deezer.com/track/1786425827
domino-fats--blueberry-hill	track	deezer	https://cdn-images.dzcdn.net/images/cover/bd88729b32c340bc2f52ebf5a23fa7a1/1000x1000-000000-80-0-0.jpg	Fats Domino & Friends		https://www.deezer.com/track/1365705
dr-john--right-place-wrong-time	track	deezer	https://cdn-images.dzcdn.net/images/cover/384efe7e3ab3730e82467f736d749c7a/1000x1000-000000-80-0-0.jpg	In The Right Place		https://www.deezer.com/track/724461
duran-duran--come-undone	track	deezer	https://cdn-images.dzcdn.net/images/cover/26e42a1a8eee2426482b026471cbc317/1000x1000-000000-80-0-0.jpg	Duran Duran	1993	https://www.deezer.com/track/3166606
dire-straits--calling-elvis	track	deezer-album	https://cdn-images.dzcdn.net/images/cover/defd81a4cae726db4eddccad922f35f7/1000x1000-000000-80-0-0.jpg	On Every Street	1991	https://www.deezer.com/album/253580
jackson-michael--beat-it	track	itunes	https://is1-ssl.mzstatic.com/image/thumb/Music115/v4/32/4f/fd/324ffda2-9e51-8f6a-0c2d-c6fd2b41ac55/074643811224.jpg/600x600cc.jpg	Thriller	1982	https://music.apple.com/us/album/beat-it/269572838?i=269573341&uo=4
eagles--love-will-keep-us-alive	track	deezer	https://cdn-images.dzcdn.net/images/cover/2d8ad0dfdf16395cf21cb153f806b094/1000x1000-000000-80-0-0.jpg	Hell Freezes Over (Remaster 2018)		https://www.deezer.com/track/642692292
elvis-presley--suspicious-minds	track	deezer	https://cdn-images.dzcdn.net/images/cover/0b13ead9d2741f016062328c3d7652aa/1000x1000-000000-80-0-0.jpg	Viva Elvis		https://www.deezer.com/track/69404840
elvis-presley--teddy-bear	track	deezer	https://cdn-images.dzcdn.net/images/cover/de69c23a9dbd2bc50e2b238f00adfe13/1000x1000-000000-80-0-0.jpg	This Is Elvis Presley		https://www.deezer.com/track/2445009325
r-e-m--losing-my-religion	track	itunes	https://is1-ssl.mzstatic.com/image/thumb/Music125/v4/05/ae/86/05ae8650-7bce-2377-8959-78ea033a99d9/00888072013711.rgb.jpg/600x600cc.jpg	Out of Time (2016 Remaster)	1991	https://music.apple.com/us/album/losing-my-religion/1440945025?i=1440945283&uo=4
eagles--already-gone	track	deezer-album	https://cdn-images.dzcdn.net/images/cover/80b6e71d9912e20b0309d1adbc7bf3f0/1000x1000-000000-80-0-0.jpg	On the Border (2013 Remaster)		https://www.deezer.com/album/6670329
eric-clapton--i-shot-the-sheriff	track	deezer	https://cdn-images.dzcdn.net/images/cover/73b1b02b6e8e71365206a188fe67370e/1000x1000-000000-80-0-0.jpg	461 Ocean Boulevard	1996	https://www.deezer.com/track/920186
eagles--desperado	track	deezer-album	https://cdn-images.dzcdn.net/images/cover/29973440d9c2c2ee738d77bf924825d8/1000x1000-000000-80-0-0.jpg	Desperado (2013 Remaster)	1975	https://www.deezer.com/album/6670587
eric-clapton--let-it-grow	track	deezer	https://cdn-images.dzcdn.net/images/cover/73b1b02b6e8e71365206a188fe67370e/1000x1000-000000-80-0-0.jpg	461 Ocean Boulevard	1996	https://www.deezer.com/track/920189
eagles--peaceful-easy-feeling	track	deezer-album	https://cdn-images.dzcdn.net/images/cover/17474e452c6c8dfb8577c60a49342b71/1000x1000-000000-80-0-0.jpg	Eagles (2013 Remaster)	1972	https://www.deezer.com/album/6670659
red-hot-chili-peppers--californication	track	itunes	https://is1-ssl.mzstatic.com/image/thumb/Music124/v4/4c/86/1d/4c861dab-5428-f3b7-8068-82bb69db5e89/093624932130.jpg/600x600cc.jpg	Californication (Remastered)	1999	https://music.apple.com/us/album/californication/945575406?i=945575413&uo=4
elvis-presley--return-to-sender	track	deezer-album	https://cdn-images.dzcdn.net/images/cover/5e7eb0f983c1ec5c6834edead263c871/1000x1000-000000-80-0-0.jpg	Elvis At The Movies		https://www.deezer.com/album/72443
gary-moore--still-got-the-blues	track	deezer	https://cdn-images.dzcdn.net/images/cover/e5ca9ba4e56c7e8a69791f6b194399d3/1000x1000-000000-80-0-0.jpg	Still Got The Blues	1992	https://www.deezer.com/track/3125932
abba--dancing-queen	track	itunes	https://is1-ssl.mzstatic.com/image/thumb/Music125/v4/69/4d/b4/694db440-1fdd-0112-16a0-ae501501cb32/14UMGIM07610.rgb.jpg/600x600cc.jpg	Arrival (Bonus Track Version)	1976	https://music.apple.com/us/album/dancing-queen/1440820126?i=1440820267&uo=4
george-harrison--got-my-mind-set-on-you	track	deezer	https://cdn-images.dzcdn.net/images/cover/585edfcba5ab1d6e3949963dc5ad7a20/1000x1000-000000-80-0-0.jpg	Cloud Nine	1987	https://www.deezer.com/track/3164587
genesis--firth-of-fifth	track	deezer	https://cdn-images.dzcdn.net/images/cover/0322702535090b3a7d0929079de22ff0/1000x1000-000000-80-0-0.jpg	The Last Domino?		https://www.deezer.com/track/1544684712
genesis--land-of-confusion	track	deezer	https://cdn-images.dzcdn.net/images/cover/fe34d9731f608634324ad239cabaae30/1000x1000-000000-80-0-0.jpg	Invisible Touch (2007 Remaster)	1986	https://www.deezer.com/track/14637102
glen-campbell--rhinestone-cowboy	track	deezer	https://cdn-images.dzcdn.net/images/cover/2d9788ee1f56c20401f8c19d2e86f80b/1000x1000-000000-80-0-0.jpg	See You There		https://www.deezer.com/track/3773871722
heart--crazy-on-you	track	deezer	https://cdn-images.dzcdn.net/images/cover/341b84af36fd6e2d3abe35161ec27cd8/1000x1000-000000-80-0-0.jpg	Dreamboat Annie		https://www.deezer.com/track/3127720
huey-lewis--hip-to-be-square	track	deezer	https://cdn-images.dzcdn.net/images/cover/4253584d6f6d14c5e535d269e60dbed3/1000x1000-000000-80-0-0.jpg	Fore!	1986	https://www.deezer.com/track/3121967
red-hot-chili-peppers--under-the-bridge	track	itunes	https://is1-ssl.mzstatic.com/image/thumb/Music125/v4/2b/2b/56/2b2b564c-e21e-bd40-a8cf-cb47dedcb7df/093624932147.jpg/600x600cc.jpg	Blood Sugar Sex Magik	1991	https://music.apple.com/us/album/under-the-bridge/945581828?i=945581840&uo=4
genesis--i-can-t-dance	track	deezer-album	https://cdn-images.dzcdn.net/images/cover/8968f10c0e11ba7280a44958bda37820/1000x1000-000000-80-0-0.jpg	We Can't Dance (2007 Remaster)	1991	https://www.deezer.com/album/1347734
jackson-michael--heal-the-world	track	deezer	https://cdn-images.dzcdn.net/images/cover/93a5354699d552666448e1c87c976605/1000x1000-000000-80-0-0.jpg	Dangerous	1991	https://www.deezer.com/track/15593565
iron-butterfly--in-a-gadda-da-vida	track	deezer	https://cdn-images.dzcdn.net/images/cover/5e5cefbdafdf0a62d8b5b65f1a0667a8/1000x1000-000000-80-0-0.jpg	In-A-Gadda-Da-Vida	1968	https://www.deezer.com/track/73516758
huey-lewis--power-of-love	track	deezer	https://cdn-images.dzcdn.net/images/cover/947835de11de3edaf23440d0078b0a92/1000x1000-000000-80-0-0.jpg	Greatest Hits: Huey Lewis And The News		https://www.deezer.com/track/3116046
huey-lewis-the-news--stuck-with-you	track	deezer-album	https://cdn-images.dzcdn.net/images/cover/4253584d6f6d14c5e535d269e60dbed3/1000x1000-000000-80-0-0.jpg	Fore!	1986	https://www.deezer.com/album/301252
janet-jackson--escapade	track	deezer	https://cdn-images.dzcdn.net/images/cover/7c41642fa921902c59678ba90be666b7/1000x1000-000000-80-0-0.jpg	Rhythm Nation 1814		https://www.deezer.com/track/2459647
red-hot-chilli-peppers--cant-stop	track	itunes	https://is1-ssl.mzstatic.com/image/thumb/Music115/v4/73/ec/27/73ec2771-a008-e55b-8ccd-faf6257d5cd0/093624932178.jpg/600x600cc.jpg	By the Way	2002	https://music.apple.com/us/album/cant-stop/945578420?i=945578427&uo=4
jackson-browne--running-on-empty	track	deezer-album	https://cdn-images.dzcdn.net/images/cover/ff95cc3b675d258b12f822852dd60dc9/1000x1000-000000-80-0-0.jpg	Running on Empty (Remastered)		https://www.deezer.com/album/102969992
jimi-hendrix--purple-haze	track	deezer	https://cdn-images.dzcdn.net/images/cover/98d761abfb113e93f369013d8c1453eb/1000x1000-000000-80-0-0.jpg	Miami Pop Festival		https://www.deezer.com/track/70331406
john-elton--nikita	track	deezer	https://cdn-images.dzcdn.net/images/cover/255444f7eb6ad95d948fc099ed1d66dd/1000x1000-000000-80-0-0.jpg	Ice On Fire		https://www.deezer.com/track/1146286
john-denver--annie-s-song	track	deezer	https://cdn-images.dzcdn.net/images/cover/23ddf5c08b47e7f54b1b62e9e017945b/1000x1000-000000-80-0-0.jpg	Back Home Again	1974	https://www.deezer.com/track/659836372
jackson-michael--i-just-can-t-stop-loving-you	track	deezer-album	https://cdn-images.dzcdn.net/images/cover/cad261eafd0c6c15811200d5039b5b50/1000x1000-000000-80-0-0.jpg	Bad (Remastered)		https://www.deezer.com/album/5814031
led-zeppelin--over-the-hills-and-far-away	track	deezer	https://cdn-images.dzcdn.net/images/cover/87df66f7805c5bd5fdf353def5c3425f/1000x1000-000000-80-0-0.jpg	Houses of the Holy (Remaster)		https://www.deezer.com/track/111628800
looking-glass--brandy	track	deezer	https://cdn-images.dzcdn.net/images/cover/5ca27e5b3c502974207836c5c1de9da3/1000x1000-000000-80-0-0.jpg	Looking Glass	1972	https://www.deezer.com/track/6917710
john-elton--i-guess-that-s-why-they-call-it-the-blues	track	deezer-album	https://cdn-images.dzcdn.net/images/cover/3f099560bed3f4813a8bf71e203cd3f0/1000x1000-000000-80-0-0.jpg	Too Low For Zero	1998	https://www.deezer.com/album/125333
john-elton--the-one	track	deezer-album	https://cdn-images.dzcdn.net/images/cover/789512558e01af0f3cd7f1c5384df14a/1000x1000-000000-80-0-0.jpg	The One		https://www.deezer.com/album/125597
louis-armstrong--wonderful-world	track	deezer	https://cdn-images.dzcdn.net/images/cover/c2685d371def5346dedcdd8ac7b543d8/1000x1000-000000-80-0-0.jpg	Louis Armstrong and His Friends	1970	https://www.deezer.com/track/1733896157
creedence-clearwater-revival--fortunate-son	track	itunes	https://is1-ssl.mzstatic.com/image/thumb/Music221/v4/29/1b/da/291bda3c-1743-c65c-41a6-f22a88936136/14CMGIM00939.rgb.jpg/600x600cc.jpg	Willy and the Poor Boys	1968	https://music.apple.com/us/album/fortunate-son/1440950503?i=1440950725&uo=4
journey--faithfully	track	deezer-album	https://cdn-images.dzcdn.net/images/cover/c4271f52bce006889cc72287661e42c0/1000x1000-000000-80-0-0.jpg	Frontiers (2023 Remaster)	1988	https://www.deezer.com/album/6901048
louis-armstrong--hello-dolly	track	deezer	https://cdn-images.dzcdn.net/images/cover/2f08bffbbdc8d4f483a5eb0d96d5ff10/1000x1000-000000-80-0-0.jpg	The Very Best Of Louis Armstrong		https://www.deezer.com/track/2524742
madonna--cherish	track	deezer	https://cdn-images.dzcdn.net/images/cover/cb3560d83ededa230d78f7bf047c583a/1000x1000-000000-80-0-0.jpg	Like a Prayer	1989	https://www.deezer.com/track/664515
madonna--don-t-cry-for-me-argentina	track	deezer	https://cdn-images.dzcdn.net/images/cover/2130a75464ced1a95913a03007cb6701/1000x1000-000000-80-0-0.jpg	Don't Cry For Me Argentina		https://www.deezer.com/track/1661367382
madonna--this-used-to-be-my-playground	track	deezer	https://cdn-images.dzcdn.net/images/cover/458e44f0d8359889999aa353aada5e13/1000x1000-000000-80-0-0.jpg	Something to Remember	1995	https://www.deezer.com/track/776955
madonna--like-a-prayer	track	deezer	https://cdn-images.dzcdn.net/images/cover/cb3560d83ededa230d78f7bf047c583a/1000x1000-000000-80-0-0.jpg	Like a Prayer	1989	https://www.deezer.com/track/664507
madonna--borderline	track	deezer-album	https://cdn-images.dzcdn.net/images/cover/9195cd145e0f669b95e3eb75d72ee939/1000x1000-000000-80-0-0.jpg	Madonna		https://www.deezer.com/album/86240
meat-loaf--paradise-by-the-dashboard-light	track	deezer	https://cdn-images.dzcdn.net/images/cover/8211d5978a8efd881d5c1769f3713a45/1000x1000-000000-80-0-0.jpg	Bat Out Of Hell		https://www.deezer.com/track/125468092
nick-gilder--hot-child-in-the-city	track	deezer	https://cdn-images.dzcdn.net/images/cover/b991d7621fda8f3aa0f4b5318fea9803/1000x1000-000000-80-0-0.jpg	Hot Child In The City		https://www.deezer.com/track/3323194
madonna--vogue	track	deezer	https://cdn-images.dzcdn.net/images/cover/218bda0fe08eb2146a9c80050e08dabc/1000x1000-000000-80-0-0.jpg	I'm Breathless	1990	https://www.deezer.com/track/2812602
nine-inch-nails--closer	track	deezer	https://cdn-images.dzcdn.net/images/cover/89d401ea7aecb97639fa86c81213de51/1000x1000-000000-80-0-0.jpg	The Downward Spiral	1994	https://www.deezer.com/track/1173960
nirvana--all-apologies	track	deezer	https://cdn-images.dzcdn.net/images/cover/4d0dfaf6d522f5323aebcc85903d92ac/1000x1000-000000-80-0-0.jpg	In Utero		https://www.deezer.com/track/70466236
morris-albert--feelings	track	deezer	https://cdn-images.dzcdn.net/images/cover/78017535ea27f93e124a39e5b32364d0/1000x1000-000000-80-0-0.jpg	Feelings		https://www.deezer.com/track/14207490
michael-sembello--maniac	track	musicbrainz	https://coverartarchive.org/release-group/b12e62a9-06df-4baf-be39-6d980a45d74e/front-500	High Life	1983	https://musicbrainz.org/release/17e420f7-5147-48d1-9e2a-af6ceb6d5c52
nirvana--in-bloom	track	deezer	https://cdn-images.dzcdn.net/images/cover/f0282817b697279e56df13909962a54a/1000x1000-000000-80-0-0.jpg	Nevermind (Remastered)		https://www.deezer.com/track/13791931
nirvana--rape-me	track	deezer	https://cdn-images.dzcdn.net/images/cover/4d0dfaf6d522f5323aebcc85903d92ac/1000x1000-000000-80-0-0.jpg	In Utero		https://www.deezer.com/track/70466228
paul-mccartney--with-a-little-luck	track	deezer	https://cdn-images.dzcdn.net/images/cover/98e0c29a392eee5def5e2e82a47c2a7e/1000x1000-000000-80-0-0.jpg	London Town (Expanded Edition)		https://www.deezer.com/track/1476762172
milli-vanilli--baby-don-t-forget-my-number	track	deezer-album	https://cdn-images.dzcdn.net/images/cover/3326cac8b91e5d58443998d39a8714ef/1000x1000-000000-80-0-0.jpg	All Or Nothing		https://www.deezer.com/album/7002687
pat-benatar--love-is-a-battlefield	track	deezer	https://cdn-images.dzcdn.net/images/cover/6a16dac1fdd84e8e4b96d4696d709a5e/1000x1000-000000-80-0-0.jpg	Best Shots		https://www.deezer.com/track/3122115
outkast--hey-ya	track	deezer	https://cdn-images.dzcdn.net/images/cover/f81783b6cc6030733cd475f820855562/1000x1000-000000-80-0-0.jpg	Speakerboxxx/The Love Below		https://www.deezer.com/track/628266
peter-gabriel--shock-the-monkey	track	deezer	https://cdn-images.dzcdn.net/images/cover/5304479c4fb1cb16bd88728c5b5ebc0f/1000x1000-000000-80-0-0.jpg	Peter Gabriel 4: Security (Remastered)		https://www.deezer.com/track/540516622
pink-floyd--shine-on-you-crazy-diamond-part-two	track	musicbrainz	https://coverartarchive.org/release-group/21060422-728b-3692-8fa9-50281580f193/front-500	Shine On	1992	https://musicbrainz.org/release/bce5ddf8-a5ae-407c-a26a-03aeb8998ac8
pink-floyd--hey-you	track	deezer	https://cdn-images.dzcdn.net/images/cover/2bea643b92a8fc6b19a23756f718cbd4/1000x1000-000000-80-0-0.jpg	The Wall	1979	https://www.deezer.com/track/116914112
queen--the-miracle	track	deezer-album	https://cdn-images.dzcdn.net/images/cover/171b3c2868d0fd7edcd43afb74abbed4/1000x1000-000000-80-0-0.jpg	The Miracle		https://www.deezer.com/album/1007458831
rare-earth--get-ready	track	deezer	https://cdn-images.dzcdn.net/images/cover/5905dced846809f3b35bdc7e03a839fb/1000x1000-000000-80-0-0.jpg	Get Ready		https://www.deezer.com/track/5005743
ray-parker-jr--ghostbusters	track	deezer	https://cdn-images.dzcdn.net/images/cover/4201e26250029b62d4dfa76ad503a01b/1000x1000-000000-80-0-0.jpg	Arista Heritage Series: Ray Parker		https://www.deezer.com/track/969252
roy-orbison--oh-pretty-woman	track	deezer	https://cdn-images.dzcdn.net/images/cover/057141cf6b44141b44cbda46b2d38a10/1000x1000-000000-80-0-0.jpg	Oh, Pretty Woman		https://www.deezer.com/track/78033230
queen--you-re-my-best-friend	track	deezer-album	https://cdn-images.dzcdn.net/images/cover/0b56f4eee05fa1ea753c5654b2cdb70c/1000x1000-000000-80-0-0.jpg	A Night At The Opera		https://www.deezer.com/album/1007321681
prince--kiss-kiss	track	deezer	https://cdn-images.dzcdn.net/images/cover/6488e3e2ba3121f6e5c0b06a82c4effe/1000x1000-000000-80-0-0.jpg	Parade - Music from the Motion Picture Under the Cherry Moon	1986	https://www.deezer.com/track/664178
queen--the-show-must-go-on	track	deezer-album	https://cdn-images.dzcdn.net/images/cover/1ae58b7b789c2f0dec6e879820147617/1000x1000-000000-80-0-0.jpg	Innuendo		https://www.deezer.com/album/1007459291
simon-garfunkel--el-condor-pasa	track	deezer	https://cdn-images.dzcdn.net/images/cover/6f7036f2c3632d9e1df142f1078cb5c1/1000x1000-000000-80-0-0.jpg	Bridge Over Troubled Water	1970	https://www.deezer.com/track/13174765
simon-garfunkel--le-laureat-mrs-robinson	artist	deezer-artist	https://cdn-images.dzcdn.net/images/artist/8af19eff0f0bc52edd24e0d19b6e0764/1000x1000-000000-80-0-0.jpg			
sonny-cher--all-i-ever-need-is-you	track	deezer	https://cdn-images.dzcdn.net/images/cover/7af17c076652bf05c64bd3cb8eed40ca/1000x1000-000000-80-0-0.jpg	All I Ever Need Is You		https://www.deezer.com/track/25856471
simply-red--holding-back-the-years	track	deezer	https://cdn-images.dzcdn.net/images/cover/2030cf7bbb1ed65712a2b567f24029a5/1000x1000-000000-80-0-0.jpg	Picture Book (Expanded Version)		https://www.deezer.com/track/2477001
soul-asylum--runaway-train	track	deezer	https://cdn-images.dzcdn.net/images/cover/518b3872eb41d98ca9c78edf4e55c8f7/1000x1000-000000-80-0-0.jpg	Grave Dancers Union (2022 Remaster)	1992	https://www.deezer.com/track/1057312
steely-dan--do-it-again	track	deezer	https://cdn-images.dzcdn.net/images/cover/d6dfdac98e19bdec4a121dfb2d3f98fa/1000x1000-000000-80-0-0.jpg	Can't Buy A Thrill	1972	https://www.deezer.com/track/1987726127
steve-miller-band--rock-n-me	track	deezer-album	https://cdn-images.dzcdn.net/images/cover/b3fe4878bfcce630b7651a808872f8fb/1000x1000-000000-80-0-0.jpg	Fly Like An Eagle		https://www.deezer.com/album/8258830
the-beach-boys--surfin-safari	track	deezer	https://cdn-images.dzcdn.net/images/cover/8e86883989849cd0bab97f4f79170727/1000x1000-000000-80-0-0.jpg	The Beach Boys - By The Sea Beginnings		https://www.deezer.com/track/63096767
the-beatles--birthday	track	deezer	https://cdn-images.dzcdn.net/images/cover/f8b236243adae6bc187d27157bc61ae9/1000x1000-000000-80-0-0.jpg	The Beatles (Remastered)		https://www.deezer.com/track/116348226
the-beatles--can-t-buy-me-love	track	deezer	https://cdn-images.dzcdn.net/images/cover/7d1c6019481f5b2b2a6e5de1ee57425c/1000x1000-000000-80-0-0.jpg	A Hard Day's Night (Remastered)		https://www.deezer.com/track/116348438
tears-for-fears--shout	track	deezer	https://cdn-images.dzcdn.net/images/cover/5413c924601f881a7209bab7b1909880/1000x1000-000000-80-0-0.jpg	Songs From The Big Chair (Deluxe)		https://www.deezer.com/track/88845907
the-beatles--michelle	track	deezer	https://cdn-images.dzcdn.net/images/cover/da80520440d5d29876b9df3e375793b5/1000x1000-000000-80-0-0.jpg	Rubber Soul (Remastered 2009)		https://www.deezer.com/track/116348264
the-beach-boys--fun-fun-fun	track	deezer-album	https://cdn-images.dzcdn.net/images/cover/b2aec35ef2998940cee99d02e1ef692b/1000x1000-000000-80-0-0.jpg	Endless Summer		https://www.deezer.com/album/304137
the-beatles--hello-goodbye	track	deezer	https://cdn-images.dzcdn.net/images/cover/c65b3bd84e81056e060be144381c06c8/1000x1000-000000-80-0-0.jpg	1 (Remastered)		https://www.deezer.com/track/116348628
the-beatles--oh-darling	track	deezer	https://cdn-images.dzcdn.net/images/cover/aa94ab293730bb7845d2aa8c672b2c29/1000x1000-000000-80-0-0.jpg	Abbey Road (Remastered)		https://www.deezer.com/track/116348458
the-beatles--when-i-m-64	track	deezer	https://cdn-images.dzcdn.net/images/cover/4610dadd91132ae78a8e8cb99ca539bb/1000x1000-000000-80-0-0.jpg	Songs from Sgt Pepper's Lonely Hearts Club Band		https://www.deezer.com/track/454557462
the-beatles--roll-over-beethoven	track	deezer	https://cdn-images.dzcdn.net/images/cover/43504743d2efb7092130f1e2340e1ffa/1000x1000-000000-80-0-0.jpg	With The Beatles (Remastered)		https://www.deezer.com/track/116348710
the-beatles--you-never-give-me-your-money	track	deezer	https://cdn-images.dzcdn.net/images/cover/aa94ab293730bb7845d2aa8c672b2c29/1000x1000-000000-80-0-0.jpg	Abbey Road (Remastered)		https://www.deezer.com/track/116348468
the-byrds--eight-miles-high	track	deezer	https://cdn-images.dzcdn.net/images/cover/bcef11c708031f35bfa030aa64c6566d/1000x1000-000000-80-0-0.jpg	Fifth Dimension		https://www.deezer.com/track/1016525
the-buckinghams--kind-of-a-drag	track	deezer	https://cdn-images.dzcdn.net/images/cover/03c919b57eec8f0d75e2e259fe2d38bd/1000x1000-000000-80-0-0.jpg	Kind of a Drag (Expanded Edition)		https://www.deezer.com/track/142748124
the-beatles--she-loves-you	track	deezer	https://cdn-images.dzcdn.net/images/cover/c65b3bd84e81056e060be144381c06c8/1000x1000-000000-80-0-0.jpg	1 (Remastered)		https://www.deezer.com/track/116348596
the-cranberries--ode-to-my-family	track	deezer	https://cdn-images.dzcdn.net/images/cover/3cb8a08f542ee1a6961b4e5ce5248393/1000x1000-000000-80-0-0.jpg	No Need To Argue (2025 Remastered)		https://www.deezer.com/track/3498055221
the-four-seasons--december-63	track	musicbrainz	https://coverartarchive.org/release-group/da3e7a7a-4a48-3835-9b99-7d6b1303986d/front-500	Love Songs (disc 1)		https://musicbrainz.org/release/c21a2b01-1f4d-4f89-8039-e5dd40d09776
the-monkees--daydream-believer	track	deezer	https://cdn-images.dzcdn.net/images/cover/523b397f093da048e832373798d0dd47/1000x1000-000000-80-0-0.jpg	Pisces, Aquarius, Capricorn & Jones Ltd. (Super Deluxe Edition)		https://www.deezer.com/track/3554436811
the-cars--drive	track	deezer-album	https://cdn-images.dzcdn.net/images/cover/498d7625d3aa21448d05f74f782cdaa8/1000x1000-000000-80-0-0.jpg	Heartbeat City	1984	https://www.deezer.com/album/467301
the-police--don-t-stand-so-close	track	deezer	https://cdn-images.dzcdn.net/images/cover/6912891495ef483bd909718c32711b7d/1000x1000-000000-80-0-0.jpg	Zenyatta Mondatta (Remastered 2003)		https://www.deezer.com/track/665711142
the-pointer-sisters--jump	track	deezer-album	https://cdn-images.dzcdn.net/images/cover/b03e02a10cba704f20e66a002c91243f/1000x1000-000000-80-0-0.jpg	Break Out	1984	https://www.deezer.com/album/114132
todd-rundgren--can-we-still-be-friends	track	deezer	https://cdn-images.dzcdn.net/images/cover/88eb4d5c7947e5f750da79b38a21cea9/1000x1000-000000-80-0-0.jpg	The Genius of Todd Rundgren		https://www.deezer.com/track/1441694512
the-weather-girls--it-s-raining-men	track	deezer-album	https://cdn-images.dzcdn.net/images/cover/c766fc92f519864b3060cb1fdb00dff5/1000x1000-000000-80-0-0.jpg	Success		https://www.deezer.com/album/683818
toto--rosanna	track	deezer	https://cdn-images.dzcdn.net/images/cover/153332e88a14255a8c3d5959a5a21882/1000x1000-000000-80-0-0.jpg	Toto IV	1982	https://www.deezer.com/track/1079628
the-police--message-in-a-bottle	track	deezer-album	https://cdn-images.dzcdn.net/images/cover/b11b98eb4bea1c8abcff67eee2a7eeb7/1000x1000-000000-80-0-0.jpg	Reggatta De Blanc (Remastered 2003)		https://www.deezer.com/album/93733642
vangelis--chariots-of-fire	track	deezer	https://cdn-images.dzcdn.net/images/cover/a2e4de79f8470c371143241659cdb9b0/1000x1000-000000-80-0-0.jpg	Chariots Of Fire - The Play		https://www.deezer.com/track/41319291
the-who--pinball-wizard	track	deezer-album	https://cdn-images.dzcdn.net/images/cover/0d4faa71ab917822fb9e39dfa8616cd5/1000x1000-000000-80-0-0.jpg	Meaty, Beaty, Big And Bouncy		https://www.deezer.com/album/6412062
van-halen--when-it-s-love	track	deezer-album	https://cdn-images.dzcdn.net/images/cover/d6be08c0dd825183c326a448f7ceb71e/1000x1000-000000-80-0-0.jpg	OU812 (2023 Remaster)	1988	https://www.deezer.com/album/491544255
tom-jones--delilah	track	deezer-album	https://cdn-images.dzcdn.net/images/cover/2058b5f98d8d3c998b213e7ec9b8432f/1000x1000-000000-80-0-0.jpg	The Best Of Tom Jones - 20th Century Masters: The Millennium Collection		https://www.deezer.com/album/72172862
gaye-marvin--ain-t-no-mountain-high-enough	artist	deezer-artist	https://cdn-images.dzcdn.net/images/artist/149cf44d269d34d3277b97ea1b907366/1000x1000-000000-80-0-0.jpg			https://www.deezer.com/artist/1154
whitney-houston--1-moment-in-time	track	deezer-album	https://cdn-images.dzcdn.net/images/cover/cb81cd5eb9bb712855b071085c3c5457/1000x1000-000000-80-0-0.jpg	The Ultimate Collection		https://www.deezer.com/album/271640
whitesnake--here-i-go-again	track	deezer-album	https://cdn-images.dzcdn.net/images/cover/57b6d86f55311a51bd54f90d9455659e/1000x1000-000000-80-0-0.jpg	Saints and Sinners (2013 Remaster)	1988	https://www.deezer.com/album/6523146
whitney-houston--didn-t-we-almost-have-it-all	track	deezer-album	https://cdn-images.dzcdn.net/images/cover/26b5030b971a5fd363f82cad8cff7453/1000x1000-000000-80-0-0.jpg	Whitney		https://www.deezer.com/album/7530488
wonder-stevie--isn-t-she-lovely	track	deezer-album	https://cdn-images.dzcdn.net/images/cover/ed7d05fc8407ff367c7fe39bd0d28a56/1000x1000-000000-80-0-0.jpg	Songs In The Key Of Life	1976	https://www.deezer.com/album/96001912
dr-dre--still-d-r-e	track	itunes	https://is1-ssl.mzstatic.com/image/thumb/Music118/v4/27/6b/4c/276b4c69-99cb-6209-2fd8-3edd17ccfd06/00602517641228.rgb.jpg/600x600cc.jpg	2001	1999	https://music.apple.com/us/album/still-d-r-e-feat-snoop-dogg/1444156266?i=1444156738&uo=4
eurythmics--sweet-dreams-are-made-of-this	track	deezer	https://cdn-images.dzcdn.net/images/cover/364f0d4ea4b5452b59e6664b9e5480f0/1000x1000-000000-80-0-0.jpg	Sweet Dreams (Are Made Of This)		https://www.deezer.com/track/561836
10cc--dreadlock-holiday	track	deezer	https://cdn-images.dzcdn.net/images/cover/18a978b8c47e332e9fa4d642b077d757/1000x1000-000000-80-0-0.jpg	Bloody Tourists		https://www.deezer.com/track/23494861
883--nord-sud-ovest-est	track	deezer	https://cdn-images.dzcdn.net/images/cover/b4577ff190d35e59069272466692b5eb/1000x1000-000000-80-0-0.jpg	Nord Sud Ovest Est		https://www.deezer.com/track/766668
zucchero--diavolo-in-me	track	deezer	https://cdn-images.dzcdn.net/images/cover/88426a950d5412b35b148ddd7549d311/1000x1000-000000-80-0-0.jpg	All The Best - Zu & Co (Night Of The Proms 2014 / Limited Edition)		https://www.deezer.com/track/89748779
the-beatles--here-comes-the-sun	track	itunes	https://is1-ssl.mzstatic.com/image/thumb/Music112/v4/df/db/61/dfdb615d-47f8-06e9-9533-b96daccc029f/18UMGIM31076.rgb.jpg/600x600cc.jpg	Abbey Road (Remastered)	1969	https://music.apple.com/us/album/here-comes-the-sun/1441164426?i=1441164589&uo=4
wonder-stevie--you-are-the-sunshine-of-my-life	track	deezer-album	https://cdn-images.dzcdn.net/images/cover/cedeeaceb07483dede6538bcd9afc012/1000x1000-000000-80-0-0.jpg	Talking Book		https://www.deezer.com/album/246245
zz-top--la-grange	track	deezer-album	https://cdn-images.dzcdn.net/images/cover/4e731db75259a2fb8afc986675c7b3f5/1000x1000-000000-80-0-0.jpg	Tres Hombres (Expanded / Remastered 2006)		https://www.deezer.com/album/902095382
aaron-neville--tell-it-like-it-is	track	deezer	https://cdn-images.dzcdn.net/images/cover/fbd3a47bc00617c75d2134a1a5e2fdc1/1000x1000-000000-80-0-0.jpg	Tell It Like It Is - The Par Lo Years		https://www.deezer.com/track/10682513
ace-of-base--all-that-she-want-s	track	deezer	https://cdn-images.dzcdn.net/images/cover/599c31e92ab91c01f8fb889a96e54544/1000x1000-000000-80-0-0.jpg	Happy Nation (U.S. Version) (Remastered)		https://www.deezer.com/track/94676692
dire-straits--sultans-of-swing	track	itunes	https://is1-ssl.mzstatic.com/image/thumb/Music/47/c3/21/mzi.ciyzkqao.jpg/600x600cc.jpg	Dire Straits	1978	https://music.apple.com/us/album/sultans-of-swing/307029087?i=307029144&uo=4
ace-of-base--don-t-turn-around	track	deezer	https://cdn-images.dzcdn.net/images/cover/599c31e92ab91c01f8fb889a96e54544/1000x1000-000000-80-0-0.jpg	Happy Nation (U.S. Version) (Remastered)		https://www.deezer.com/track/94676694
aerosmith--janie-s-got-a-gun	track	deezer	https://cdn-images.dzcdn.net/images/cover/7ff6fa0aacb3eb335a5ee96b6129c06a/1000x1000-000000-80-0-0.jpg	Big Ones	1994	https://www.deezer.com/track/1105722
abba--does-your-mother-know	track	deezer-album	https://cdn-images.dzcdn.net/images/cover/f313d9969203ea1735144a35ef26fa49/1000x1000-000000-80-0-0.jpg	Voulez-Vous		https://www.deezer.com/album/249353
all-4-one--i-swear	track	deezer	https://cdn-images.dzcdn.net/images/cover/79c6390d2e52b150fb5e68031f5495fd/1000x1000-000000-80-0-0.jpg	All-4-One	1994	https://www.deezer.com/track/4086654
abba--mamma-mia	track	deezer-album	https://cdn-images.dzcdn.net/images/cover/065db5953bf46f833dc6b3ca5dba2a51/1000x1000-000000-80-0-0.jpg	Abba		https://www.deezer.com/album/119899
the-cranberries--zombie	track	itunes	https://is1-ssl.mzstatic.com/image/thumb/Music221/v4/a3/77/a3/a377a309-8e52-f787-2250-2b34d320bf7b/25UMGIM64146.rgb.jpg/600x600cc.jpg	No Need To Argue (2025 Remastered)	1994	https://music.apple.com/us/album/zombie-2025-remastered/1828830621?i=1828830887&uo=4
all-saints--pure-shoes	artist	deezer-artist	https://cdn-images.dzcdn.net/images/artist/237870285a5aba880e27058f88d04f98/1000x1000-000000-80-0-0.jpg			
andrea-bocelli--il-mare-calmo-della-sera	track	deezer	https://cdn-images.dzcdn.net/images/cover/56d67895b8f7f83ec9b258bcdd91186f/1000x1000-000000-80-0-0.jpg	Romanza (Remastered)		https://www.deezer.com/track/94107226
survivor--eye-of-the-tiger	track	itunes	https://is1-ssl.mzstatic.com/image/thumb/Music125/v4/f9/02/8f/f9028f63-7a55-235e-f789-1e8946430fa2/614223201122.jpg/600x600cc.jpg	Eye of the Tiger (Remastered)	1982	https://music.apple.com/us/album/eye-of-the-tiger/254685010?i=254685026&uo=4
backstreet-boys--more-than-that	track	deezer	https://cdn-images.dzcdn.net/images/cover/63a5523dbf5e1cdc67ad13cab3744f87/1000x1000-000000-80-0-0.jpg	Black & Blue		https://www.deezer.com/track/71179784
b-b-king--the-thrill-is-gone	track	deezer	https://cdn-images.dzcdn.net/images/cover/9169e1d4cc762357a05adce9f18a0b49/1000x1000-000000-80-0-0.jpg	B.B. King & Friends - 80		https://www.deezer.com/track/2176600
bach-johann-sebastian--2-part-invention-no-1-in-c-major-bwv-772	artist	deezer-artist	https://cdn-images.dzcdn.net/images/artist/d84d324b290e8a1be4a6951db2d9692b/1000x1000-000000-80-0-0.jpg			https://www.deezer.com/artist/1900
bachman-turner-overdrive--takin-care-of-business	track	deezer	https://cdn-images.dzcdn.net/images/cover/5eaa74191fd1b427e28e33fcc4d79616/1000x1000-000000-80-0-0.jpg	Bachman-Turner Overdrive II		https://www.deezer.com/track/548623902
baltimora--tarzan-boy	track	deezer	https://cdn-images.dzcdn.net/images/cover/ee8a88e9c4d227a32819f3b1a4fa6100/1000x1000-000000-80-0-0.jpg	Living In The Background		https://www.deezer.com/track/3389903
bananarama--venus	track	deezer	https://cdn-images.dzcdn.net/images/cover/a23e6918f8ba83471f8a70f512f38263/1000x1000-000000-80-0-0.jpg	True Confessions (Collector's Edition)	1986	https://www.deezer.com/track/420143322
aretha-franklin--i-never-loved-a-man	track	deezer	https://cdn-images.dzcdn.net/images/cover/9e9ba9115d0fb62879d1bb672ee67c07/1000x1000-000000-80-0-0.jpg	I Never Loved a Man the Way I Love You		https://www.deezer.com/track/904734
battisti--ancora-tu	track	deezer	https://cdn-images.dzcdn.net/images/cover/ad780b44069868d3834f560a473ab1e4/1000x1000-000000-80-0-0.jpg	Lucio Battisti, la batteria, il contrabbasso, eccetera	1999	https://www.deezer.com/track/764291482
barbra-streisand--woman-in-love	track	deezer-album	https://cdn-images.dzcdn.net/images/cover/8412acd3b03dda82a90c0fcb06350b06/1000x1000-000000-80-0-0.jpg	Guilty	1980	https://www.deezer.com/album/116799
billy-joel--an-innocent-man	track	deezer	https://cdn-images.dzcdn.net/images/cover/fa5a6fc95f4adfb8784dcd719422c26e/1000x1000-000000-80-0-0.jpg	An Innocent Man	1983	https://www.deezer.com/track/1025652
billy-joel--don-t-ask-me-why	track	deezer	https://cdn-images.dzcdn.net/images/cover/b72fd94c459d4bbc7f0a91d0223fb8af/1000x1000-000000-80-0-0.jpg	Glass Houses	1980	https://www.deezer.com/track/625765
billy-joel--my-life	track	deezer	https://cdn-images.dzcdn.net/images/cover/9f80b4a89ca6d0e4349b63090a38def8/1000x1000-000000-80-0-0.jpg	52nd Street	1988	https://www.deezer.com/track/1025636
bee-gees--to-love-somebody	track	deezer-album	https://cdn-images.dzcdn.net/images/cover/a61fbaba2cc87e7b160b06e7ace471fc/1000x1000-000000-80-0-0.jpg	Bee Gees' 1st		https://www.deezer.com/album/14954501
billy-joel--the-river-of-dreams	track	deezer	https://cdn-images.dzcdn.net/images/cover/629bbc33ea75fe3f4ae0c4ea46f60744/1000x1000-000000-80-0-0.jpg	River Of Dreams	1993	https://www.deezer.com/track/831291
billy-idol--catch-my-fall	track	deezer	https://cdn-images.dzcdn.net/images/cover/eb0d342c982a77d5e1c106112dcd01c1/1000x1000-000000-80-0-0.jpg	Rebel Yell		https://www.deezer.com/track/353398351
barry-white--you-re-the-first-the-last-my-everything	track	deezer	https://cdn-images.dzcdn.net/images/cover/04006fbbc4dda9cb6990b24a7f0428f8/1000x1000-000000-80-0-0.jpg	Barry White's Greatest Hits	1975	https://www.deezer.com/track/537995772
billy-idol--hot-in-the-city	track	deezer	https://cdn-images.dzcdn.net/images/cover/61f3a8cd9d0ddf3ec5fdd18574ec1c08/1000x1000-000000-80-0-0.jpg	Hot In The City		https://www.deezer.com/track/3874955
bobby-mcferrin--don-t-worry-be-happy	track	deezer	https://cdn-images.dzcdn.net/images/cover/121ed33882c127248831b9aacfe5220b/1000x1000-000000-80-0-0.jpg	Simple Pleasures	1988	https://www.deezer.com/track/3127387
bon-jovi--bed-of-roses	track	deezer	https://cdn-images.dzcdn.net/images/cover/4a2821c5cfa61955ddd982c15cc21882/1000x1000-000000-80-0-0.jpg	Keep The Faith	1998	https://www.deezer.com/track/74628110
bon-jovi--someday-i-ll-be-saturday-night	track	deezer	https://cdn-images.dzcdn.net/images/cover/f513327c13908b0def56f1fa0ca79789/1000x1000-000000-80-0-0.jpg	Cross Road		https://www.deezer.com/track/538586972
boyz-ii-men--end-of-the-road	track	deezer	https://cdn-images.dzcdn.net/images/cover/ec707df513912e2121869a4ebf7663d4/1000x1000-000000-80-0-0.jpg	Motown: A Journey Through Hitsville, USA		https://www.deezer.com/track/885306
bobby-bare--detroit-city	track	deezer	https://cdn-images.dzcdn.net/images/cover/461db119b0bcbe7247e461c043648c23/1000x1000-000000-80-0-0.jpg	16 Biggest Hits		https://www.deezer.com/track/533124
bread--aubrey	track	deezer-album	https://cdn-images.dzcdn.net/images/cover/baeeb415a8895025c55d17299023b0f3/1000x1000-000000-80-0-0.jpg	Guitar Man	1972	https://www.deezer.com/album/425525
bob-seger--night-moves	track	deezer-album	https://cdn-images.dzcdn.net/images/cover/8f3bcdad4ff1f0e324a75d75336dc610/1000x1000-000000-80-0-0.jpg	Night Moves		https://www.deezer.com/album/1019359381
bob-seger--old-time-rock-roll	track	deezer	https://cdn-images.dzcdn.net/images/cover/3e9d7d83d2aa2d893ab85ce2299e67dc/1000x1000-000000-80-0-0.jpg	Stranger In Town		https://www.deezer.com/track/4136793741
britney-spears--crazy	track	deezer	https://cdn-images.dzcdn.net/images/cover/f685d32254a59b6162be0d1082ff8805/1000x1000-000000-80-0-0.jpg	...Baby One More Time (Digital Deluxe Version)	1999	https://www.deezer.com/track/540176
brownsville-station--smokin-in-the-boy-s-room	track	deezer	https://cdn-images.dzcdn.net/images/cover/c10471b38b308d2488781bd7bd5bf935/1000x1000-000000-80-0-0.jpg	Yeah! (US Internet Release)		https://www.deezer.com/track/720625
bread--everything-i-own	track	deezer	https://cdn-images.dzcdn.net/images/cover/29dbe2df3e0e4c287b8806ac7b3b015b/1000x1000-000000-80-0-0.jpg	Guitar Man		https://www.deezer.com/track/2180975587
brown-james--i-got-you	track	deezer	https://cdn-images.dzcdn.net/images/cover/061657967ed3794b2016b62beb448c96/1000x1000-000000-80-0-0.jpg	I Feel Good		https://www.deezer.com/track/73704169
bruce-springsteen--my-hometown	track	deezer	https://cdn-images.dzcdn.net/images/cover/106f651bf559796879b90e83c50b3e96/1000x1000-000000-80-0-0.jpg	Born In The U.S.A.	1984	https://www.deezer.com/track/15586248
bread--sweet-surrender	track	deezer-album	https://cdn-images.dzcdn.net/images/cover/baeeb415a8895025c55d17299023b0f3/1000x1000-000000-80-0-0.jpg	Guitar Man	1972	https://www.deezer.com/album/425525
bruce-channel--hey-baby	track	deezer	https://cdn-images.dzcdn.net/images/cover/9ffff4ca8c38b7b194e0d39c9ca57c9c/1000x1000-000000-80-0-0.jpg	Hey! Baby!	1961	https://www.deezer.com/track/63579611
foo-fighters--everlong	track	itunes	https://is1-ssl.mzstatic.com/image/thumb/Music221/v4/68/f5/86/68f586ca-a375-9965-a864-9e227e77ef5b/884977570328.jpg/600x600cc.jpg	The Colour And The Shape	1997	https://music.apple.com/us/album/everlong/362133451?i=362133505&uo=4
bryan-adams--please-forgive-me	track	deezer	https://cdn-images.dzcdn.net/images/cover/c4b0599e27b5a65344582dd0ac81d3b7/1000x1000-000000-80-0-0.jpg	Classic		https://www.deezer.com/track/3788698652
bryan-adams--all-for-love	track	musicbrainz	https://coverartarchive.org/release-group/a5a88857-cad9-3283-9c1c-a3f8d21517c5/front-500	Star	1996	https://musicbrainz.org/release/37349213-bc6e-4f17-8c7d-13c21ede0c03
bryan-adams--can-t-stop-this-thing-we-started	track	deezer	https://cdn-images.dzcdn.net/images/cover/d7d28861a72ecb30a7676ec38db05907/1000x1000-000000-80-0-0.jpg	Waking Up The Neighbours	1991	https://www.deezer.com/track/1182150
candi-staton--young-hearts-run-free	track	deezer	https://cdn-images.dzcdn.net/images/cover/567816dfe51e9cf3c74ba4632684f4a8/1000x1000-000000-80-0-0.jpg	Young Hearts Run Free (US Internet Release)		https://www.deezer.com/track/720737
canned-heat--on-the-road-again	track	deezer	https://cdn-images.dzcdn.net/images/cover/0d270c5fbc31057aba065db0a3578033/1000x1000-000000-80-0-0.jpg	On The Road Again		https://www.deezer.com/track/3359885
carpenters--we-ve-only-just-began	track	deezer	https://cdn-images.dzcdn.net/images/cover/1c979614ffbb11fc34bfd4cb7dfee11b/1000x1000-000000-80-0-0.jpg	Close To You		https://www.deezer.com/track/74790475
the-rolling-stones--paint-it-black	track	itunes	https://is1-ssl.mzstatic.com/image/thumb/Music211/v4/cd/89/04/cd890449-e58f-7257-2c60-9c8c31f24ce3/13ABKIM00063.rgb.jpg/600x600cc.jpg	Aftermath (US Version)	1966	https://music.apple.com/us/album/paint-it-black/1440745549?i=1440745782&uo=4
celine-dion--all-by-myself	track	deezer	https://cdn-images.dzcdn.net/images/cover/348692abbdb9950a998c8d58cbba78b7/1000x1000-000000-80-0-0.jpg	Falling into You	1996	https://www.deezer.com/track/714269242
charlie-rich--behind-closed-doors	track	deezer	https://cdn-images.dzcdn.net/images/cover/3ad162c6d53fd8617a9a1f734a555058/1000x1000-000000-80-0-0.jpg	Behind Closed Doors (Expanded Edition)		https://www.deezer.com/track/853786
cheap-trick--i-want-you-to-want-me	track	deezer	https://cdn-images.dzcdn.net/images/cover/4bd0392439b71cddc5aa34864d76cc94/1000x1000-000000-80-0-0.jpg	In Color	1977	https://www.deezer.com/track/104760756
checker-chubby--let-s-twist-again	track	deezer	https://cdn-images.dzcdn.net/images/cover/d97db633970a4b7640373ddc7539db7e/1000x1000-000000-80-0-0.jpg	Let's Twist Again (Analog Source Remaster 2017)		https://www.deezer.com/track/372803271
celine-dion--to-love-you-more	track	deezer-album	https://cdn-images.dzcdn.net/images/cover/9d5e8a078c1762eb24dd1ce7730e710c/1000x1000-000000-80-0-0.jpg	All the Way...A Decade of Song		https://www.deezer.com/album/84830532
chris-rea--fool	track	deezer	https://cdn-images.dzcdn.net/images/cover/4acea575aaad7ff7488e83d20e098df8/1000x1000-000000-80-0-0.jpg	Whatever Happened to Benny Santini?	1978	https://www.deezer.com/track/425540152
chicago--feelin-stronger-every-day	track	deezer-album	https://cdn-images.dzcdn.net/images/cover/9f324afa9df6115eb5711c6cf6e8f7c8/1000x1000-000000-80-0-0.jpg	Chicago VI (Expanded & Remastered)		https://www.deezer.com/album/345285
chicago--saturday-in-the-park	track	deezer-album	https://cdn-images.dzcdn.net/images/cover/1e5b7ed86a74ad1ca1367c25e0acba53/1000x1000-000000-80-0-0.jpg	Chicago V (Expanded & Remastered)		https://www.deezer.com/album/345303
chris-rea--on-the-beach	track	deezer	https://cdn-images.dzcdn.net/images/cover/09f92183d706465654682813342ddbe5/1000x1000-000000-80-0-0.jpg	On the Beach	1988	https://www.deezer.com/track/439333522
christopher-cross--ride-like-the-wind	track	deezer	https://cdn-images.dzcdn.net/images/cover/16644da92cf668c29ee6a4a2c7b1e05e/1000x1000-000000-80-0-0.jpg	Christopher Cross		https://www.deezer.com/track/4828148
christopher-cross--sailing	track	deezer	https://cdn-images.dzcdn.net/images/cover/16644da92cf668c29ee6a4a2c7b1e05e/1000x1000-000000-80-0-0.jpg	Christopher Cross		https://www.deezer.com/track/4828150
chris-de-burgh--lady-in-red	track	deezer-album	https://cdn-images.dzcdn.net/images/cover/e9dbe5da4e07d46cd35c53d444760a82/1000x1000-000000-80-0-0.jpg	Into The Light (Reissue)	1986	https://www.deezer.com/album/72453782
fleetwood-mac--the-chain	track	deezer	https://cdn-images.dzcdn.net/images/cover/9732751ce91d786dcf30069853697078/1000x1000-000000-80-0-0.jpg	Rumours	1977	https://www.deezer.com/track/63480992
cliff-richard--daddy-s-home	track	musicbrainz	https://coverartarchive.org/release-group/3c4ef5bf-7262-3567-a33c-efa8f969eaf9/front-500	Wired for Sound	1981	https://musicbrainz.org/release/0834895f-bf2d-40e6-85ec-a1b8562e8d7b
cliff-richard--devil-woman	track	deezer	https://cdn-images.dzcdn.net/images/cover/99e7cf0a28ff982fcc149d4fdc523cf6/1000x1000-000000-80-0-0.jpg	40 Golden Greats		https://www.deezer.com/track/3124137
cornelius-brothers-sister-rose--treat-her-like-a-lady	track	deezer	https://cdn-images.dzcdn.net/images/cover/7e852fc29f226939ddbd1564c2ebee0c/1000x1000-000000-80-0-0.jpg	The Story Of Cornelius Brothers & Sister Rose		https://www.deezer.com/track/3358386
commodores--nightshift	track	deezer	https://cdn-images.dzcdn.net/images/cover/6cd67c6fbe374837964218967f14259e/1000x1000-000000-80-0-0.jpg	Soul Legends		https://www.deezer.com/track/1101960
crosby-stills-nash--southern-cross	track	deezer	https://cdn-images.dzcdn.net/images/cover/9b5a1096e2a6cb3f64350399d4193ddb/1000x1000-000000-80-0-0.jpg	Daylight Again (Deluxe Edition)		https://www.deezer.com/track/3616397
collins-phil--a-groovy-kind-of-love	track	deezer-album	https://cdn-images.dzcdn.net/images/cover/ec2d744be32e49de57f59513d0e3d5c1/1000x1000-000000-80-0-0.jpg	Love Songs (A Compilation Old and New)		https://www.deezer.com/album/399061
collins-phil--easy-lover	track	musicbrainz	https://coverartarchive.org/release-group/86b4651b-a6ea-3ac2-ba99-dcac079938d2/front-500	No Jacket Required	2016	https://musicbrainz.org/release/660c6173-11d0-4a14-b0ed-6621b6a61300
crow-sheryl--all-i-wanna-do	track	deezer	https://cdn-images.dzcdn.net/images/cover/dea12159c1eb687227bd4950543c9031/1000x1000-000000-80-0-0.jpg	Tuesday Night Music Club	1993	https://www.deezer.com/track/922014
cream--sunshine-of-your-love	track	deezer-album	https://cdn-images.dzcdn.net/images/cover/cd4e963c5b53c7dbf3762ef9711af1f7/1000x1000-000000-80-0-0.jpg	Disraeli Gears		https://www.deezer.com/album/226291
deep-purple--smoke-on-the-water	track	deezer	https://cdn-images.dzcdn.net/images/cover/dc8cb2cafee167b6dfec80763407c78b/1000x1000-000000-80-0-0.jpg	Machine Head (Remastered)		https://www.deezer.com/track/60840057
culture-club--karma-chameleon	track	deezer-album	https://cdn-images.dzcdn.net/images/cover/3012d9bd9d57d1764e2549b2301777d7/1000x1000-000000-80-0-0.jpg	Colour By Numbers (Remastered / Expanded Edition)		https://www.deezer.com/album/299280
def-leppard--love-bites	track	deezer	https://cdn-images.dzcdn.net/images/cover/86d5af2077f5b6ef18fd0ca158a91134/1000x1000-000000-80-0-0.jpg	Hysteria		https://www.deezer.com/track/447552812
cyndi-lauper--all-through-the-night	track	deezer-album	https://cdn-images.dzcdn.net/images/cover/48bcf7415317ec8dc1181ee55b4b0aeb/1000x1000-000000-80-0-0.jpg	She's So Unusual	1983	https://www.deezer.com/album/7094224
dire-straits--romeo-juliet	track	deezer	https://cdn-images.dzcdn.net/images/cover/302d1b5b2436a393043d915be087b0f4/1000x1000-000000-80-0-0.jpg	Down Under		https://www.deezer.com/track/2647209332
cyndi-lauper--i-drove-all-night	track	deezer-album	https://cdn-images.dzcdn.net/images/cover/ce0b37688a3333ca0ad6f2149974ba08/1000x1000-000000-80-0-0.jpg	A Night To Remember	1989	https://www.deezer.com/album/1398955
cyndi-lauper--the-goonies-r-good-enough	track	deezer-album	https://cdn-images.dzcdn.net/images/cover/ed1fbfa7f334b65bc021be93cb79157f/1000x1000-000000-80-0-0.jpg	The Essential Cyndi Lauper		https://www.deezer.com/album/77162
diana-ross--upside-down	track	deezer	https://cdn-images.dzcdn.net/images/cover/b7694952d41739a995da2e56eec6ee46/1000x1000-000000-80-0-0.jpg	Diana		https://www.deezer.com/track/4677572
ac-dc--you-shook-me-all-night-long	track	itunes	https://is1-ssl.mzstatic.com/image/thumb/Music115/v4/1e/14/58/1e145814-281a-58e0-3ab1-145f5d1af421/886443673441.jpg/600x600cc.jpg	Back In Black	1980	https://music.apple.com/us/album/you-shook-me-all-night-long/574050396?i=574050607&uo=4
dire-straits--why-worry	track	deezer	https://cdn-images.dzcdn.net/images/cover/07348a1ee308434ec12bd86a8eccadc6/1000x1000-000000-80-0-0.jpg	Brothers In Arms (Remastered 1996)		https://www.deezer.com/track/1358779872
donovan--sunshine-superman	track	deezer	https://cdn-images.dzcdn.net/images/cover/3285db4a134a563a7dfce48f10c2c305/1000x1000-000000-80-0-0.jpg	Sunshine Superman	1966	https://www.deezer.com/track/1066178
dr-alban--it-s-my-life	track	deezer	https://cdn-images.dzcdn.net/images/cover/537d65730846b2a9e5edc98e1a652a47/1000x1000-000000-80-0-0.jpg	One Love		https://www.deezer.com/track/3783358982
donna-summer--last-dance	track	deezer	https://cdn-images.dzcdn.net/images/cover/ddb4df1797bb82b551dbb4f67bc149b4/1000x1000-000000-80-0-0.jpg	On The Radio: Greatest Hits Volumes I & II		https://www.deezer.com/track/538708842
dr-hook--only-sixteen	track	deezer	https://cdn-images.dzcdn.net/images/cover/aa7d99ccac537e7dc0305f4a63b17859/1000x1000-000000-80-0-0.jpg	With Love		https://www.deezer.com/track/90668635
edgar-winter--frankenstein	track	deezer	https://cdn-images.dzcdn.net/images/cover/f6d3d540ec63b9837c91db226d303693/1000x1000-000000-80-0-0.jpg	They Only Come Out At Night	1972	https://www.deezer.com/track/13161807
elton-john--levon	track	deezer	https://cdn-images.dzcdn.net/images/cover/c2495297d07ca9ce5514bd3444e65f9c/1000x1000-000000-80-0-0.jpg	Madman Across The Water		https://www.deezer.com/track/1151504
eagles--tequila-sunrise	track	deezer-album	https://cdn-images.dzcdn.net/images/cover/29973440d9c2c2ee738d77bf924825d8/1000x1000-000000-80-0-0.jpg	Desperado (2013 Remaster)	1975	https://www.deezer.com/album/6670587
elvis-presley--his-latest-flame	track	deezer	https://cdn-images.dzcdn.net/images/cover/b77c65e9194c285160be246e7c703652/1000x1000-000000-80-0-0.jpg	Elvis in Paris		https://www.deezer.com/track/972284722
elvis-presley--love-me-tender	track	deezer	https://cdn-images.dzcdn.net/images/cover/0b13ead9d2741f016062328c3d7652aa/1000x1000-000000-80-0-0.jpg	Viva Elvis		https://www.deezer.com/track/69404833
eagles--witchy-woman	track	deezer-album	https://cdn-images.dzcdn.net/images/cover/17474e452c6c8dfb8577c60a49342b71/1000x1000-000000-80-0-0.jpg	Eagles (2013 Remaster)	1972	https://www.deezer.com/album/6670659
enya--orinoco-flow	track	deezer	https://cdn-images.dzcdn.net/images/cover/61420f1dd8371d2503c232a0deb45b8f/1000x1000-000000-80-0-0.jpg	Paint the Sky with Stars	1997	https://www.deezer.com/track/65728152
elvis-presley--hound-dog	track	deezer	https://cdn-images.dzcdn.net/images/cover/7923f08236596542918ed3b2247e4086/1000x1000-000000-80-0-0.jpg	Forrest Gump - The Soundtrack		https://www.deezer.com/track/17479889
elvis-presley--my-boy	track	deezer	https://cdn-images.dzcdn.net/images/cover/9e315c5a82fc8e180ba54f89f7c14cfe/1000x1000-000000-80-0-0.jpg	Elvis At Stax		https://www.deezer.com/track/69184875
elvis-presley--my-way	track	deezer	https://cdn-images.dzcdn.net/images/cover/722ee3cc72df684797d360c96aebd873/1000x1000-000000-80-0-0.jpg	Platinum - A Life In Music		https://www.deezer.com/track/1045793
eric-clapton--forever-man	track	deezer	https://cdn-images.dzcdn.net/images/cover/ec784e20f09d844d4f297560c341049b/1000x1000-000000-80-0-0.jpg	Clapton Chronicles: The Best of Eric Clapton		https://www.deezer.com/track/1940201337
estefan-gloria--hear-my-voice	artist	deezer-artist	https://cdn-images.dzcdn.net/images/artist/9f00d29a3d44e72f5096c4d7fe00f7a1/1000x1000-000000-80-0-0.jpg			
erasure--a-little-respect	track	deezer-album	https://cdn-images.dzcdn.net/images/cover/140be268ec9dd1dda90ae0bcd81a50d7/1000x1000-000000-80-0-0.jpg	The Innocents (21st Anniversary Edition / Remastered)	1988	https://www.deezer.com/album/901493502
eric-carmen--hungry-eyes	track	deezer	https://cdn-images.dzcdn.net/images/cover/f24ac40f8c7a0dbe438399788763a042/1000x1000-000000-80-0-0.jpg	Dirty Dancing (Original Motion Picture Soundtrack)	1987	https://www.deezer.com/track/13128242
eurythmics--here-comes-the-rain-again	track	deezer	https://cdn-images.dzcdn.net/images/cover/c6a0602fdb2cd54561af4474c8498e99/1000x1000-000000-80-0-0.jpg	Touch (2018 Remastered)		https://www.deezer.com/track/474037582
everly-brothers--on-the-wings-of-a-nightingale	track	musicbrainz	https://coverartarchive.org/release-group/397af7e1-d5ff-4b03-b470-5e5370774bf8/front-500	EB 84	1984	https://musicbrainz.org/release/21d8d0a9-610c-45e3-8fe5-ce7ace267059
falco--rock-me-amadeus	track	deezer	https://cdn-images.dzcdn.net/images/cover/ab12a5e97c4a7f02f02d15d37b527fa4/1000x1000-000000-80-0-0.jpg	Rock Me Amadeus 30th Anniversary		https://www.deezer.com/track/121930064
eric-clapton--white-room	track	deezer	https://cdn-images.dzcdn.net/images/cover/728fd53c3f8e58113498a9d3425269a7/1000x1000-000000-80-0-0.jpg	Eric Clapton at Live Aid (Live at John F. Kennedy Stadium, 13th July 1985)		https://www.deezer.com/track/1296060272
floyd-cramer--last-date	track	deezer	https://cdn-images.dzcdn.net/images/cover/cceb8f44f4cbb3faf67577c3ba1861e3/1000x1000-000000-80-0-0.jpg	Originals		https://www.deezer.com/track/108309100
genesis--in-too-deep	track	deezer	https://cdn-images.dzcdn.net/images/cover/fe34d9731f608634324ad239cabaae30/1000x1000-000000-80-0-0.jpg	Invisible Touch (2007 Remaster)	1986	https://www.deezer.com/track/14637103
eurythmics--sweet-dreams	track	musicbrainz	https://coverartarchive.org/release-group/2c2003d8-c934-4526-9b3b-8db2fe65b414/front-500	Het gevoel van de 80’s		https://musicbrainz.org/release/834749f9-d81f-45ce-b495-826cf7441b3a
fleetwood-mac--gypsy	track	deezer-album	https://cdn-images.dzcdn.net/images/cover/63a92fc2ffdbc9519d4c51ca7a96b502/1000x1000-000000-80-0-0.jpg	Mirage (2016 Remaster)	1982	https://www.deezer.com/album/14156690
fontella-bass--rescue-me	track	deezer	https://cdn-images.dzcdn.net/images/cover/f48fdf4c835d05267ab6721f3795ac36/1000x1000-000000-80-0-0.jpg	Rescued: The Best Of Fontella Bass		https://www.deezer.com/track/649747872
genesis--no-son-of-mine	track	deezer	https://cdn-images.dzcdn.net/images/cover/8968f10c0e11ba7280a44958bda37820/1000x1000-000000-80-0-0.jpg	We Can't Dance (2007 Remaster)	1991	https://www.deezer.com/track/14639814
george-harrison--blow-away	track	deezer	https://cdn-images.dzcdn.net/images/cover/3765c7e77beb96b2b5a7b5a1d66ee233/1000x1000-000000-80-0-0.jpg	George Harrison	1979	https://www.deezer.com/track/3173747
fleetwood-mac--sara	track	deezer-album	https://cdn-images.dzcdn.net/images/cover/195730d781bb0bb9b723bdfe30ed1977/1000x1000-000000-80-0-0.jpg	Tusk (2015 Remaster)		https://www.deezer.com/album/11753484
george-harrison--all-those-years-ago	track	deezer	https://cdn-images.dzcdn.net/images/cover/e51d4e7afb2401debd28e038c005e710/1000x1000-000000-80-0-0.jpg	Somewhere In England		https://www.deezer.com/track/3173770
genesis--turn-it-on-again	track	deezer	https://cdn-images.dzcdn.net/images/cover/c0c481e5f0cf6154db24630381927885/1000x1000-000000-80-0-0.jpg	Duke (2007 Remaster)		https://www.deezer.com/track/14640441
george-harrison--crackerbox-palace	track	deezer	https://cdn-images.dzcdn.net/images/cover/7ebc2f5afef1c634c04f6f9910cd0f04/1000x1000-000000-80-0-0.jpg	Thirty Three & 1/3	1976	https://www.deezer.com/track/3173763
george-benson--breezin	track	deezer	https://cdn-images.dzcdn.net/images/cover/c2d1a0f32770e0855d5b198bed26cecc/1000x1000-000000-80-0-0.jpg	Breezin' (Expanded)		https://www.deezer.com/track/710681
guns-n-roses--welcome-to-the-jungle	track	itunes	https://is1-ssl.mzstatic.com/image/thumb/Music125/v4/a0/4d/c4/a04dc484-03cc-02aa-fa82-5334fcb4bc16/18UMGIM24878.rgb.jpg/600x600cc.jpg	Appetite For Destruction	1987	https://music.apple.com/us/album/welcome-to-the-jungle/1377813284?i=1377813288&uo=4
green-day--coming-clean	track	deezer	https://cdn-images.dzcdn.net/images/cover/1e17054b7bfa6576f64ea867b71ef479/1000x1000-000000-80-0-0.jpg	Dookie	1994	https://www.deezer.com/track/678055
glen-campbell--wichita-lineman	track	deezer	https://cdn-images.dzcdn.net/images/cover/0b270f0144055e65a0f05cafac6a2b9a/1000x1000-000000-80-0-0.jpg	Reunion: The Songs Of Jimmy Webb		https://www.deezer.com/track/3167207
gloria-gaynor--i-will-survive	track	deezer	https://cdn-images.dzcdn.net/images/cover/2da913bd9c1c3372309210c077a4940b/1000x1000-000000-80-0-0.jpg	Gloria Gaynor		https://www.deezer.com/track/18235563
gordon-lightfoot--beautiful	track	deezer	https://cdn-images.dzcdn.net/images/cover/a80e6b97e02a01c85b6bb7ae989e2984/1000x1000-000000-80-0-0.jpg	Don Quixote		https://www.deezer.com/track/11257841
green-day--pulling-teeth	track	deezer	https://cdn-images.dzcdn.net/images/cover/1e17054b7bfa6576f64ea867b71ef479/1000x1000-000000-80-0-0.jpg	Dookie	1994	https://www.deezer.com/track/678042
guns-n-roses--knockin-on-heaven-door	track	deezer	https://cdn-images.dzcdn.net/images/cover/c32f893b8670d5a3d9b1e70078bbc8fa/1000x1000-000000-80-0-0.jpg	Use Your Illusion II		https://www.deezer.com/track/505510232
gilbert-o-sullivan--clair	track	deezer	https://cdn-images.dzcdn.net/images/cover/1697a4bc4e25955b1e0540e7259abf30/1000x1000-000000-80-0-0.jpg	Clair		https://www.deezer.com/track/3782976412
haddaway--what-is-love	track	deezer	https://cdn-images.dzcdn.net/images/cover/9d4a2be0dd8f6c754b77b35439350493/1000x1000-000000-80-0-0.jpg	What Is Love (>Reloaded<)		https://www.deezer.com/track/3801343542
whitney-houston--i-wanna-dance-with-somebody	none	placeholder				
heart--magic-man	track	deezer	https://cdn-images.dzcdn.net/images/cover/341b84af36fd6e2d3abe35161ec27cd8/1000x1000-000000-80-0-0.jpg	Dreamboat Annie		https://www.deezer.com/track/3127718
heart--who-will-you-run-to	track	deezer	https://cdn-images.dzcdn.net/images/cover/13bf5742cd2f2a8f3fcee8460d03817f/1000x1000-000000-80-0-0.jpg	Bad Animals	1987	https://www.deezer.com/track/3127629
inxs--need-you-tonight	track	deezer	https://cdn-images.dzcdn.net/images/cover/3b547d440d987bf10a4fc5c8789e92c5/1000x1000-000000-80-0-0.jpg	Kick (Remastered 2011)		https://www.deezer.com/track/11282931
jackson-browne--here-come-those-tears-again	track	deezer	https://cdn-images.dzcdn.net/images/cover/2c112ecda431499cd056230a75f691d1/1000x1000-000000-80-0-0.jpg	The Pretender	1977	https://www.deezer.com/track/6629738
jackson-michael--earth-song	track	deezer	https://cdn-images.dzcdn.net/images/cover/6ea8c01673dae0ed0ec81168a288a56d/1000x1000-000000-80-0-0.jpg	BLOOD ON THE DANCE FLOOR/ HIStory In The Mix	1997	https://www.deezer.com/track/13144777
jan-dean--the-little-old-lady	track	deezer	https://cdn-images.dzcdn.net/images/cover/af38a19e2db8a82c7fdbc7628155a9f6/1000x1000-000000-80-0-0.jpg	The Little Old Lady From Pasadena		https://www.deezer.com/track/10445398
jean-michel-jarre--oxygene-part-4	track	deezer	https://cdn-images.dzcdn.net/images/cover/3b3c47faaf7ed6a6ba50fd34d9c430ef/1000x1000-000000-80-0-0.jpg	Oxygène		https://www.deezer.com/track/3788146542
jamiroquai--virtual-insanity	track	deezer	https://cdn-images.dzcdn.net/images/cover/1ae13a3ab80520f25cb56513bd3e3f7d/1000x1000-000000-80-0-0.jpg	Travelling Without Moving (Remastered)	1996	https://www.deezer.com/track/747399472
jean-michel-jarre--calypso	track	deezer	https://cdn-images.dzcdn.net/images/cover/d3ef9c00161fcc54ce72bf118a359cba/1000x1000-000000-80-0-0.jpg	Waiting for Cousteau		https://www.deezer.com/track/106451444
jesus-jones--right-here-right-now	track	deezer	https://cdn-images.dzcdn.net/images/cover/2e14053e309d4fae675df0daca915998/1000x1000-000000-80-0-0.jpg	Doubt	1991	https://www.deezer.com/track/3109370
john-paul-young--love-is-in-the-air	track	deezer	https://cdn-images.dzcdn.net/images/cover/afcf215b9f9dd995b4b4d79ab514cb00/1000x1000-000000-80-0-0.jpg	Love Is in the Air		https://www.deezer.com/track/3818296301
jewel--you-were-meant-for-me	track	deezer	https://cdn-images.dzcdn.net/images/cover/881b19ec9ebdcde262dc48176c1e8dfb/1000x1000-000000-80-0-0.jpg	Pieces Of You (25th Anniversary Edition)		https://www.deezer.com/track/1444389232
jimmy-buffett--come-monday	track	deezer	https://cdn-images.dzcdn.net/images/cover/7cfc9a5008337f074daa207cc7e8d6c7/1000x1000-000000-80-0-0.jpg	Songs You Know By Heart: Jimmy Buffett's Greatest Hit(s)		https://www.deezer.com/track/2491668
kate-bush--wuthering-heights	track	deezer	https://cdn-images.dzcdn.net/images/cover/b194a70e8338817a14066fd8014b1632/1000x1000-000000-80-0-0.jpg	The Kick Inside	1978	https://www.deezer.com/track/3128004
john-denver--back-home-again	track	deezer-album	https://cdn-images.dzcdn.net/images/cover/23ddf5c08b47e7f54b1b62e9e017945b/1000x1000-000000-80-0-0.jpg	Back Home Again	1974	https://www.deezer.com/album/92497272
johnny-nash--i-can-see-clearly-now	track	deezer	https://cdn-images.dzcdn.net/images/cover/1b06faa038da6e542d41d109c1674a80/1000x1000-000000-80-0-0.jpg	I Can See Clearly Now (Expanded Edition)	1972	https://www.deezer.com/track/13784672
joni-mitchell--big-yellow-taxi	track	deezer	https://cdn-images.dzcdn.net/images/cover/4813e5d8929de0e2f33b2d9316b403b3/1000x1000-000000-80-0-0.jpg	Big Yellow Taxi		https://www.deezer.com/track/773123
johnny-horton--the-battle-of-new-orleans	track	deezer	https://cdn-images.dzcdn.net/images/cover/08c21d5468466abe2c24fad5332e0ef9/1000x1000-000000-80-0-0.jpg	Johnny Horton'S Greatest Hits		https://www.deezer.com/track/1129044
led-zeppelin--dazed-and-confused	track	deezer	https://cdn-images.dzcdn.net/images/cover/e7e504911214f3ce512fecf78f42fbed/1000x1000-000000-80-0-0.jpg	Led Zeppelin (Remaster)		https://www.deezer.com/track/78621539
led-zeppelin--your-time-is-gonna-come	track	deezer	https://cdn-images.dzcdn.net/images/cover/e7e504911214f3ce512fecf78f42fbed/1000x1000-000000-80-0-0.jpg	Led Zeppelin (Remaster)		https://www.deezer.com/track/78621541
led-zeppelin--how-many-more-times	track	deezer	https://cdn-images.dzcdn.net/images/cover/e7e504911214f3ce512fecf78f42fbed/1000x1000-000000-80-0-0.jpg	Led Zeppelin (Remaster)		https://www.deezer.com/track/78621548
lennon-john--imagine	track	deezer	https://cdn-images.dzcdn.net/images/cover/2675a9277dfabb74c32b7a3b2c9b0170/1000x1000-000000-80-0-0.jpg	Imagine		https://www.deezer.com/track/7193834
kool-the-gang--jungle-boogie	track	deezer-album	https://cdn-images.dzcdn.net/images/cover/a17e49f7072cad3dc82f6594b793d2a7/1000x1000-000000-80-0-0.jpg	Wild And Peaceful		https://www.deezer.com/album/212383
led-zeppelin--kashmir	track	deezer-album	https://cdn-images.dzcdn.net/images/cover/35e2fa1eaa6f3e741e8a0829a91a55b8/1000x1000-000000-80-0-0.jpg	Physical Graffiti (1994 Remaster)	1975	https://www.deezer.com/album/90402
ligabue--bambolina-e-barracuda	track	deezer	https://cdn-images.dzcdn.net/images/cover/fccb04414f55ae1a90d983872a14323e/1000x1000-000000-80-0-0.jpg	Ligabue [Remastered Version]		https://www.deezer.com/track/6638608
linda-ronstadt--when-will-i-be-loved	track	deezer	https://cdn-images.dzcdn.net/images/cover/d90203fa0bc0f15f8b3efcc41b2ec9fc/1000x1000-000000-80-0-0.jpg	Heart Like A Wheel		https://www.deezer.com/track/3533644
leo-sayer--you-make-me-feel-like-dancing	track	deezer-album	https://cdn-images.dzcdn.net/images/cover/8e251eafbc5c5ab9d7fe2f233d317b43/1000x1000-000000-80-0-0.jpg	Endless Flight	1976	https://www.deezer.com/album/1118546
led-zeppelin--trampled-under-foot	track	deezer-album	https://cdn-images.dzcdn.net/images/cover/35e2fa1eaa6f3e741e8a0829a91a55b8/1000x1000-000000-80-0-0.jpg	Physical Graffiti (1994 Remaster)	1975	https://www.deezer.com/album/90402
lesley-gore--you-don-t-own-me	track	deezer	https://cdn-images.dzcdn.net/images/cover/9a08236d693794e48d1b9ca7968e3849/1000x1000-000000-80-0-0.jpg	You Don't Own Me		https://www.deezer.com/track/76144446
bryan-adams--summer-of-69	artist	deezer-artist	https://cdn-images.dzcdn.net/images/artist/85d6a14a21da43928992c586fe8a2b41/1000x1000-000000-80-0-0.jpg			https://www.deezer.com/artist/170
little-river-band--reminiscing	track	deezer	https://cdn-images.dzcdn.net/images/cover/a720b6743ec60fb6327452f280148230/1000x1000-000000-80-0-0.jpg	Sleeper Catcher (Remastered 2022)		https://www.deezer.com/track/1952713137
madonna--frozen	track	deezer	https://cdn-images.dzcdn.net/images/cover/b75d884b15db9c2b3376f93caa059a93/1000x1000-000000-80-0-0.jpg	Ray of Light	1998	https://www.deezer.com/track/778758
madonna--you-ll-see	track	deezer	https://cdn-images.dzcdn.net/images/cover/458e44f0d8359889999aa353aada5e13/1000x1000-000000-80-0-0.jpg	Something to Remember	1995	https://www.deezer.com/track/776937
madonna--la-isla-bonita	track	deezer	https://cdn-images.dzcdn.net/images/cover/43a8e2b1b035391f58b0927cf1040bc4/1000x1000-000000-80-0-0.jpg	True Blue	1986	https://www.deezer.com/track/678372
madonna--secret	track	deezer	https://cdn-images.dzcdn.net/images/cover/dbff9be13e1addf5d364932d4ef5c582/1000x1000-000000-80-0-0.jpg	Bedtime Stories	1994	https://www.deezer.com/track/775609
mamas--california-dreamin	track	deezer	https://cdn-images.dzcdn.net/images/cover/936525dcb99c57b412e6583902e8488c/1000x1000-000000-80-0-0.jpg	California Dreamin'		https://www.deezer.com/track/5984642
marc-cohn--walking-in-memphis	track	deezer	https://cdn-images.dzcdn.net/images/cover/e93c673f9acf0afa27432ae67dfad76b/1000x1000-000000-80-0-0.jpg	Marc Cohn	1991	https://www.deezer.com/track/675175
masini--vaffanculo	track	deezer	https://cdn-images.dzcdn.net/images/cover/1a8a1f628ce2e03646407eb66f7efa06/1000x1000-000000-80-0-0.jpg	L'Amore Sia Con Te	1997	https://www.deezer.com/track/1051453
meat-loaf--bat-out-of-hell	track	deezer	https://cdn-images.dzcdn.net/images/cover/8211d5978a8efd881d5c1769f3713a45/1000x1000-000000-80-0-0.jpg	Bat Out Of Hell	1999	https://www.deezer.com/track/125468082
marky-mark--good-vibrations	track	deezer-album	https://cdn-images.dzcdn.net/images/cover/47fbdc90f7cd9418e5eec1381d442e6a/1000x1000-000000-80-0-0.jpg	Music For The People		https://www.deezer.com/album/13679664
metallica--fade-to-black	track	deezer	https://cdn-images.dzcdn.net/images/cover/6d5f397660c6ec7a445f386edac05b9e/1000x1000-000000-80-0-0.jpg	Ride The Lightning (Remastered)		https://www.deezer.com/track/136338506
metallica--master-of-puppets	track	deezer	https://cdn-images.dzcdn.net/images/cover/291e2af9295ca885b154eee75dfa0432/1000x1000-000000-80-0-0.jpg	Master Of Puppets (Remastered)	1986	https://www.deezer.com/track/424565232
mariah-carey--hero	track	deezer-album	https://cdn-images.dzcdn.net/images/cover/608dcac5f547cd39e1caa441e64f33e8/1000x1000-000000-80-0-0.jpg	#1 to Infinity		https://www.deezer.com/album/10177072
mariah-carey--i-ll-be-there	track	deezer	https://cdn-images.dzcdn.net/images/cover/6a1aeef41619907cc283d4eb1eac2fe6/1000x1000-000000-80-0-0.jpg	Greatest Hits		https://www.deezer.com/track/596012
mariah-carey--vision-of-love	track	deezer-album	https://cdn-images.dzcdn.net/images/cover/a6842e0e44e02fae9cc5bfa666ffe435/1000x1000-000000-80-0-0.jpg	Mariah Carey	1990	https://www.deezer.com/album/114735
metallica--seek-destroy	track	deezer	https://cdn-images.dzcdn.net/images/cover/f6d4ff72804ee17684a9b7b79a906898/1000x1000-000000-80-0-0.jpg	Kill 'Em All (Remastered)		https://www.deezer.com/track/136332702
michael-bolton--how-am-i-supposed-to-live-without-you	track	deezer	https://cdn-images.dzcdn.net/images/cover/20eec78a3d428fb8dab5a26ef68df4a2/1000x1000-000000-80-0-0.jpg	Live At The Royal Albert Hall (Target Exclusive)		https://www.deezer.com/track/33382041
michael-jackson--beat-it	track	deezer	https://cdn-images.dzcdn.net/images/cover/a0ad67d1beb761f2cb9f8b60e5bcf07a/1000x1000-000000-80-0-0.jpg	Michael Jackson's This Is It		https://www.deezer.com/track/4763165
michael-jackson--man-in-the-mirror	track	deezer	https://cdn-images.dzcdn.net/images/cover/a0ad67d1beb761f2cb9f8b60e5bcf07a/1000x1000-000000-80-0-0.jpg	Michael Jackson's This Is It		https://www.deezer.com/track/4603411
michael-jackson--wanna-be-startin-somethin	track	deezer	https://cdn-images.dzcdn.net/images/cover/f01e09ceb8ad1e96707c1b4aadb5911b/1000x1000-000000-80-0-0.jpg	Thriller	1983	https://www.deezer.com/track/831216
morricone-ennio--l-uomo-dell-armonica	track	musicbrainz	https://coverartarchive.org/release-group/06d095ae-88a6-309b-8e88-e87bd99d4fb0/front-500	C’era una volta il West	1970	https://musicbrainz.org/release/8442567d-52ef-46d0-bda7-7246997217e2
nat-king-cole--ramblin-rose	track	deezer	https://cdn-images.dzcdn.net/images/cover/1e17ce35891b45eebabae0692c333618/1000x1000-000000-80-0-0.jpg	Ramblin Rose		https://www.deezer.com/track/3232783
natalie-cole--unforgettable	track	deezer	https://cdn-images.dzcdn.net/images/cover/8ae3a326dbd70ebcbb001872e79e81b1/1000x1000-000000-80-0-0.jpg	Unforgettable: With Love		https://www.deezer.com/track/1444376692
naked-eyes--always-something-there-to-remind-me	track	deezer	https://cdn-images.dzcdn.net/images/cover/ee56f5fa0208e0fd0e8a9394bb94ce5f/1000x1000-000000-80-0-0.jpg	Burning Bridges	1983	https://www.deezer.com/track/1787681317
milli-vanilli--girl-i-m-gonna-miss-you	track	deezer	https://cdn-images.dzcdn.net/images/cover/93438b5905da18db776bad2b7fa0e630/1000x1000-000000-80-0-0.jpg	The Best of Milli Vanilli (35th Anniversary)		https://www.deezer.com/track/2463954555
milli-vanilli--girl-you-know-it-s-true	track	deezer	https://cdn-images.dzcdn.net/images/cover/3326cac8b91e5d58443998d39a8714ef/1000x1000-000000-80-0-0.jpg	All Or Nothing		https://www.deezer.com/track/71323262
nirvana--pennyroyal-tea	track	deezer	https://cdn-images.dzcdn.net/images/cover/4d0dfaf6d522f5323aebcc85903d92ac/1000x1000-000000-80-0-0.jpg	In Utero		https://www.deezer.com/track/70466233
neil-sedaka--breaking-up-is-hard-to-do	track	deezer	https://cdn-images.dzcdn.net/images/cover/00127f99fd8453936071939e4306c5ec/1000x1000-000000-80-0-0.jpg	Collections		https://www.deezer.com/track/546837
ocean--put-your-hand-in-the-hand	track	deezer	https://cdn-images.dzcdn.net/images/cover/d4d74d6eb599a957a87cb1cf9baf6da2/1000x1000-000000-80-0-0.jpg	Put Your Hand in the Hand		https://www.deezer.com/track/96973874
nomadi--io-vagabondo	track	deezer	https://cdn-images.dzcdn.net/images/cover/3d6dca7091e22bd30426a69b39ee01f8/1000x1000-000000-80-0-0.jpg	SOS Con Rabbia E Con Amore	1999	https://www.deezer.com/track/768824
nirvana--blew	track	deezer	https://cdn-images.dzcdn.net/images/cover/5c4474eb462a904d3b3e0ac13213e836/1000x1000-000000-80-0-0.jpg	Bleach (Deluxe Edition)	1989	https://www.deezer.com/track/1137168462
oliver--good-morning-starshine	track	deezer	https://cdn-images.dzcdn.net/images/cover/e564b6a12d52b33001dc4838b4908941/1000x1000-000000-80-0-0.jpg	Oliver	1969	https://www.deezer.com/track/32985451
pat-benatar--heartbreaker	track	deezer	https://cdn-images.dzcdn.net/images/cover/6a16dac1fdd84e8e4b96d4696d709a5e/1000x1000-000000-80-0-0.jpg	Best Shots		https://www.deezer.com/track/3122126
paul-mccartney--maybe-i-m-amazed	track	deezer	https://cdn-images.dzcdn.net/images/cover/d48c9db1bd9c6c720a13a3c414ffa3e2/1000x1000-000000-80-0-0.jpg	McCartney		https://www.deezer.com/track/640073442
no-doubt--just-a-girl	track	deezer-album	https://cdn-images.dzcdn.net/images/cover/ca98ac0c7e171921f712a68ff94eddc1/1000x1000-000000-80-0-0.jpg	Tragic Kingdom	1995	https://www.deezer.com/album/320369957
percy-sledge--when-a-man-loves-a-woman	track	deezer	https://cdn-images.dzcdn.net/images/cover/cb9cd3ff4da779845c681baf2241570e/1000x1000-000000-80-0-0.jpg	When a Man Loves a Woman		https://www.deezer.com/track/727540
paul-mccartney--my-love	track	deezer-album	https://cdn-images.dzcdn.net/images/cover/e55b667aeba377649885320b499f6113/1000x1000-000000-80-0-0.jpg	All The Best (UK Version)		https://www.deezer.com/album/517337
pink-floyd--brain-damage	track	deezer	https://cdn-images.dzcdn.net/images/cover/e635a8510c1a74bc089b3566ebbb9cb8/1000x1000-000000-80-0-0.jpg	The Dark Side of the Moon	1973	https://www.deezer.com/track/116914032
pink-floyd--high-hopes	track	deezer	https://cdn-images.dzcdn.net/images/cover/360dd6e6c37f0afe43d9d8621aff99f6/1000x1000-000000-80-0-0.jpg	The Division Bell		https://www.deezer.com/track/116914206
pink-floyd--the-trial	track	deezer	https://cdn-images.dzcdn.net/images/cover/2bea643b92a8fc6b19a23756f718cbd4/1000x1000-000000-80-0-0.jpg	The Wall	1979	https://www.deezer.com/track/116914134
pet-shop-boys--it-s-a-sin	track	deezer-album	https://cdn-images.dzcdn.net/images/cover/57939be5e72e576765491b2170c6617c/1000x1000-000000-80-0-0.jpg	Actually (2018 Remaster)		https://www.deezer.com/album/356417717
lynyrd-skynyrd--sweet-home-alabama	none	placeholder				
pet-shop-boys--west-end-girls	track	deezer-album	https://cdn-images.dzcdn.net/images/cover/393d2ce1ba348485b895213e226bd9da/1000x1000-000000-80-0-0.jpg	Please	1986	https://www.deezer.com/album/315648
pet-shop-boys--what-have-i-done-to-deserve-this	track	deezer-album	https://cdn-images.dzcdn.net/images/cover/57939be5e72e576765491b2170c6617c/1000x1000-000000-80-0-0.jpg	Actually (2018 Remaster)		https://www.deezer.com/album/356417717
cyndi-lauper--girls-just-wanna-have-fun	artist	deezer-artist	https://cdn-images.dzcdn.net/images/artist/be571d6d5dddf76f76db97dc077a3465/1000x1000-000000-80-0-0.jpg			https://www.deezer.com/artist/2025
pet-shop-boys--where-the-streets-have-no-name	track	deezer-album	https://cdn-images.dzcdn.net/images/cover/fd30a6de217305241a50ce904a87b07a/1000x1000-000000-80-0-0.jpg	Ultimate		https://www.deezer.com/album/688033
player--baby-come-back	track	deezer	https://cdn-images.dzcdn.net/images/cover/3f94b9bdf4af461971b15dfd970cc3cf/1000x1000-000000-80-0-0.jpg	Baby Come Back		https://www.deezer.com/track/11536584
black-sabbath--paranoid	track	itunes	https://is1-ssl.mzstatic.com/image/thumb/Music125/v4/be/27/91/be279120-2285-16c6-c7ba-9d6643d4a948/075992732727.jpg/600x600cc.jpg	Paranoid	1970	https://music.apple.com/us/album/paranoid/785232473?i=785232521&uo=4
pooh--pensiero	track	deezer	https://cdn-images.dzcdn.net/images/cover/0ef7f77df1a47cbe3e66ce6178930df2/1000x1000-000000-80-0-0.jpg	Opera prima (Remastered Version)	1971	https://www.deezer.com/track/94901720
prince--the-arms-of-orion	track	musicbrainz	https://coverartarchive.org/release-group/9474799b-2bfd-3398-be32-239619bd6812/front-500	The Arms of Orion	1989	https://musicbrainz.org/release/ec602c42-c51f-4949-99a4-a3d460c5a169
pooh--uomini-soli	track	deezer	https://cdn-images.dzcdn.net/images/cover/753e1e51dc4692eb90f752bfea8cad3f/1000x1000-000000-80-0-0.jpg	Uomini soli (2012 Remaster)		https://www.deezer.com/track/3724746532
prince--raspberry-beret	track	deezer	https://cdn-images.dzcdn.net/images/cover/52efb13d0fe33002a4079d321f7f9d69/1000x1000-000000-80-0-0.jpg	Around the World in a Day	1985	https://www.deezer.com/track/775712
procol-harum--a-whiter-shade-of-pale	track	deezer	https://cdn-images.dzcdn.net/images/cover/4a8707ca6dc83a19abe3e7a4a622ec5f/1000x1000-000000-80-0-0.jpg	A Whiter Shade of Pale (Original Single Version)	1967	https://www.deezer.com/track/109300764
quarterflash--harden-my-heart	track	deezer	https://cdn-images.dzcdn.net/images/cover/e800f011094ce9dcdf9538744099548a/1000x1000-000000-80-0-0.jpg	Quarterflash		https://www.deezer.com/track/25036181
queen--a-kind-of-magic	track	deezer	https://cdn-images.dzcdn.net/images/cover/383a5cc3b1fcda7bea15b4e95950e141/1000x1000-000000-80-0-0.jpg	A Kind Of Magic (Deluxe Edition)		https://www.deezer.com/track/4091938351
prince--let-s-go-crazy	track	deezer-album	https://cdn-images.dzcdn.net/images/cover/526d2d27a16da94b6f46fa4e786a34c9/1000x1000-000000-80-0-0.jpg	Purple Rain		https://www.deezer.com/album/587849692
queen--these-are-the-days-of-our-lives	track	deezer	https://cdn-images.dzcdn.net/images/cover/1ae58b7b789c2f0dec6e879820147617/1000x1000-000000-80-0-0.jpg	Innuendo		https://www.deezer.com/track/4092338701
metallica--nothing-else-matters	track	itunes	https://is1-ssl.mzstatic.com/image/thumb/Music125/v4/9e/80/1b/9e801b06-67fa-0990-2d15-85480ad3cd46/850007452025.png/600x600cc.jpg	Metallica (Remastered)	1991	https://music.apple.com/us/album/nothing-else-matters/1572046434?i=1572046444&uo=4
randy-crawford--one-day-i-ll-fly-away	track	deezer	https://cdn-images.dzcdn.net/images/cover/c5c055dcd6080eaa596fab53d6194fc6/1000x1000-000000-80-0-0.jpg	Now We May Begin		https://www.deezer.com/track/2658627
randy-vanwarmer--just-when-i-needed-you-most	track	deezer	https://cdn-images.dzcdn.net/images/cover/ffd41a57037c9cbb6dd7ec6a485f6f57/1000x1000-000000-80-0-0.jpg	Warmer		https://www.deezer.com/track/13975971
richie-lionel--all-night-long	track	deezer	https://cdn-images.dzcdn.net/images/cover/7050e918a1ead7bdbd7cadd9dfa2b858/1000x1000-000000-80-0-0.jpg	Can't Slow Down	1991	https://www.deezer.com/track/920062
queen--now-i-m-here	track	deezer-album	https://cdn-images.dzcdn.net/images/cover/c32e0dbc2a33b6270de47897bda62794/1000x1000-000000-80-0-0.jpg	Sheer Heart Attack		https://www.deezer.com/album/1007457911
richie-lionel--say-you-say-me	track	deezer	https://cdn-images.dzcdn.net/images/cover/856346cf571510544bd136b07743f8b9/1000x1000-000000-80-0-0.jpg	Dancing On The Ceiling (Expanded Edition)		https://www.deezer.com/track/905697
reo-speedwagon--time-for-me-to-fly	track	deezer	https://cdn-images.dzcdn.net/images/cover/e18107da5ef563b7a4eb506257626f25/1000x1000-000000-80-0-0.jpg	The Hits		https://www.deezer.com/track/7674885
right-said-fred--i-m-too-sexy	track	deezer	https://cdn-images.dzcdn.net/images/cover/bdf3ac50054021f9ba53755aa065d44f/1000x1000-000000-80-0-0.jpg	Fredhead		https://www.deezer.com/track/1117457992
rick-springfield--jessie-s-girl	track	deezer	https://cdn-images.dzcdn.net/images/cover/7ebeaa61214fb5417721fa0bae3f0a25/1000x1000-000000-80-0-0.jpg	Jessie's Girl		https://www.deezer.com/track/454843722
robert-john--sad-eyes	track	deezer	https://cdn-images.dzcdn.net/images/cover/96570e9b55ee3431a9d3f191ea1da1ce/1000x1000-000000-80-0-0.jpg	Classic Masters		https://www.deezer.com/track/5522014
rockwell--somebody-s-watching-me	artist	deezer-artist	https://cdn-images.dzcdn.net/images/artist/f2c38e4b5d01adea5ad4ccd002e53a08/1000x1000-000000-80-0-0.jpg			
rick-james--give-it-to-me-baby	track	deezer	https://cdn-images.dzcdn.net/images/cover/6057d1fcd24ace4f7050847d86652276/1000x1000-000000-80-0-0.jpg	Street Songs (Deluxe Edition)		https://www.deezer.com/track/2500448
rick-james--super-freak	track	deezer	https://cdn-images.dzcdn.net/images/cover/04ed0232c2d1fce855b28fe75ba9b306/1000x1000-000000-80-0-0.jpg	Street Songs (Expanded Edition)		https://www.deezer.com/track/543150512
rita-coolidge--higher-and-higher	track	deezer	https://cdn-images.dzcdn.net/images/cover/497fc2fa8259f63d855187e08007fbbb/1000x1000-000000-80-0-0.jpg	Anytime... Anywhere		https://www.deezer.com/track/642698062
roberta-flack--feel-like-makin-love	track	deezer	https://cdn-images.dzcdn.net/images/cover/69553a256e8885a2924a0d6a6f54e2a8/1000x1000-000000-80-0-0.jpg	Feel Like Makin' Love		https://www.deezer.com/track/9803858
rush--subdivisions	track	deezer	https://cdn-images.dzcdn.net/images/cover/21c0fa3e6b3b05fbcb8579ecfc256eab/1000x1000-000000-80-0-0.jpg	Signals		https://www.deezer.com/track/2499119
seal--crazy	track	deezer	https://cdn-images.dzcdn.net/images/cover/dd33d5c3ea30256dd3f119f344a5613e/1000x1000-000000-80-0-0.jpg	Crazy		https://www.deezer.com/track/675730
roxette--crash-boom-bang	track	deezer-album	https://cdn-images.dzcdn.net/images/cover/1566d6aaf2b3aec077a2e01ac8e9d2c3/1000x1000-000000-80-0-0.jpg	Crash! Boom! Bang!	1994	https://www.deezer.com/album/701495531
sammy-hagar--i-can-t-drive-55	track	deezer-album	https://cdn-images.dzcdn.net/images/cover/ab757a599bfbc386d852d1c0db5b512f/1000x1000-000000-80-0-0.jpg	Unboxed		https://www.deezer.com/album/320935437
roxette--how-do-you-do	track	deezer-album	https://cdn-images.dzcdn.net/images/cover/e3c4132d15aa0ae8d56967176be3e2bc/1000x1000-000000-80-0-0.jpg	Tourism	1992	https://www.deezer.com/album/755617411
simon-garfunkel--a-hazy-shade-of-winter	track	deezer-album	https://cdn-images.dzcdn.net/images/cover/cbfc885ed356567d48fe0a69f207f15b/1000x1000-000000-80-0-0.jpg	Bookends		https://www.deezer.com/album/1408435
roxette--joyride	track	deezer	https://cdn-images.dzcdn.net/images/cover/1375eae126a3629004398d86a7519a00/1000x1000-000000-80-0-0.jpg	Joyride 30th Anniversary Edition		https://www.deezer.com/track/1523248472
schilling-peter--major-tom	track	deezer	https://cdn-images.dzcdn.net/images/cover/10d206f417f7e52986d67e88b8731e3e/1000x1000-000000-80-0-0.jpg	Major Tom (Coming Home)		https://www.deezer.com/track/396103172
simon-garfunkel--cecilia	track	deezer	https://cdn-images.dzcdn.net/images/cover/6f7036f2c3632d9e1df142f1078cb5c1/1000x1000-000000-80-0-0.jpg	Bridge Over Troubled Water	1970	https://www.deezer.com/track/13174766
simon-garfunkel--the-sound-of-silence	track	deezer	https://cdn-images.dzcdn.net/images/cover/897fc19e6fb7a4ae7c22bc9fb462388f/1000x1000-000000-80-0-0.jpg	Sounds Of Silence	1992	https://www.deezer.com/track/2468570
sly-the-family-stone--i-want-to-take-you-higher	track	deezer	https://cdn-images.dzcdn.net/images/cover/87e07a0cb9181e9a6902099230b5f6fa/1000x1000-000000-80-0-0.jpg	Stand	1969	https://www.deezer.com/track/534505
spice-girls--2-become-1	track	deezer	https://cdn-images.dzcdn.net/images/cover/18c4f2d9608910a2b8eb1835052e895b/1000x1000-000000-80-0-0.jpg	Spice	1996	https://www.deezer.com/track/3133740
spice-girls--spice-up-your-life	track	deezer	https://cdn-images.dzcdn.net/images/cover/b6f00b7fbad1047dd4fddbf00bf173ee/1000x1000-000000-80-0-0.jpg	Spiceworld	1997	https://www.deezer.com/track/3134155
steely-dan--aja	track	deezer	https://cdn-images.dzcdn.net/images/cover/69cc1f771bc7a8cf79affdcf14bae380/1000x1000-000000-80-0-0.jpg	Aja		https://www.deezer.com/track/2466017595
tlc--no-scrubs	track	itunes	https://is1-ssl.mzstatic.com/image/thumb/Music/v4/8c/b8/2f/8cb82f6e-6e0d-6971-cc86-a293178c23ce/886444247122.jpg/600x600cc.jpg	20	1999	https://music.apple.com/us/album/no-scrubs/721770600?i=721770649&uo=4
steely-dan--fm	track	deezer	https://cdn-images.dzcdn.net/images/cover/8c60dc721f70d525ddac22a6bafcd7df/1000x1000-000000-80-0-0.jpg	A Decade Of Steely Dan	1995	https://www.deezer.com/track/1559346
simply-red--something-got-me-started	track	deezer	https://cdn-images.dzcdn.net/images/cover/0859b2389fd038c2f764a0d7166e1ddd/1000x1000-000000-80-0-0.jpg	Stars (Collector's Edition)		https://www.deezer.com/track/6636946
smokie--living-next-door-to-alice	track	deezer	https://cdn-images.dzcdn.net/images/cover/653d686ce9c15c938210c127fc977ad7/1000x1000-000000-80-0-0.jpg	Collections		https://www.deezer.com/track/69883086
steely-dan--kid-charlemagne	track	deezer	https://cdn-images.dzcdn.net/images/cover/cd4a1a153188a9c7210f554e6ed9ea29/1000x1000-000000-80-0-0.jpg	The Royal Scam (2025 Remaster)		https://www.deezer.com/track/3391403401
steve-winwood--higher-love	track	deezer	https://cdn-images.dzcdn.net/images/cover/08948d487a0cb80225bcc6bb0a1d3b4a/1000x1000-000000-80-0-0.jpg	Back In The High Life		https://www.deezer.com/track/617572932
stevie-b--because-i-love-you	track	deezer	https://cdn-images.dzcdn.net/images/cover/8552cc695c6788c0032964ffb9021f26/1000x1000-000000-80-0-0.jpg	Love And Emotion		https://www.deezer.com/track/12722401
sting--the-soul-cages	track	deezer	https://cdn-images.dzcdn.net/images/cover/373b3c7bed40c3e7637432bb3e76d1b8/1000x1000-000000-80-0-0.jpg	The Soul Cages	1991	https://www.deezer.com/track/18221398
sting--all-this-time	track	deezer	https://cdn-images.dzcdn.net/images/cover/373b3c7bed40c3e7637432bb3e76d1b8/1000x1000-000000-80-0-0.jpg	The Soul Cages	1991	https://www.deezer.com/track/18221389
kiss--i-was-made-for-lovin-you	track	itunes	https://is1-ssl.mzstatic.com/image/thumb/Music122/v4/92/7f/5c/927f5c6f-e24a-8db5-e165-38d8b9314d8d/14UMGIM16041.rgb.jpg/600x600cc.jpg	Dynasty	1979	https://music.apple.com/us/album/i-was-made-for-lovin-you/1440861209?i=1440861216&uo=4
steve-miller-band--abracadabra	track	deezer-album	https://cdn-images.dzcdn.net/images/cover/a5134cfb3ac7471fe1164b799037cd25/1000x1000-000000-80-0-0.jpg	Abracadabra		https://www.deezer.com/album/14355917
steely-dan--rikki-don-t-lose-that-number	track	deezer-album	https://cdn-images.dzcdn.net/images/cover/ef6ce1e27e7a7ae2489bb8e9ff7b6f9c/1000x1000-000000-80-0-0.jpg	Pretzel Logic		https://www.deezer.com/album/466975425
john-elton--i-m-still-standing	track	itunes	https://is1-ssl.mzstatic.com/image/thumb/Music116/v4/45/e5/b4/45e5b409-0564-a7a3-186c-1dc116c3ffb7/06UMGIM49712.rgb.jpg/600x600cc.jpg	Too Low For Zero (Bonus Track Version)	1983	https://music.apple.com/us/album/im-still-standing/1440912988?i=1440912993&uo=4
styx--come-sail-away	track	deezer-album	https://cdn-images.dzcdn.net/images/cover/8c2debb959a44a07be0494677de7c06b/1000x1000-000000-80-0-0.jpg	The Grand Illusion	1984	https://www.deezer.com/album/4009301
swingin-medallions--double-shot	track	deezer	https://cdn-images.dzcdn.net/images/cover/0b813e039f2aad8632714a0f01c7a2fe/1000x1000-000000-80-0-0.jpg	Double Shot (Of My Baby’s Love): The Best Of The Swingin’ Medallions		https://www.deezer.com/track/1059210182
ten-years-after--i-d-love-to-change-the-world	track	deezer	https://cdn-images.dzcdn.net/images/cover/4713502050eacab32c3a244d56cdf0c0/1000x1000-000000-80-0-0.jpg	A Space in Time (Deluxe Version)	1971	https://www.deezer.com/track/1787602737
supertramp--dreamer	track	deezer-album	https://cdn-images.dzcdn.net/images/cover/2e8c3f616430b9735ac58df8a17fb488/1000x1000-000000-80-0-0.jpg	Crime Of The Century (Deluxe)		https://www.deezer.com/album/9205655
aerosmith--dream-on	track	itunes	https://is1-ssl.mzstatic.com/image/thumb/Music112/v4/e2/87/d9/e287d987-7b92-7749-737f-b5b8a6913f88/22UM1IM38560.rgb.jpg/600x600cc.jpg	Aerosmith	1973	https://music.apple.com/us/album/dream-on/1658644936?i=1658644941&uo=4
the-alan-parsons-project--don-t-answer-me	track	deezer	https://cdn-images.dzcdn.net/images/cover/bb82108989c363b7d209bb56adaec979/1000x1000-000000-80-0-0.jpg	Ammonia Avenue	1984	https://www.deezer.com/track/15387915
supertramp--take-the-long-way-home	track	deezer-album	https://cdn-images.dzcdn.net/images/cover/fee526711039ce10381a3091204faca4/1000x1000-000000-80-0-0.jpg	Breakfast In America (Deluxe Edition)		https://www.deezer.com/album/653085
the-allman-brothers-band--jessica	track	deezer	https://cdn-images.dzcdn.net/images/cover/4a3e8281e149cf9cc3082c12dae890a0/1000x1000-000000-80-0-0.jpg	Nassau Coliseum 5/1/73		https://www.deezer.com/track/117693950
red-hot-chili-peppers--scar-tissue	track	itunes	https://is1-ssl.mzstatic.com/image/thumb/Music124/v4/4c/86/1d/4c861dab-5428-f3b7-8068-82bb69db5e89/093624932130.jpg/600x600cc.jpg	Californication (Remastered)	1999	https://music.apple.com/us/album/scar-tissue/945575406?i=945575409&uo=4
talking-heads--burning-down-the-house	track	deezer	https://cdn-images.dzcdn.net/images/cover/2ca9751695393aaa6682016cc83bd51d/1000x1000-000000-80-0-0.jpg	Burning Down the House / I Get Wild / Wild Gravity	1983	https://www.deezer.com/track/4209675
the-animals--san-franciscan-nights	track	deezer	https://cdn-images.dzcdn.net/images/cover/2df4ffecf9ed46f78edfa28bd3f11c68/1000x1000-000000-80-0-0.jpg	Rock My World		https://www.deezer.com/track/2825325592
queen--we-will-rock-you	track	itunes	https://is1-ssl.mzstatic.com/image/thumb/Music211/v4/ec/17/d8/ec17d8f4-09bb-282b-6e01-8b03c95bc318/602527717470.jpg/600x600cc.jpg	News Of The World	1977	https://music.apple.com/us/album/we-will-rock-you/6781074739?i=6781074741&uo=4
the-beach-boys--sail-on-sailor	track	deezer	https://cdn-images.dzcdn.net/images/cover/e2794148b00a34f20f7eb0b8183315fe/1000x1000-000000-80-0-0.jpg	Holland (Remastered 2000)		https://www.deezer.com/track/69575225
the-beatles--all-my-loving	track	deezer	https://cdn-images.dzcdn.net/images/cover/43504743d2efb7092130f1e2340e1ffa/1000x1000-000000-80-0-0.jpg	With The Beatles (Remastered)		https://www.deezer.com/track/116348700
the-beatles--all-you-need-is-love	track	deezer	https://cdn-images.dzcdn.net/images/cover/c105ffd0f6855c565cd3a0be47a1ee31/1000x1000-000000-80-0-0.jpg	Yellow Submarine (Remastered)		https://www.deezer.com/track/116348734
the-beach-boys--in-my-room	track	deezer-album	https://cdn-images.dzcdn.net/images/cover/b2aec35ef2998940cee99d02e1ef692b/1000x1000-000000-80-0-0.jpg	Endless Summer		https://www.deezer.com/album/304137
the-beach-boys--surfin-usa	track	deezer	https://cdn-images.dzcdn.net/images/cover/b00246e746e757c4828c5b839a4dc64c/1000x1000-000000-80-0-0.jpg	Surfin' USA		https://www.deezer.com/track/76097136
the-beatles--don-t-let-me-down	track	deezer	https://cdn-images.dzcdn.net/images/cover/efacd27f64a06aa8dae8de0dea7f0ac4/1000x1000-000000-80-0-0.jpg	Let It Be... Naked (Remastered)		https://www.deezer.com/track/475334262
the-beach-boys--wouldn-t-it-be-nice	track	deezer-album	https://cdn-images.dzcdn.net/images/cover/ddfe7ab3d0a960099debb0bf56c70460/1000x1000-000000-80-0-0.jpg	Pet Sounds		https://www.deezer.com/album/436186197
the-beatles--fixing-a-hole	track	deezer	https://cdn-images.dzcdn.net/images/cover/4fcb73352b17d47429a273c5112632b0/1000x1000-000000-80-0-0.jpg	Sgt. Pepper's Lonely Hearts Club Band (Remastered)		https://www.deezer.com/track/116348678
the-beatles--blackbird	track	deezer	https://cdn-images.dzcdn.net/images/cover/f8b236243adae6bc187d27157bc61ae9/1000x1000-000000-80-0-0.jpg	The Beatles (Remastered)		https://www.deezer.com/track/116348212
the-beatles--here-there-and-everywhere	track	deezer	https://cdn-images.dzcdn.net/images/cover/6e1e24a3e4311371abd2c888b1f0e13e/1000x1000-000000-80-0-0.jpg	Revolver (Remastered)		https://www.deezer.com/track/116348406
the-beatles--got-to-get-you-into-my-life	track	deezer	https://cdn-images.dzcdn.net/images/cover/6e1e24a3e4311371abd2c888b1f0e13e/1000x1000-000000-80-0-0.jpg	Revolver (Remastered)		https://www.deezer.com/track/116348422
the-beatles--i-don-t-want-to-spoil-the-party	track	deezer	https://cdn-images.dzcdn.net/images/cover/3c1ebf7765293ec02d3aa124aadb258c/1000x1000-000000-80-0-0.jpg	Beatles For Sale (Remastered)		https://www.deezer.com/track/116348392
the-beatles--i-should-have-known-better	track	deezer	https://cdn-images.dzcdn.net/images/cover/7d1c6019481f5b2b2a6e5de1ee57425c/1000x1000-000000-80-0-0.jpg	A Hard Day's Night (Remastered)		https://www.deezer.com/track/116348428
the-beatles--fool-on-the-hill	track	deezer	https://cdn-images.dzcdn.net/images/cover/35621b78e11aeeca37f6fa275100482f/1000x1000-000000-80-0-0.jpg	Love		https://www.deezer.com/track/126848619
the-beatles--free-as-a-bird	track	deezer	https://cdn-images.dzcdn.net/images/cover/ad1658e4784cac89161d5151be746dca/1000x1000-000000-80-0-0.jpg	Free As A Bird (2025 Mix)		https://www.deezer.com/track/3514240351
the-beatles--i-am-the-walrus	track	deezer	https://cdn-images.dzcdn.net/images/cover/35621b78e11aeeca37f6fa275100482f/1000x1000-000000-80-0-0.jpg	Love		https://www.deezer.com/track/126848575
the-beatles--norwegian-wood	track	deezer	https://cdn-images.dzcdn.net/images/cover/da80520440d5d29876b9df3e375793b5/1000x1000-000000-80-0-0.jpg	Rubber Soul (Remastered 2009)		https://www.deezer.com/track/116348254
the-beatles--nowhere-man	track	deezer	https://cdn-images.dzcdn.net/images/cover/da80520440d5d29876b9df3e375793b5/1000x1000-000000-80-0-0.jpg	Rubber Soul (Remastered 2009)		https://www.deezer.com/track/116348258
the-beatles--i-feel-fine	track	deezer	https://cdn-images.dzcdn.net/images/cover/c65b3bd84e81056e060be144381c06c8/1000x1000-000000-80-0-0.jpg	1 (Remastered)		https://www.deezer.com/track/116348604
the-beatles--she-s-leaving-home	track	deezer	https://cdn-images.dzcdn.net/images/cover/4fcb73352b17d47429a273c5112632b0/1000x1000-000000-80-0-0.jpg	Sgt. Pepper's Lonely Hearts Club Band (Remastered)		https://www.deezer.com/track/116348680
the-blues-brothers--everybody-needs-somebody-to-love	track	deezer	https://cdn-images.dzcdn.net/images/cover/7bbf21257fcfa40b9879909b414257bd/1000x1000-000000-80-0-0.jpg	TPH Production Perform The Blues Brothers		https://www.deezer.com/track/67439510
the-beatles--taxman	track	deezer	https://cdn-images.dzcdn.net/images/cover/6e1e24a3e4311371abd2c888b1f0e13e/1000x1000-000000-80-0-0.jpg	Revolver (Remastered)		https://www.deezer.com/track/116348398
the-chiffons--he-s-so-fine	track	deezer	https://cdn-images.dzcdn.net/images/cover/bef49707c4306ca6489eb90557b4342a/1000x1000-000000-80-0-0.jpg	The Chiffons Absolutely The Best!		https://www.deezer.com/track/3252093
the-beatles--strawberry-fields-forever	track	deezer	https://cdn-images.dzcdn.net/images/cover/35621b78e11aeeca37f6fa275100482f/1000x1000-000000-80-0-0.jpg	Love		https://www.deezer.com/track/126848591
the-contours--do-you-love-me	track	deezer	https://cdn-images.dzcdn.net/images/cover/4a6d7530e7acb2b26e9c6c7958dbaec3/1000x1000-000000-80-0-0.jpg	Do You Love Me - The Best of the Contours		https://www.deezer.com/track/62458466
the-doobie-brothers--listen-to-the-music	track	deezer	https://cdn-images.dzcdn.net/images/cover/49ddd91b85603b82a401a7e67e0a0b42/1000x1000-000000-80-0-0.jpg	Toulouse Street	1975	https://www.deezer.com/track/6630681
the-cowsills--hair	track	deezer	https://cdn-images.dzcdn.net/images/cover/25f910781dac027d66c8d83439d02326/1000x1000-000000-80-0-0.jpg	20th Century Masters: The Millennium Collection: Best Of The Cowsills		https://www.deezer.com/track/1763201557
the-doors--roadhouse-blues	track	deezer	https://cdn-images.dzcdn.net/images/cover/c184f52f4f8ba778a2809a32c287e0a5/1000x1000-000000-80-0-0.jpg	Morrison Hotel	1970	https://www.deezer.com/track/670804
the-crystals--he-s-a-rebel	track	deezer	https://cdn-images.dzcdn.net/images/cover/6753647d85341ed0fbccbedd74ee45ff/1000x1000-000000-80-0-0.jpg	Da Doo Ron Ron: The Very Best of The Crystals		https://www.deezer.com/track/12809340
the-drifters--on-broadway	track	deezer	https://cdn-images.dzcdn.net/images/cover/05b854a89191357edf16e9f54b1f27ab/1000x1000-000000-80-0-0.jpg	Under the Boardwalk	1964	https://www.deezer.com/track/676885
papa-roach--last-resort	track	itunes	https://is1-ssl.mzstatic.com/image/thumb/Music211/v4/c2/c6/81/c2c6818b-0b09-9378-caf3-608cc6fe36d7/19UM1IM12014.rgb.jpg/600x600cc.jpg	Infest	2000	https://music.apple.com/us/album/last-resort/1492001879?i=1492001883&uo=4
the-j-geils-band--freeze-frame	track	deezer	https://cdn-images.dzcdn.net/images/cover/cc1722705a41d9221bff919895c236bf/1000x1000-000000-80-0-0.jpg	Freeze Frame		https://www.deezer.com/track/3168234
the-everly-brothers--bird-dog	track	deezer	https://cdn-images.dzcdn.net/images/cover/527344c23d51402a6040f9645fe7180c/1000x1000-000000-80-0-0.jpg	The Very Best of The Everly Brothers		https://www.deezer.com/track/74494812
the-everly-brothers--walk-right-back	track	deezer	https://cdn-images.dzcdn.net/images/cover/527344c23d51402a6040f9645fe7180c/1000x1000-000000-80-0-0.jpg	The Very Best of The Everly Brothers	1964	https://www.deezer.com/track/74494810
the-fabulous-thunderbirds--tuff-enuff	track	deezer	https://cdn-images.dzcdn.net/images/cover/ecbddef4e373108ee9da27c853118911/1000x1000-000000-80-0-0.jpg	Tuff Enuff	1986	https://www.deezer.com/track/1079058
the-platters--great-pretender	track	deezer	https://cdn-images.dzcdn.net/images/cover/a340159628ed003140b07e58a672747f/1000x1000-000000-80-0-0.jpg	Smoke Gets In Your Eyes		https://www.deezer.com/track/1882668
the-hollies--carrie-anne	track	deezer	https://cdn-images.dzcdn.net/images/cover/ea19fa6a9d6ba77f9a847d131b1f54f6/1000x1000-000000-80-0-0.jpg	Listen to Me (Remastered)		https://www.deezer.com/track/113758380
oasis--wonderwall	track	itunes	https://is1-ssl.mzstatic.com/image/thumb/Music113/v4/04/92/e0/0492e08b-cbcc-9969-9ad6-8f5a0888068c/5051961007107.jpg/600x600cc.jpg	(What's the Story) Morning Glory?	1995	https://music.apple.com/us/album/wonderwall/1517447039?i=1517447333&uo=4
the-rolling-stones--waiting-on-a-friend	track	deezer	https://cdn-images.dzcdn.net/images/cover/b30759c8c8163d3f25aa10e27d873607/1000x1000-000000-80-0-0.jpg	Tattoo You (2009 Re-Mastered)		https://www.deezer.com/track/4125602
radiohead--creep	track	deezer	https://cdn-images.dzcdn.net/images/cover/1dd56fd8824492e1a5106c99a00a85ec/1000x1000-000000-80-0-0.jpg	Pablo Honey	1993	https://www.deezer.com/track/138547415
the-righteous-brothers--you-ve-lost-that-lovin-feelin	track	deezer	https://cdn-images.dzcdn.net/images/cover/4457d0b537b77d4a2d41dfb57e4aeaf5/1000x1000-000000-80-0-0.jpg	You've Lost That Lovin' Feelin'		https://www.deezer.com/track/2534041
the-trammps--disco-inferno	track	deezer	https://cdn-images.dzcdn.net/images/cover/f8cfdc411d542f4757815c9e1560a7c6/1000x1000-000000-80-0-0.jpg	Disco Inferno		https://www.deezer.com/track/12276222
the-yardbirds--heart-full-of-soul	track	deezer	https://cdn-images.dzcdn.net/images/cover/c502ed9e364c3dbde2c53ac409063aa3/1000x1000-000000-80-0-0.jpg	Eric Clapton - Heart Full of Soul		https://www.deezer.com/track/93354976
the-youngbloods--get-together	track	deezer	https://cdn-images.dzcdn.net/images/cover/b7acd468cffe3ff1bfa5264636f983a9/1000x1000-000000-80-0-0.jpg	Get Together: The Essential Youngbloods		https://www.deezer.com/track/13181220
thelma-houston--don-t-leave-me-this-way	track	deezer	https://cdn-images.dzcdn.net/images/cover/51a31b141b41ad6d356b4c973e8ce91c/1000x1000-000000-80-0-0.jpg	Thelma Houston		https://www.deezer.com/track/1119822
the-temptations--i-wish-it-would-rain	track	deezer	https://cdn-images.dzcdn.net/images/cover/ba1313a4f5a7dab66122463980bd296c/1000x1000-000000-80-0-0.jpg	Wish It Would Rain		https://www.deezer.com/track/81474650
the-police--can-t-stand-losing-you	track	deezer-album	https://cdn-images.dzcdn.net/images/cover/f51850ce4fccc736b881a5ce8aede9e1/1000x1000-000000-80-0-0.jpg	Outlandos D'Amour (Remastered 2003)		https://www.deezer.com/album/93733552
the-police--walking-on-the-moon	track	deezer-album	https://cdn-images.dzcdn.net/images/cover/b11b98eb4bea1c8abcff67eee2a7eeb7/1000x1000-000000-80-0-0.jpg	Reggatta De Blanc (Remastered 2003)		https://www.deezer.com/album/93733642
u2--hold-me-thrill-me-kiss-me-kill-me	track	musicbrainz	https://coverartarchive.org/release-group/5007809a-0a96-4369-b105-1673489591fd/front-500	Planet Hits 1	1995	https://musicbrainz.org/release/bf2c84c1-7d40-4692-a455-808329047b2a
vangelis--1492-conquest-of-paradise	track	deezer	https://cdn-images.dzcdn.net/images/cover/a03ff0cd1c743707517cdcc5ac193309/1000x1000-000000-80-0-0.jpg	1492: Conquest of Paradise	1992	https://www.deezer.com/track/726810
tom-jones--she-s-a-lady	track	deezer-album	https://cdn-images.dzcdn.net/images/cover/6c4eea6cf70765e66b11041344f73c77/1000x1000-000000-80-0-0.jpg	Tom Jones Sings She's A Lady		https://www.deezer.com/album/49470362
eminem--lose-yourself	track	deezer	https://cdn-images.dzcdn.net/images/cover/e2b36a9fda865cb2e9ed1476b6291a7d/1000x1000-000000-80-0-0.jpg	Curtain Call: The Hits		https://www.deezer.com/track/1109731
vanessa-williams--save-the-best-for-last	track	deezer-album	https://cdn-images.dzcdn.net/images/cover/16d66369601198d0efa525b2674e0569/1000x1000-000000-80-0-0.jpg	The Comfort Zone		https://www.deezer.com/album/246780
wilson-phillips--hold-on	track	deezer	https://cdn-images.dzcdn.net/images/cover/1ec253e4915193b4b11185cea4afd4ca/1000x1000-000000-80-0-0.jpg	Wilson Phillips	1990	https://www.deezer.com/track/3090950
wilson-pickett--in-the-midnight-hour	track	deezer	https://cdn-images.dzcdn.net/images/cover/f9ef5d056b3f96c75ebf14850d488fbc/1000x1000-000000-80-0-0.jpg	In the Midnight Hour		https://www.deezer.com/track/39056731
tina-turner--we-don-t-need-another-hero	track	deezer-album	https://cdn-images.dzcdn.net/images/cover/837d79a1e17f7bc27f3884b7d7e3f4fa/1000x1000-000000-80-0-0.jpg	Tina!		https://www.deezer.com/album/302597
tozzi--gloria	track	deezer-album	https://cdn-images.dzcdn.net/images/cover/c17fd8245b171626a438b1fca9fbceb0/1000x1000-000000-80-0-0.jpg	Gloria		https://www.deezer.com/album/230631272
wang-chung--dance-hall-days	track	deezer	https://cdn-images.dzcdn.net/images/cover/3679323dc75d6e605bdba053691e138c/1000x1000-000000-80-0-0.jpg	Points On The Curve		https://www.deezer.com/track/1091006062
wonder-stevie--my-cherie-amour	track	deezer	https://cdn-images.dzcdn.net/images/cover/908db830087be04430abdb2718bf260e/1000x1000-000000-80-0-0.jpg	My Cherie Amour	1969	https://www.deezer.com/track/6821052
yes--heart-of-the-sunrise	track	deezer	https://cdn-images.dzcdn.net/images/cover/268497aa096e72139468ae75c8d807a2/1000x1000-000000-80-0-0.jpg	Classic Yes	1981	https://www.deezer.com/track/6586766
yes--owner-of-a-lonely-heart	track	deezer	https://cdn-images.dzcdn.net/images/cover/dfa52b10ccabc192ee2e21b1c06a765e/1000x1000-000000-80-0-0.jpg	90125 (Deluxe Version)	1983	https://www.deezer.com/track/3613215
zucchero--donne	track	deezer	https://cdn-images.dzcdn.net/images/cover/a7bc30ea70249eeb34e1ae8e85d3a9e6/1000x1000-000000-80-0-0.jpg	Latin Masters: Con Le Mani		https://www.deezer.com/track/5453609
zucchero--come-il-sole-all-improvviso	track	deezer	https://cdn-images.dzcdn.net/images/cover/a183df47cf137b64d4ec2240b5f144ba/1000x1000-000000-80-0-0.jpg	Wanted (The Best Collection)		https://www.deezer.com/track/422212862
yvonne-elliman--if-i-can-t-have-you	track	deezer	https://cdn-images.dzcdn.net/images/cover/4b06f2659310be34a6e18f22b3e88cb8/1000x1000-000000-80-0-0.jpg	Night Flight		https://www.deezer.com/track/2780958001
zz-top--gimme-all-your-lovin	track	deezer	https://cdn-images.dzcdn.net/images/cover/45a66af6c33ddc07b9819526734e4427/1000x1000-000000-80-0-0.jpg	Eliminator	1983	https://www.deezer.com/track/3788398252
2-unlimited--let-the-beat-control-your-body	track	deezer	https://cdn-images.dzcdn.net/images/cover/37e6834a65f160a58c3b58dc8a76d240/1000x1000-000000-80-0-0.jpg	No Limits		https://www.deezer.com/track/134706094
zucchero--diamante	track	deezer	https://cdn-images.dzcdn.net/images/cover/88426a950d5412b35b148ddd7549d311/1000x1000-000000-80-0-0.jpg	All The Best - Zu & Co (Night Of The Proms 2014 / Limited Edition)		https://www.deezer.com/track/89748783
883--nella-notte	track	deezer	https://cdn-images.dzcdn.net/images/cover/b4577ff190d35e59069272466692b5eb/1000x1000-000000-80-0-0.jpg	Nord Sud Ovest Est		https://www.deezer.com/track/766746
2-unlimited--no-limit	track	deezer	https://cdn-images.dzcdn.net/images/cover/37e6834a65f160a58c3b58dc8a76d240/1000x1000-000000-80-0-0.jpg	No Limits		https://www.deezer.com/track/134706074
883--sei-un-mito	track	deezer	https://cdn-images.dzcdn.net/images/cover/b4577ff190d35e59069272466692b5eb/1000x1000-000000-80-0-0.jpg	Nord Sud Ovest Est		https://www.deezer.com/track/766641
10cc--i-m-not-in-love	track	deezer	https://cdn-images.dzcdn.net/images/cover/881d11fe5b2d92509cfe7d08f7ced70f/1000x1000-000000-80-0-0.jpg	The Original Soundtrack	1997	https://www.deezer.com/track/1581601
abba--dance	track	deezer	https://cdn-images.dzcdn.net/images/cover/d096c01a71ada4f89386abc834ab3eff/1000x1000-000000-80-0-0.jpg	Waterloo		https://www.deezer.com/track/2537910
2-unlimited--twilight-zone	track	deezer-album	https://cdn-images.dzcdn.net/images/cover/fcf639eb7914835c67586b0b3da55fd3/1000x1000-000000-80-0-0.jpg	Get Ready		https://www.deezer.com/album/13990926
a-taste-of-honey--sukiyaki	track	deezer	https://cdn-images.dzcdn.net/images/cover/56cdfb113f4956aadf0dcef432bad0dc/1000x1000-000000-80-0-0.jpg	Twice As Sweet		https://www.deezer.com/track/3366450
coolio--gangsta-s-paradise	track	itunes	https://is1-ssl.mzstatic.com/image/thumb/Music221/v4/b7/d4/ce/b7d4cee5-38ab-34af-5605-1588e9a34fec/081227515461.png/600x600cc.jpg	Gangsta's Paradise	1995	https://music.apple.com/us/album/gangstas-paradise-feat-l-v/1604646668?i=1604646670&uo=4
tears-for-fears--everybody-wants-to-rule-the-world	track	itunes	https://is1-ssl.mzstatic.com/image/thumb/Music211/v4/74/41/43/744143ae-afad-8380-106e-1c1bc48922e4/14UMGIM34762.rgb.jpg/600x600cc.jpg	Songs from the Big Chair	1985	https://music.apple.com/us/album/everybody-wants-to-rule-the-world/1440813508?i=1440813515&uo=4
ace-of-base--beautiful-life	track	deezer	https://cdn-images.dzcdn.net/images/cover/a90cbab84e29bbfb2e339a349e5faeae/1000x1000-000000-80-0-0.jpg	The Bridge	1995	https://www.deezer.com/track/92382204
ace-of-base--happy-nation	track	deezer	https://cdn-images.dzcdn.net/images/cover/599c31e92ab91c01f8fb889a96e54544/1000x1000-000000-80-0-0.jpg	Happy Nation (U.S. Version) (Remastered)		https://www.deezer.com/track/94676704
ace-of-base--wheel-of-fortune	track	deezer	https://cdn-images.dzcdn.net/images/cover/599c31e92ab91c01f8fb889a96e54544/1000x1000-000000-80-0-0.jpg	Happy Nation (U.S. Version) (Remastered)		https://www.deezer.com/track/94676712
abba--on-and-on-and-on	track	deezer-album	https://cdn-images.dzcdn.net/images/cover/4fb5f9bcb28f1986e4a5fab81ad19449/1000x1000-000000-80-0-0.jpg	Super Trouper		https://www.deezer.com/album/245956
air-supply--all-out-of-love	track	deezer	https://cdn-images.dzcdn.net/images/cover/355d1ce9cd5cdb78d3cea473ae50a589/1000x1000-000000-80-0-0.jpg	The Singer & The Song		https://www.deezer.com/track/65986691
al-green--oh-me-oh-my	track	deezer-album	https://cdn-images.dzcdn.net/images/cover/f6867bc2b0df9a5c9a538f4afb18885e/1000x1000-000000-80-0-0.jpg	Al Green Is Love	1975	https://www.deezer.com/album/15512858
aerosmith--pink	track	deezer-album	https://cdn-images.dzcdn.net/images/cover/ea702e9dd35b2d0dd8017b6449f2f1c6/1000x1000-000000-80-0-0.jpg	Nine Lives	1997	https://www.deezer.com/album/384515087
xxxtentacion--sad	track	deezer	https://cdn-images.dzcdn.net/images/cover/9b6da786cd3ca8b286a04186b3c9079c/1000x1000-000000-80-0-0.jpg	?		https://www.deezer.com/track/472992602
alabama--take-me-down	track	deezer	https://cdn-images.dzcdn.net/images/cover/03f95a9c974b1baa9a32ca4d6a2c91cb/1000x1000-000000-80-0-0.jpg	Mountain Music	1984	https://www.deezer.com/track/2455584
aerosmith--last-child	track	deezer-album	https://cdn-images.dzcdn.net/images/cover/739e56cd00375be1251c09f2b1131e01/1000x1000-000000-80-0-0.jpg	Rocks		https://www.deezer.com/album/384514887
alannah-myles--black-velvet	track	deezer	https://cdn-images.dzcdn.net/images/cover/65f030c756bbf1b6d78175732a827de2/1000x1000-000000-80-0-0.jpg	Alannah Myles	1989	https://www.deezer.com/track/674958
alice-cooper--hey-stoopid	track	deezer	https://cdn-images.dzcdn.net/images/cover/8ce40018bf4c4616939f40960b1d6b2c/1000x1000-000000-80-0-0.jpg	Hey Stoopid	1991	https://www.deezer.com/track/1015463
alan-o-day--undercover-angel	track	deezer	https://cdn-images.dzcdn.net/images/cover/b7e702b1269a627db8e98234ca02953f/1000x1000-000000-80-0-0.jpg	Undercover Angel		https://www.deezer.com/track/3025605911
andy-gibb--shadow-dancing	track	musicbrainz	https://coverartarchive.org/release-group/8dda3aa5-652e-371a-8d62-8403a354cf21/front-500	Shadow Dancing	1978	https://musicbrainz.org/release/85070515-15db-4e30-824f-116cff07f4d1
amos-tori--cornflake-girl	track	deezer	https://cdn-images.dzcdn.net/images/cover/3c01db3a002dcc2e4274cc46086b24b9/1000x1000-000000-80-0-0.jpg	Under the Pink		https://www.deezer.com/track/675582
alice-in-chains--no-excuses	track	deezer	https://cdn-images.dzcdn.net/images/cover/63ed85388d2c22da2c99f3f0d7e6810f/1000x1000-000000-80-0-0.jpg	Jar Of Flies	1993	https://www.deezer.com/track/1038556
all-saints--never-ever	track	deezer-album	https://cdn-images.dzcdn.net/images/cover/e4d822402a0229ae8624d3845551d9e6/1000x1000-000000-80-0-0.jpg	All Saints	1998	https://www.deezer.com/album/93844
ac-dc--highway-to-hell	track	itunes	https://is1-ssl.mzstatic.com/image/thumb/Music126/v4/b9/c8/ef/b9c8ef42-bbc9-64df-11f8-717571f6730f/886443673458.jpg/600x600cc.jpg	Highway to Hell	1979	https://music.apple.com/us/album/highway-to-hell/574043989?i=574044008&uo=4
anita-baker--caught-up-in-the-rapture	track	deezer	https://cdn-images.dzcdn.net/images/cover/58cfc9bfea1660cb40bf9709d0a2cc65/1000x1000-000000-80-0-0.jpg	Rapture	1986	https://www.deezer.com/track/717545
anita-baker--giving-you-the-best-that-i-got	track	deezer	https://cdn-images.dzcdn.net/images/cover/7b707a931b61f30fc591f1f819be0305/1000x1000-000000-80-0-0.jpg	Giving You the Best That I Got	1988	https://www.deezer.com/track/72279330
ann-peebles--i-can-t-stand-the-rain	track	deezer	https://cdn-images.dzcdn.net/images/cover/d4a2b8f7402c23ddd01f1f03d988426d/1000x1000-000000-80-0-0.jpg	I Can't Stand the Rain		https://www.deezer.com/track/136371188
ac-dc--thunderstruck	track	itunes	https://is1-ssl.mzstatic.com/image/thumb/Features114/v4/fc/c2/f8/fcc2f850-1d81-7440-c0a0-de7fcef1e911/dj.rrgizfic.jpg/600x600cc.jpg	The Razors Edge	1990	https://music.apple.com/us/album/thunderstruck/574049507?i=574051407&uo=4
anne-murray--could-i-have-this-dance	track	deezer	https://cdn-images.dzcdn.net/images/cover/41e156cae508be671244bbd40027682a/1000x1000-000000-80-0-0.jpg	Duets: Friends & Legends		https://www.deezer.com/track/3110469
annie-lennox--no-more-i-love-you-s	track	deezer	https://cdn-images.dzcdn.net/images/cover/8009c032df18acf91c651fa6001bb985/1000x1000-000000-80-0-0.jpg	Medusa	1995	https://www.deezer.com/track/1047744
annie-lennox--don-t-ask-me-why	artist	deezer-artist	https://cdn-images.dzcdn.net/images/artist/fa15274f9fd4122054de36a78d53ae1b/1000x1000-000000-80-0-0.jpg			https://www.deezer.com/artist/1148
earth-wind-fire--september	track	itunes	https://is1-ssl.mzstatic.com/image/thumb/Music115/v4/5c/8e/19/5c8e191d-b458-fc29-54ef-bd9367835044/886447618547.jpg/600x600cc.jpg	The Best Of Earth, Wind & Fire Vol. 1	1978	https://music.apple.com/us/album/september/1456623332?i=1456623340&uo=4
anne-murray--daydream-believer	track	deezer	https://cdn-images.dzcdn.net/images/cover/41e156cae508be671244bbd40027682a/1000x1000-000000-80-0-0.jpg	Duets: Friends & Legends		https://www.deezer.com/track/3110460
anne-murray--love-song	track	deezer	https://cdn-images.dzcdn.net/images/cover/41e156cae508be671244bbd40027682a/1000x1000-000000-80-0-0.jpg	Duets: Friends & Legends		https://www.deezer.com/track/3110465
antonello-venditti--benvenuti-in-paradiso	track	deezer	https://cdn-images.dzcdn.net/images/cover/12b1244212d8c611b845a6764843c4c5/1000x1000-000000-80-0-0.jpg	Benvenuti In Paradiso	1991	https://www.deezer.com/track/13210482
antonello-venditti--amici-mai	track	deezer	https://cdn-images.dzcdn.net/images/cover/28f7225cd1da2ad770b800b82f4a3c81/1000x1000-000000-80-0-0.jpg	TuttoVenditti		https://www.deezer.com/track/61644223
bon-jovi--livin-on-a-prayer	track	itunes	https://is1-ssl.mzstatic.com/image/thumb/Music112/v4/40/16/3e/40163e24-6985-b785-d4ea-cbae07d74812/06UMGIM05422.rgb.jpg/600x600cc.jpg	Slippery When Wet	1986	https://music.apple.com/us/album/livin-on-a-prayer/1422954626?i=1422955211&uo=4
antonello-venditti--ci-vorrebbe-un-amico	track	deezer	https://cdn-images.dzcdn.net/images/cover/28f7225cd1da2ad770b800b82f4a3c81/1000x1000-000000-80-0-0.jpg	TuttoVenditti		https://www.deezer.com/track/61644220
aqua--roses-are-red	track	deezer	https://cdn-images.dzcdn.net/images/cover/89c2dae2b498dc9ca9151324d02eca2d/1000x1000-000000-80-0-0.jpg	Aquarium	1997	https://www.deezer.com/track/1115050
aretha-franklin--chain-of-fools	track	deezer	https://cdn-images.dzcdn.net/images/cover/7085eed3925e3586e6f97460ef15ff13/1000x1000-000000-80-0-0.jpg	Lady Soul (With Bonus Selections)		https://www.deezer.com/track/904780
aretha-franklin--oh-me-oh-my	track	deezer	https://cdn-images.dzcdn.net/images/cover/d41620b8ac1cd2c257db8c57d2ad360a/1000x1000-000000-80-0-0.jpg	Young, Gifted and Black		https://www.deezer.com/track/904814
arthur-conley--sweet-soul-music	track	deezer	https://cdn-images.dzcdn.net/images/cover/ec1f7edf906609c05b977a793436c2d7/1000x1000-000000-80-0-0.jpg	Soul Clan		https://www.deezer.com/track/6630762
bachman-turner-overdrive--heartaches	track	musicbrainz	https://coverartarchive.org/release-group/2985923f-2122-3e46-b85a-7b49786c56e1/front-500	Rock & Roll Nights	1979	https://musicbrainz.org/release/829bae50-e35c-4432-83c5-35714d0d615a
b-b-king--how-blue-can-you-get	track	deezer	https://cdn-images.dzcdn.net/images/cover/66df5ad59d62ebc6abeaf2ccf3d2fbfb/1000x1000-000000-80-0-0.jpg	The Thrill Is Gone		https://www.deezer.com/track/1500562052
backstreet-boys--i-ll-never-break-your-heart	track	deezer	https://cdn-images.dzcdn.net/images/cover/4b5aee6dcf462365a328d9dd8c97bd4b/1000x1000-000000-80-0-0.jpg	Backstreet Boys	1996	https://www.deezer.com/track/4274198
b-j-thomas--hooked-on-a-feeling	track	deezer	https://cdn-images.dzcdn.net/images/cover/29b3a5e57921ca2e39398d99002b38e4/1000x1000-000000-80-0-0.jpg	The Very Best of B.J. Thomas		https://www.deezer.com/track/12710074
bach-johann-sebastian--prelude-in-c-major	track	deezer	https://cdn-images.dzcdn.net/images/cover/0b47599d1f69ceb91dc4aabf2b3efd22/1000x1000-000000-80-0-0.jpg	Prelude in C Major, BWV 846		https://www.deezer.com/track/3352546381
backstreet-boys--all-i-have-to-give	track	deezer-album	https://cdn-images.dzcdn.net/images/cover/4f5bf0b5232ddc0f8453c3014c83a592/1000x1000-000000-80-0-0.jpg	Backstreet's Back (European Version)	1997	https://www.deezer.com/album/1442196
bachman-turner-overdrive--roll-on-down-the-highway	track	deezer-album	https://cdn-images.dzcdn.net/images/cover/6cefdc795fa3f38078900eabc5db956c/1000x1000-000000-80-0-0.jpg	Not Fragile		https://www.deezer.com/album/240881
badfinger--maybe-tomorrow	track	deezer-album	https://cdn-images.dzcdn.net/images/cover/6713d47808612bfb98cfa877839e08f6/1000x1000-000000-80-0-0.jpg	Magic Christian Music (Remastered 2010 / Deluxe Edition)		https://www.deezer.com/album/678053
bananarama--a-trick-of-the-night	track	deezer	https://cdn-images.dzcdn.net/images/cover/a23e6918f8ba83471f8a70f512f38263/1000x1000-000000-80-0-0.jpg	True Confessions (Collector's Edition)	1986	https://www.deezer.com/track/420143292
barbara-lewis--hello-stranger	track	deezer	https://cdn-images.dzcdn.net/images/cover/3bf8238adb66bd39a553fc9bca4f5550/1000x1000-000000-80-0-0.jpg	Hello Stranger		https://www.deezer.com/track/733881
backstreet-boys--the-one	track	deezer	https://cdn-images.dzcdn.net/images/cover/d61eaad8f321ea876a5f5c7219aae892/1000x1000-000000-80-0-0.jpg	Millennium	1999	https://www.deezer.com/track/13141203
barbra-streisand--people	track	deezer	https://cdn-images.dzcdn.net/images/cover/5b76963df4f1ba42a300afaffe65d8ce/1000x1000-000000-80-0-0.jpg	Partners (Deluxe)		https://www.deezer.com/track/84791205
barbra-streisand--funny-girl	track	deezer	https://cdn-images.dzcdn.net/images/cover/3f02a83531296cf66a563a399164d05d/1000x1000-000000-80-0-0.jpg	Funny Girl - Original Soundtrack Recording		https://www.deezer.com/track/851318
battisti--balla-linda	track	deezer	https://cdn-images.dzcdn.net/images/cover/5e5a99492f6e7fdf22a4a4ebbb38440f/1000x1000-000000-80-0-0.jpg	Lucio Battisti		https://www.deezer.com/track/764285972
bad-company--rock-n-roll-fantasy	track	deezer-album	https://cdn-images.dzcdn.net/images/cover/59210df5e75083ecfee22b79712a40b9/1000x1000-000000-80-0-0.jpg	10 from 6 (2009 Remaster)		https://www.deezer.com/album/356028
battisti--io-vorrei-non-vorrei-ma-se-vuoi	track	deezer	https://cdn-images.dzcdn.net/images/cover/0353a3ecd40bec26da8050334f62b560/1000x1000-000000-80-0-0.jpg	Il mio canto libero	1999	https://www.deezer.com/track/764304902
barbra-streisand--the-way-we-were	track	deezer	https://cdn-images.dzcdn.net/images/cover/5b76963df4f1ba42a300afaffe65d8ce/1000x1000-000000-80-0-0.jpg	Partners (Deluxe)		https://www.deezer.com/track/84791215
barry-manilow--copacabana	track	deezer	https://cdn-images.dzcdn.net/images/cover/ba05c4de1fa1f6dfad0f7ba03033d86f/1000x1000-000000-80-0-0.jpg	Especial	1985	https://www.deezer.com/track/480753312
battisti--un-avventura	track	deezer	https://cdn-images.dzcdn.net/images/cover/5e5a99492f6e7fdf22a4a4ebbb38440f/1000x1000-000000-80-0-0.jpg	Lucio Battisti		https://www.deezer.com/track/764285912
beastie-boys--brass-monkey	track	deezer	https://cdn-images.dzcdn.net/images/cover/aa589618a8503edacfa8e341b1ef485c/1000x1000-000000-80-0-0.jpg	Licensed To Ill	1986	https://www.deezer.com/track/1085502
battisti--una-donna-per-amico	track	deezer	https://cdn-images.dzcdn.net/images/cover/e5dc350b10188bb7f09fa7ba5c84c4c3/1000x1000-000000-80-0-0.jpg	Una donna per amico		https://www.deezer.com/track/764230622
barry-manilow--i-write-the-songs	track	deezer	https://cdn-images.dzcdn.net/images/cover/6dfaddff94346cb180f929cf4229e8ba/1000x1000-000000-80-0-0.jpg	The Greatest Songs Of The Seventies		https://www.deezer.com/track/13166816
bay-city-rollers--saturday-night	track	deezer	https://cdn-images.dzcdn.net/images/cover/b2a2e9eb7744d24dbce89c61cb00d03c/1000x1000-000000-80-0-0.jpg	Rollin'		https://www.deezer.com/track/559346
ben-e-king--amor	track	deezer	https://cdn-images.dzcdn.net/images/cover/c5493a885d3c463765582be2a0455fcf/1000x1000-000000-80-0-0.jpg	Spanish Harlem		https://www.deezer.com/track/669887
bee-gees--i-started-a-joke	track	deezer	https://cdn-images.dzcdn.net/images/cover/5883d12ed7e1c6b50ea57437e501dc0b/1000x1000-000000-80-0-0.jpg	Idea		https://www.deezer.com/track/7523851
berry-chuck--johnny-b-goode	track	deezer	https://cdn-images.dzcdn.net/images/cover/eefa31f08fa80445a1e3a592b86e459a/1000x1000-000000-80-0-0.jpg	Chuck Berry		https://www.deezer.com/track/2689636
bee-gees--night-fever	track	deezer-album	https://cdn-images.dzcdn.net/images/cover/bf01af7ad334cfc592572ed2be9c3d72/1000x1000-000000-80-0-0.jpg	How Can You Mend A Broken Heart		https://www.deezer.com/album/186284652
bertha-tillman--oh-my-angel	track	deezer	https://cdn-images.dzcdn.net/images/cover/5cf8c9d5ebbb49d3d180ed40af0f5dbf/1000x1000-000000-80-0-0.jpg	Presenting Bertha Tillman	1962	https://www.deezer.com/track/1757478317
bee-gees--nights-on-broadway	track	deezer-album	https://cdn-images.dzcdn.net/images/cover/1d79b801fd87ba985c309958ac1db89e/1000x1000-000000-80-0-0.jpg	Main Course		https://www.deezer.com/album/675014
bette-midler--from-a-distance	track	deezer	https://cdn-images.dzcdn.net/images/cover/4d16114ff2e65e4453ec67d8f3a9f60b/1000x1000-000000-80-0-0.jpg	The Best Bette		https://www.deezer.com/track/4736207
bill-haley--rock-around-the-clock	track	deezer	https://cdn-images.dzcdn.net/images/cover/d94f88511d6d7aee9c9d6232c6ed8dd9/1000x1000-000000-80-0-0.jpg	Rock Around the Clock ('60s Mix)		https://www.deezer.com/track/439117462
billy-joel--it-s-still-rock-and-roll-to-me	track	deezer	https://cdn-images.dzcdn.net/images/cover/b72fd94c459d4bbc7f0a91d0223fb8af/1000x1000-000000-80-0-0.jpg	Glass Houses	1980	https://www.deezer.com/track/625836
billy-squier--don-t-say-you-love-me	track	deezer	https://cdn-images.dzcdn.net/images/cover/c4e82cdc8867dc5925d96c805d39407f/1000x1000-000000-80-0-0.jpg	Hear And Now		https://www.deezer.com/track/6854049
billy-idol--flesh-for-fantasy	track	deezer	https://cdn-images.dzcdn.net/images/cover/eb0d342c982a77d5e1c106112dcd01c1/1000x1000-000000-80-0-0.jpg	Rebel Yell		https://www.deezer.com/track/353398341
billy-squier--my-kinda-lover	track	deezer	https://cdn-images.dzcdn.net/images/cover/a615fa6eb550be1d8dbb2efb9d453529/1000x1000-000000-80-0-0.jpg	Don't Say No (Remastered 2010)		https://www.deezer.com/track/6494531
billy-squier--the-stroke	track	deezer	https://cdn-images.dzcdn.net/images/cover/a615fa6eb550be1d8dbb2efb9d453529/1000x1000-000000-80-0-0.jpg	Don't Say No (Remastered 2010)		https://www.deezer.com/track/6494530
billy-joel--tell-her-about-it	track	deezer-album	https://cdn-images.dzcdn.net/images/cover/fa5a6fc95f4adfb8784dcd719422c26e/1000x1000-000000-80-0-0.jpg	An Innocent Man	1983	https://www.deezer.com/album/112665
billy-preston--with-you-i-m-born-again	track	deezer	https://cdn-images.dzcdn.net/images/cover/20ead3d4002d779fed8028124e35c66b/1000x1000-000000-80-0-0.jpg	Ultimate Collection: Billy Preston		https://www.deezer.com/track/7292582
bing-crosby--silent-night	track	deezer	https://cdn-images.dzcdn.net/images/cover/cb950d8bddcc4145a037465a2d116cd1/1000x1000-000000-80-0-0.jpg	40 Hits of Bing Crosby		https://www.deezer.com/track/2197933387
billy-joel--the-stranger	track	deezer-album	https://cdn-images.dzcdn.net/images/cover/862451997b99c0698257cd1205271938/1000x1000-000000-80-0-0.jpg	The Stranger	1988	https://www.deezer.com/album/231352
blondie--island-of-lost-souls	track	deezer	https://cdn-images.dzcdn.net/images/cover/263ae4a10301cc47450d5492497d6022/1000x1000-000000-80-0-0.jpg	The Hunter		https://www.deezer.com/track/3400977
bing-crosby--white-christmas	track	deezer	https://cdn-images.dzcdn.net/images/cover/86aca31c9525ac1888e89e16969d344c/1000x1000-000000-80-0-0.jpg	Bing At Christmas		https://www.deezer.com/track/810578422
blondie--one-way-or-another	track	deezer	https://cdn-images.dzcdn.net/images/cover/9a11554bc8913e62f3484e3a8ac1d0ee/1000x1000-000000-80-0-0.jpg	Parallel Lines (Remastered)		https://www.deezer.com/track/3100596
blue-cheer--summertime-blues	track	deezer	https://cdn-images.dzcdn.net/images/cover/8dc8d4224de23aabb72b6ea1f972b266/1000x1000-000000-80-0-0.jpg	Vincebus Eruptum		https://www.deezer.com/track/2114431
biz-markie--just-a-friend	track	deezer	https://cdn-images.dzcdn.net/images/cover/59d14483d167ceb8465cb1ef1ccad0d0/1000x1000-000000-80-0-0.jpg	Biz's Baddest Beats: The Best of Biz Markie		https://www.deezer.com/track/6627454
bob-seger--american-storm	track	deezer	https://cdn-images.dzcdn.net/images/cover/22229019afca5d1f7d6c939e11b0e4d5/1000x1000-000000-80-0-0.jpg	Like A Rock		https://www.deezer.com/track/4127683791
bob-seger--even-now	track	deezer	https://cdn-images.dzcdn.net/images/cover/5bcc2174fdfb41e49e75eaad57e5d99c/1000x1000-000000-80-0-0.jpg	The Distance		https://www.deezer.com/track/4136793601
bob-dylan--gotta-serve-somebody	track	deezer	https://cdn-images.dzcdn.net/images/cover/6d39a2431943ce05d3c18c3428540d1e/1000x1000-000000-80-0-0.jpg	Slow Train Coming		https://www.deezer.com/track/70411771
bo-diddley--you-can-t-judge-a-book-by-the-cover	track	deezer	https://cdn-images.dzcdn.net/images/cover/555990616ccdce17e85884734d375c78/1000x1000-000000-80-0-0.jpg	Story of Bo Diddley		https://www.deezer.com/track/132304342
bob-seger--tryin-to-live-my-life-without-you	track	deezer	https://cdn-images.dzcdn.net/images/cover/99b2376b4a577ae985d41ff4b9d10af8/1000x1000-000000-80-0-0.jpg	Nine Tonight (Live/Remastered)		https://www.deezer.com/track/639379612
bobby-womack--sweet-caroline	track	deezer	https://cdn-images.dzcdn.net/images/cover/67163133b3352efb3ecc02009a16199b/1000x1000-000000-80-0-0.jpg	Understanding		https://www.deezer.com/track/41376391
bobbi-martin--i-love-you-so	track	deezer	https://cdn-images.dzcdn.net/images/cover/0235bb7a0cca71d95d7c491175c6608d/1000x1000-000000-80-0-0.jpg	The Very Best Of		https://www.deezer.com/track/10083319
bobby-darin--if-i-were-a-carpenter	track	deezer	https://cdn-images.dzcdn.net/images/cover/675a1981447e89df0baab2551f68fc54/1000x1000-000000-80-0-0.jpg	If I Were a Carpenter		https://www.deezer.com/track/10753166
bob-seger--like-a-rock	track	deezer	https://cdn-images.dzcdn.net/images/cover/236c4ee490c9b77e4fefb8c8e776b87b/1000x1000-000000-80-0-0.jpg	Greatest Hits (Deluxe)		https://www.deezer.com/track/1445506792
bob-seger--rock-and-roll-never-forgets	track	deezer	https://cdn-images.dzcdn.net/images/cover/8f3bcdad4ff1f0e324a75d75336dc610/1000x1000-000000-80-0-0.jpg	Night Moves		https://www.deezer.com/track/4127701871
bobbie-gentry--ode-to-billie-joe	track	deezer-album	https://cdn-images.dzcdn.net/images/cover/2e33d54c83b3cb1e3511563e06f0dc5c/1000x1000-000000-80-0-0.jpg	Ode To Billie Joe		https://www.deezer.com/album/323212
bobby-womack--that-s-the-way-i-feel-about-cha	track	deezer-album	https://cdn-images.dzcdn.net/images/cover/25f91d16bf072ea26f07af3b467b4a80/1000x1000-000000-80-0-0.jpg	Midnight Mover: The Bobby Womack Story		https://www.deezer.com/album/301803
bon-jovi--keep-the-faith	track	deezer	https://cdn-images.dzcdn.net/images/cover/4a2821c5cfa61955ddd982c15cc21882/1000x1000-000000-80-0-0.jpg	Keep The Faith	1998	https://www.deezer.com/track/74628107
bonnie-pointer--heaven-must-have-sent-you	track	deezer	https://cdn-images.dzcdn.net/images/cover/c8518f1e36fe47dc1422915c595c50a0/1000x1000-000000-80-0-0.jpg	Women Of Motown		https://www.deezer.com/track/646746942
bonnie-raitt--nick-of-time	track	deezer	https://cdn-images.dzcdn.net/images/cover/6bcba215d486ece045ef5e16583cdc97/1000x1000-000000-80-0-0.jpg	Nick Of Time	1989	https://www.deezer.com/track/3402688
bonnie-tyler--it-s-a-heartache	track	deezer	https://cdn-images.dzcdn.net/images/cover/77ff6aa7128be501fd2454896a6d153a/1000x1000-000000-80-0-0.jpg	Bonnie		https://www.deezer.com/track/417415642
bonnie-tyler--total-eclipse-of-my-heart	track	deezer	https://cdn-images.dzcdn.net/images/cover/a1a60473e51bb722cb8b2de751b3808d/1000x1000-000000-80-0-0.jpg	Faster Than the Speed of Night	1983	https://www.deezer.com/track/911445762
bon-jovi--bad-medicine	track	deezer-album	https://cdn-images.dzcdn.net/images/cover/ac17b11a9a3dff3f13afb6816894b2e2/1000x1000-000000-80-0-0.jpg	New Jersey	1999	https://www.deezer.com/album/7928636
boston--feelin-satisfied	track	deezer	https://cdn-images.dzcdn.net/images/cover/f02ec4a1976bc01a6ee099a7c157168b/1000x1000-000000-80-0-0.jpg	Don't Look Back	1978	https://www.deezer.com/track/15189263
boston--foreplay-long-time	track	deezer	https://cdn-images.dzcdn.net/images/cover/7e09ecb0a9944d65cc3902d60c0677f6/1000x1000-000000-80-0-0.jpg	Boston	1999	https://www.deezer.com/track/84340029
bowie-david--cat-people	track	deezer	https://cdn-images.dzcdn.net/images/cover/275e511bf1e85a8a6c170c2c9dc55a7a/1000x1000-000000-80-0-0.jpg	Let's Dance (2018 Remaster)	1983	https://www.deezer.com/track/730342642
boyzone--love-me-for-a-reason	track	deezer-album	https://cdn-images.dzcdn.net/images/cover/d46778ffdd5a0d5f5100fad42c590f9c/1000x1000-000000-80-0-0.jpg	Said And Done	1995	https://www.deezer.com/album/241683
bread--guitar-man	track	deezer-album	https://cdn-images.dzcdn.net/images/cover/baeeb415a8895025c55d17299023b0f3/1000x1000-000000-80-0-0.jpg	Guitar Man	1972	https://www.deezer.com/album/425525
brenda-lee--all-alone-am-i	track	deezer	https://cdn-images.dzcdn.net/images/cover/e1d753228f568b87c5eb99b41d1bc8ed/1000x1000-000000-80-0-0.jpg	All Alone Am I		https://www.deezer.com/track/456929092
bread--diary	track	deezer-album	https://cdn-images.dzcdn.net/images/cover/90aa9df6f500e81081981b345900aad0/1000x1000-000000-80-0-0.jpg	Baby I'm-a Want You	1972	https://www.deezer.com/album/97308
eagles--hotel-california	none	placeholder				
boyz-ii-men--motownphilly	track	deezer-album	https://cdn-images.dzcdn.net/images/cover/36aa9d3b8885b826289e5834049cdd03/1000x1000-000000-80-0-0.jpg	Cooleyhighharmony (Bonus Tracks Version)	1993	https://www.deezer.com/album/13622680
brenda-lee--as-usual	track	deezer	https://cdn-images.dzcdn.net/images/cover/204164751a7dabddb3572612024fc8a9/1000x1000-000000-80-0-0.jpg	Amazing Brenda		https://www.deezer.com/track/887932782
brenda-lee--coming-on-strong	track	deezer	https://cdn-images.dzcdn.net/images/cover/568abcae3ff14cd0eeb6b7ca9d94f4c9/1000x1000-000000-80-0-0.jpg	Coming On Strong		https://www.deezer.com/track/13817793
backstreet-boys--i-want-it-that-way	artist	deezer-artist	https://cdn-images.dzcdn.net/images/artist/6560429ca706ad5114e1167b49bafe9a/1000x1000-000000-80-0-0.jpg			https://www.deezer.com/artist/330
ac-dc--back-in-black	none	placeholder				
nirvana--come-as-you-are	track	itunes	https://is1-ssl.mzstatic.com/image/thumb/Music115/v4/95/fd/b9/95fdb9b2-6d2b-92a6-97f2-51c1a6d77f1a/00602527874609.rgb.jpg/600x600cc.jpg	Nevermind	1991	https://music.apple.com/us/album/come-as-you-are/1440783617?i=1440783636&uo=4
brenda-lee--dum-dum	track	deezer	https://cdn-images.dzcdn.net/images/cover/0c538e757c63938c4bb31909af3796ca/1000x1000-000000-80-0-0.jpg	Ultimate Star Collection		https://www.deezer.com/track/932132562
brenda-lee--everybody-loves-me-but-you	track	deezer	https://cdn-images.dzcdn.net/images/cover/5f73c7c230af7cf27def6f5e5a2b5e43/1000x1000-000000-80-0-0.jpg	This is Brenda Lee		https://www.deezer.com/track/570965172
brenda-lee--heart-in-hand	track	deezer	https://cdn-images.dzcdn.net/images/cover/30952acc18ad4b05ae32117f176d4968/1000x1000-000000-80-0-0.jpg	All Alone Am I		https://www.deezer.com/track/1018340442
brenda-lee--losing-you	track	deezer	https://cdn-images.dzcdn.net/images/cover/631f1cbaff196978254296d42a1a2de5/1000x1000-000000-80-0-0.jpg	Let Me Sing		https://www.deezer.com/track/119812098
britney-spears--sometimes	track	deezer	https://cdn-images.dzcdn.net/images/cover/f685d32254a59b6162be0d1082ff8805/1000x1000-000000-80-0-0.jpg	...Baby One More Time (Digital Deluxe Version)	1999	https://www.deezer.com/track/540177
brenda-lee--sweet-nothin-s	track	deezer	https://cdn-images.dzcdn.net/images/cover/48f749baa43dd7fa76276fccdb4a1bd7/1000x1000-000000-80-0-0.jpg	I'm sorry		https://www.deezer.com/track/11973525
britney-spears--lucky	track	deezer	https://cdn-images.dzcdn.net/images/cover/2ee378abaa92e28306850b4b0efe2f03/1000x1000-000000-80-0-0.jpg	Oops!... I Did It Again		https://www.deezer.com/track/13142668
brenda-lee--too-many-rivers	track	deezer	https://cdn-images.dzcdn.net/images/cover/43c9069eafeecefd2a33e618bc4be0f3/1000x1000-000000-80-0-0.jpg	Too Many Rivers		https://www.deezer.com/track/4037409531
brother-jack-mcduff--theme-from-electric-surfboard	track	deezer	https://cdn-images.dzcdn.net/images/cover/9421240d0a82ce0b416d8cff66c3f200/1000x1000-000000-80-0-0.jpg	Down Home Style		https://www.deezer.com/track/3405514
brooks-dunn--she-s-not-the-cheatin-kind	track	deezer	https://cdn-images.dzcdn.net/images/cover/9230ceba4881c25578fb1b6298051ee5/1000x1000-000000-80-0-0.jpg	Reboot II		https://www.deezer.com/track/3081029101
bruce-hornsby--another-day	track	deezer	https://cdn-images.dzcdn.net/images/cover/67ae1aa2dc56302511086a18f26d09cf/1000x1000-000000-80-0-0.jpg	Night On The Town	1990	https://www.deezer.com/track/13198448
brooks-garth--if-tomorrow-never-comes	track	deezer	https://cdn-images.dzcdn.net/images/cover/1f7064bb3a50b8610913e43e23a96d59/1000x1000-000000-80-0-0.jpg	Have Guitar--Will Travel		https://www.deezer.com/track/9200854
bruce-springsteen--born-in-the-u-s-a	track	deezer	https://cdn-images.dzcdn.net/images/cover/106f651bf559796879b90e83c50b3e96/1000x1000-000000-80-0-0.jpg	Born In The U.S.A.	1984	https://www.deezer.com/track/15586213
brooks-garth--friends-in-low-places	track	musicbrainz	https://coverartarchive.org/release-group/d4377787-0d92-3902-997a-feb75f4dee2d/front-500	No Fences (Australian)		https://musicbrainz.org/release/47f27cb4-3d5f-4cb8-814f-318d7a9e57b2
bruce-springsteen--human-touch	track	deezer	https://cdn-images.dzcdn.net/images/cover/59d6f2996afa474ec24d94202266383b/1000x1000-000000-80-0-0.jpg	Human Touch	1992	https://www.deezer.com/track/15177493
brooks-garth--the-thunder-rolls	track	musicbrainz	https://coverartarchive.org/release-group/d4377787-0d92-3902-997a-feb75f4dee2d/front-500	No Fences (Australian)		https://musicbrainz.org/release/47f27cb4-3d5f-4cb8-814f-318d7a9e57b2
bruce-springsteen--i-m-on-fire	track	deezer	https://cdn-images.dzcdn.net/images/cover/106f651bf559796879b90e83c50b3e96/1000x1000-000000-80-0-0.jpg	Born In The U.S.A.	1984	https://www.deezer.com/track/15586369
bryan-adams--thought-i-d-died-and-gone-to-heaven	track	deezer	https://cdn-images.dzcdn.net/images/cover/d7d28861a72ecb30a7676ec38db05907/1000x1000-000000-80-0-0.jpg	Waking Up The Neighbours	1991	https://www.deezer.com/track/1182151
bruce-springsteen--i-m-goin-down	artist	deezer-artist	https://cdn-images.dzcdn.net/images/artist/7003fc8e2a26471a8bf000b10eff8698/1000x1000-000000-80-0-0.jpg			
buck-owens--i-ve-got-a-tiger-by-the-tail	track	deezer	https://cdn-images.dzcdn.net/images/cover/ae3f83ae2fd654778e983917f2180b21/1000x1000-000000-80-0-0.jpg	Act Naturally, Vol. 3		https://www.deezer.com/track/67550731
buck-owens--think-of-me	track	deezer	https://cdn-images.dzcdn.net/images/cover/e6839b42e2d9ca3e98ec1b2ff208b5f4/1000x1000-000000-80-0-0.jpg	Number 1's - Buck Owens		https://www.deezer.com/track/10043077
camaleonti--l-ora-dell-amore	track	deezer	https://cdn-images.dzcdn.net/images/cover/726fb542780b1270872228a72161da5b/1000x1000-000000-80-0-0.jpg	5O anni di applausi		https://www.deezer.com/track/124373286
canned-heat--let-s-work-together	track	deezer	https://cdn-images.dzcdn.net/images/cover/f6aeb899b38c6d257ca8ca6d05013b7c/1000x1000-000000-80-0-0.jpg	Friends In The Can		https://www.deezer.com/track/1425457
buddy-holly--peggy-sue	track	deezer-album	https://cdn-images.dzcdn.net/images/cover/7fe011ea7412f1827b46730dbd04f34a/1000x1000-000000-80-0-0.jpg	Buddy Holly	1999	https://www.deezer.com/album/72057772
c-c-music-factory--gonna-make-you-swat	track	deezer	https://cdn-images.dzcdn.net/images/cover/e706cc2268f59e8555a82c6a0dc999e2/1000x1000-000000-80-0-0.jpg	Gonna Make You Sweat	1990	https://www.deezer.com/track/1065728
carl-carlton--everlasting-love	track	deezer	https://cdn-images.dzcdn.net/images/cover/ca0daf6d29a984713c10808d689f2ff0/1000x1000-000000-80-0-0.jpg	Everlasting: The Best Of Carl Carlton		https://www.deezer.com/track/87676835
carpenters--this-masquerade	track	deezer-album	https://cdn-images.dzcdn.net/images/cover/f7b19e08b13c7f33914182a160c63927/1000x1000-000000-80-0-0.jpg	Now & Then (Reissue)	1973	https://www.deezer.com/album/72067332
celine-dion--tell-him	track	deezer	https://cdn-images.dzcdn.net/images/cover/b810b7358cb35074892f6382ffa91732/1000x1000-000000-80-0-0.jpg	Let's Talk About Love	1997	https://www.deezer.com/track/763540192
carpenters--yesterday-once-more	track	deezer	https://cdn-images.dzcdn.net/images/cover/f7b19e08b13c7f33914182a160c63927/1000x1000-000000-80-0-0.jpg	Now & Then (Reissue)	1973	https://www.deezer.com/track/548717062
celentano--svalutation	track	deezer-album	https://cdn-images.dzcdn.net/images/cover/0f70b99dfedc55b9bbd4aecdf3483ddb/1000x1000-000000-80-0-0.jpg	Svalutation	1976	https://www.deezer.com/album/948172661
charlie-rich--a-very-special-love-song	track	deezer	https://cdn-images.dzcdn.net/images/cover/c584927dab75ec15da276074df4f8509/1000x1000-000000-80-0-0.jpg	Charlie Rich - 16 Biggest Hits		https://www.deezer.com/track/848822
celentano--il-tuo-bacio-e-come-un-rock	track	deezer	https://cdn-images.dzcdn.net/images/cover/45509a7bb99f5d3f339bf151d0e646f3/1000x1000-000000-80-0-0.jpg	Celentano Hit Parade (Le Volte Che Adriano È Stato Primo)		https://www.deezer.com/track/3106613171
celentano--preghero	track	deezer	https://cdn-images.dzcdn.net/images/cover/60430d0214b0b164c402ba0b5c9f007f/1000x1000-000000-80-0-0.jpg	Adriano Celentano 50 Super Successi (Anni 60)		https://www.deezer.com/track/103809182
champs--tequila	track	deezer	https://cdn-images.dzcdn.net/images/cover/b83b52896d81ad97f0ca42cbc734d083/1000x1000-000000-80-0-0.jpg	Tequila		https://www.deezer.com/track/123042168
celentano--azzurro	track	deezer	https://cdn-images.dzcdn.net/images/cover/fac2870949cb373e8d653510b7d57d2d/1000x1000-000000-80-0-0.jpg	Preghero (Remastered)		https://www.deezer.com/track/91547092
cheap-trick--stop-this-game	track	deezer	https://cdn-images.dzcdn.net/images/cover/3f75639cb2082a066765c4311d098110/1000x1000-000000-80-0-0.jpg	All Shook Up	1980	https://www.deezer.com/track/104760820
charlie-rich--lonely-weekends	track	deezer	https://cdn-images.dzcdn.net/images/cover/9b4b9a81caa76dfd72b6b1114555690e/1000x1000-000000-80-0-0.jpg	The Many New Sides Of Charlie Rich		https://www.deezer.com/track/2174226107
outkast--hey-ya	track	itunes	https://is1-ssl.mzstatic.com/image/thumb/Music221/v4/71/ae/6a/71ae6a46-99a6-e9d8-d7f3-41c0f2df45c4/196872579123.jpg/600x600cc.jpg	Speakerboxxx/The Love Below	2003	https://music.apple.com/us/album/hey-ya/1774798661?i=1774799818&uo=4
cheap-trick--surrender	track	deezer	https://cdn-images.dzcdn.net/images/cover/f8ace7476199eb55aa534461fe1b3681/1000x1000-000000-80-0-0.jpg	Heaven Tonight		https://www.deezer.com/track/13165306
chicago--another-rainy-day-in-new-york-city	track	deezer	https://cdn-images.dzcdn.net/images/cover/299a74997ce86aa202561767ec3ed13c/1000x1000-000000-80-0-0.jpg	Chicago X		https://www.deezer.com/track/3667425
chicago--alive-again	track	deezer	https://cdn-images.dzcdn.net/images/cover/1318c7031913ace56e4fbdb665da6b8d/1000x1000-000000-80-0-0.jpg	Hot Streets (Expanded & Remastered)		https://www.deezer.com/track/3667433
chicago--along-comes-a-woman	track	deezer	https://cdn-images.dzcdn.net/images/cover/1b5defe99c0b4fbcec4edf5ed2316333/1000x1000-000000-80-0-0.jpg	Chicago 17 (Expanded & Remastered)		https://www.deezer.com/track/674279
billie-eilish--everything-i-wanted	track	itunes	https://is1-ssl.mzstatic.com/image/thumb/Music115/v4/c5/6c/b1/c56cb16a-52c3-33b5-5189-6c65028001fb/19UM1IM00404.rgb.jpg/600x600cc.jpg	everything i wanted - Single	2019	https://music.apple.com/us/album/everything-i-wanted/1487502456?i=1487502476&uo=4
chico-debarge--talk-to-me	track	deezer	https://cdn-images.dzcdn.net/images/cover/a867875ceee20e477d45e907faf42295/1000x1000-000000-80-0-0.jpg	The Ultimate Collection		https://www.deezer.com/track/548744302
cher--just-like-jesse-james	track	deezer-album	https://cdn-images.dzcdn.net/images/cover/8ea4c26bc7651873156dbab66a84c7ec/1000x1000-000000-80-0-0.jpg	Heart Of Stone	1989	https://www.deezer.com/album/229915
chicago--old-days	track	deezer	https://cdn-images.dzcdn.net/images/cover/9fb83435f0d9bfee9397100320c59cfc/1000x1000-000000-80-0-0.jpg	The Very Best of Chicago: Only the Beginning		https://www.deezer.com/track/3616307
chris-kenner--land-of-1000-dances	track	deezer	https://cdn-images.dzcdn.net/images/cover/079187dbfdc84348a317838ad9582afb/1000x1000-000000-80-0-0.jpg	Land of 1000 Dances		https://www.deezer.com/track/97365944
chris-rea--josephine	track	deezer	https://cdn-images.dzcdn.net/images/cover/ebca5b14f7186d3cc7463c2e834cb7e3/1000x1000-000000-80-0-0.jpg	Shamrock Diaries	1985	https://www.deezer.com/track/661421
chris-montez--let-s-dance	track	deezer	https://cdn-images.dzcdn.net/images/cover/0c6318033dcc43a9aea15cef5d41894b/1000x1000-000000-80-0-0.jpg	Let's Dance		https://www.deezer.com/track/69827325
christopher-cross--arthur-s-theme	track	deezer	https://cdn-images.dzcdn.net/images/cover/fad71d3f929454391385b7b962bbc945/1000x1000-000000-80-0-0.jpg	Arthur - The Album [Original Soundtrack]		https://www.deezer.com/track/3872734
chubby-checker--the-twist	track	deezer	https://cdn-images.dzcdn.net/images/cover/b2bc48aaded398362e4d667cb4488ad7/1000x1000-000000-80-0-0.jpg	Chubby Checker Classics	1962	https://www.deezer.com/track/64638140
chuck-berry--reelin-rockin	track	deezer	https://cdn-images.dzcdn.net/images/cover/ea8c41b08e8641325ec6b1e32f25ece6/1000x1000-000000-80-0-0.jpg	One Dozen Berry's		https://www.deezer.com/track/538699812
chuck-berry--sweet-little-rock-and-roll	track	deezer	https://cdn-images.dzcdn.net/images/cover/ed15c9a86ad3bd74cf6873107ba6163d/1000x1000-000000-80-0-0.jpg	Chuck Berry Top Ten		https://www.deezer.com/track/10199640
clarence-carter--patches	track	deezer	https://cdn-images.dzcdn.net/images/cover/092cff6e14050b94bc0d23176b30665f/1000x1000-000000-80-0-0.jpg	Patches		https://www.deezer.com/track/748762
chuck-berry--almost-grown	track	deezer	https://cdn-images.dzcdn.net/images/cover/dd8f85b4b06b3e1027f1d4ee79d59d51/1000x1000-000000-80-0-0.jpg	Berry Is On Top		https://www.deezer.com/track/540188812
clarence-carter--too-weak-to-fight	track	deezer	https://cdn-images.dzcdn.net/images/cover/0e2f7c523ee185be054fcb0c7e9db19a/1000x1000-000000-80-0-0.jpg	The Dynamic Clarence Carter		https://www.deezer.com/track/747183
cocciante--se-stiamo-insieme	track	deezer	https://cdn-images.dzcdn.net/images/cover/f060a3111e5aff388cbccf5ade7c68b4/1000x1000-000000-80-0-0.jpg	Cocciante (1991)	1991	https://www.deezer.com/track/3875874271
cliff-richard--carrie	track	deezer	https://cdn-images.dzcdn.net/images/cover/ebbcb05705e273e853c99e8e0400aaba/1000x1000-000000-80-0-0.jpg	Cliff with Strings - My Kinda Life		https://www.deezer.com/track/2500712131
cliff-richard--living-doll	track	deezer	https://cdn-images.dzcdn.net/images/cover/f1fc4bafab67217f681f71a26135c286/1000x1000-000000-80-0-0.jpg	Reunited		https://www.deezer.com/track/4224024
collins-phil--something-happened-on-the-way-to-heaven	track	deezer	https://cdn-images.dzcdn.net/images/cover/49fc8e95b072b484a6c9b3d4500d7709/1000x1000-000000-80-0-0.jpg	...But Seriously (2016 Remaster)	1989	https://www.deezer.com/track/126371729
color-me-badd--i-adore-mi-amor	track	deezer	https://cdn-images.dzcdn.net/images/cover/c6a712e65a0ad34577553759dd7b4141/1000x1000-000000-80-0-0.jpg	C.M.B.	1991	https://www.deezer.com/track/4089649
corey-hart--in-your-soul	track	musicbrainz	https://coverartarchive.org/release-group/a0b3a5b1-c513-310a-8a30-719c4882f08a/front-500	Young Man Running	1988	https://musicbrainz.org/release/6e18f2a2-55e7-4ced-be08-b842cd98cd61
commodores--still	track	deezer	https://cdn-images.dzcdn.net/images/cover/b9cd304cfed071dfa484824c3a55b993/1000x1000-000000-80-0-0.jpg	Back To Front		https://www.deezer.com/track/2177863
commodores--lady	track	deezer	https://cdn-images.dzcdn.net/images/cover/3c8e66cb596759e815f12848a26c719c/1000x1000-000000-80-0-0.jpg	Gold		https://www.deezer.com/track/918133
collins-phil--do-you-remember	track	deezer-album	https://cdn-images.dzcdn.net/images/cover/49fc8e95b072b484a6c9b3d4500d7709/1000x1000-000000-80-0-0.jpg	...But Seriously (2016 Remaster)	1989	https://www.deezer.com/album/13309489
collins-phil--two-hearts	track	deezer	https://cdn-images.dzcdn.net/images/cover/d74bc3362822f21125e1bc5778e3cd13/1000x1000-000000-80-0-0.jpg	The Singles		https://www.deezer.com/track/134036390
count-basie--going-to-chicago-blues	track	deezer	https://cdn-images.dzcdn.net/images/cover/448605601af1c1e72d9222de7a72f86a/1000x1000-000000-80-0-0.jpg	Shout And Feel It		https://www.deezer.com/track/8016945
creed--higher	track	deezer	https://cdn-images.dzcdn.net/images/cover/7c5e2402a3bcb04b871d503087ef56da/1000x1000-000000-80-0-0.jpg	Human Clay		https://www.deezer.com/track/80274464
creedence-clearwater-revival--born-on-the-bayou	track	deezer	https://cdn-images.dzcdn.net/images/cover/5590af9d88631c0e355f346b3054c1cd/1000x1000-000000-80-0-0.jpg	Cosmo's Factory (Expanded Edition)		https://www.deezer.com/track/112839954
creedence-clearwater-revival--down-on-the-corner	track	deezer	https://cdn-images.dzcdn.net/images/cover/7ada3abad33c88c4cb2354623b4f4700/1000x1000-000000-80-0-0.jpg	Willy And The Poor Boys (Expanded Edition)		https://www.deezer.com/track/96466152
crosby-stills-nash--got-it-made	track	deezer	https://cdn-images.dzcdn.net/images/cover/e6dc854e0cd9a8b767c2db3b55a3cb74/1000x1000-000000-80-0-0.jpg	American Dream	1988	https://www.deezer.com/track/5612086
culture-beat--mr-vain	track	deezer	https://cdn-images.dzcdn.net/images/cover/a652433c79217dc6e885cfa28428f174/1000x1000-000000-80-0-0.jpg	Serenity		https://www.deezer.com/track/29794781
culture-club--i-ll-tumble-4-ya	track	deezer	https://cdn-images.dzcdn.net/images/cover/d0353cb402010796c06deab1936926b7/1000x1000-000000-80-0-0.jpg	Kissing To Be Clever		https://www.deezer.com/track/3427303
danny-the-juniors--at-the-hop	track	deezer	https://cdn-images.dzcdn.net/images/cover/a881f1d51fa534e7235722a65c7c0868/1000x1000-000000-80-0-0.jpg	For Cool Grandkids Everywhere		https://www.deezer.com/track/4952262
daryl-hall-john-oates--kiss-on-my-list	track	deezer	https://cdn-images.dzcdn.net/images/cover/9ff06c491d9ebb7741ddd49ceb273f80/1000x1000-000000-80-0-0.jpg	Voices		https://www.deezer.com/track/545936
creedence-clearwater-revival--hey-tonight	track	deezer-album	https://cdn-images.dzcdn.net/images/cover/2662bc3d67ae7c0b2c737a881683b55e/1000x1000-000000-80-0-0.jpg	Pendulum (Expanded Edition)		https://www.deezer.com/album/8715517
dave-dudley--six-days-on-the-road	track	deezer	https://cdn-images.dzcdn.net/images/cover/165e84e33e1cf6b19271aafb8ca2962c/1000x1000-000000-80-0-0.jpg	Dave Dudley Selected Favorites		https://www.deezer.com/track/1202035
david-bowie--golden-years	track	deezer	https://cdn-images.dzcdn.net/images/cover/947479657e2de8328cd72eb4199784af/1000x1000-000000-80-0-0.jpg	Station to Station (2016 Remaster)	1976	https://www.deezer.com/track/141820093
fleetwood-mac--the-chain	track	itunes	https://is1-ssl.mzstatic.com/image/thumb/Music125/v4/d3/94/13/d39413b7-f646-e6a6-17b6-de58e899ddc2/603497848416.jpg/600x600cc.jpg	Rumours (2001 Remaster)	1977	https://music.apple.com/us/album/the-chain-2001-remaster/1483708628?i=1483708635&uo=4
daryl-hall-john-oates--maneater	track	deezer-album	https://cdn-images.dzcdn.net/images/cover/43017fb510e98468316ea03262503344/1000x1000-000000-80-0-0.jpg	H2O	1982	https://www.deezer.com/album/80189632
david-bowie--modern-love	track	deezer	https://cdn-images.dzcdn.net/images/cover/275e511bf1e85a8a6c170c2c9dc55a7a/1000x1000-000000-80-0-0.jpg	Let's Dance (2018 Remaster)	1983	https://www.deezer.com/track/730342582
daryl-hall-john-oates--rich-girl	track	deezer	https://cdn-images.dzcdn.net/images/cover/027615e1f5101b5aac588d25e14cf996/1000x1000-000000-80-0-0.jpg	Collections		https://www.deezer.com/track/566101
daryl-hall-john-oates--sara-smile	track	deezer-album	https://cdn-images.dzcdn.net/images/cover/f0f9bcf54fb88902659144a48d4a96de/1000x1000-000000-80-0-0.jpg	Daryl Hall & John Oates (The Silver Album)		https://www.deezer.com/album/230268
david-crosby-graham-nash--carry-me	track	deezer	https://cdn-images.dzcdn.net/images/cover/50aa82dde79452d9400f67d85965d04d/1000x1000-000000-80-0-0.jpg	Wind on the Water		https://www.deezer.com/track/959600492
gaye-marvin--ain-t-no-mountain-high-enough	track	itunes	https://is1-ssl.mzstatic.com/image/thumb/Music112/v4/8d/69/0b/8d690bbb-5711-bfe9-7ae3-b0079e16ac19/14UMGIM55268.rgb.jpg/600x600cc.jpg	United	1967	https://music.apple.com/us/album/aint-no-mountain-high-enough/1469575128?i=1469575663&uo=4
eurythmics--sweet-dreams-are-made-of-this	track	deezer	https://cdn-images.dzcdn.net/images/cover/364f0d4ea4b5452b59e6664b9e5480f0/1000x1000-000000-80-0-0.jpg	Sweet Dreams (Are Made Of This)		https://www.deezer.com/track/561836
david-bowie--blue-jean	track	deezer-album	https://cdn-images.dzcdn.net/images/cover/6d9920b698c4a6bac0ef13f862799c5c/1000x1000-000000-80-0-0.jpg	Tonight (2018 Remaster)	1984	https://www.deezer.com/album/107263392
david-ruffin-jimmy-ruffin--stand-by-me	track	deezer	https://cdn-images.dzcdn.net/images/cover/8f164a1b2c479d3ee75b39c7379d6054/1000x1000-000000-80-0-0.jpg	I Am My Brother's Keeper - Expanded Edition		https://www.deezer.com/track/6821811
de-la-soul--me-myself-and-i	track	deezer	https://cdn-images.dzcdn.net/images/cover/f18980396434a8bbc15336aa4c5bf4aa/1000x1000-000000-80-0-0.jpg	3 Feet High and Rising		https://www.deezer.com/track/2048503687
david-bowie--space-oddity	track	deezer	https://cdn-images.dzcdn.net/images/cover/8bd4a046f3d8c8895d9aff00a3b7c2df/1000x1000-000000-80-0-0.jpg	David Bowie (aka Space Oddity) (2015 Remaster)		https://www.deezer.com/track/107465566
depeche-mode--just-can-t-get-enough	track	deezer	https://cdn-images.dzcdn.net/images/cover/fd093c27e0a1291da54968a44e500270/1000x1000-000000-80-0-0.jpg	New Life In The Netherlands		https://www.deezer.com/track/2182193647
dean-martin--everybody-loves-somebody	track	deezer-album	https://cdn-images.dzcdn.net/images/cover/b61b3480fbab53cd2ea8127e6a0423da/1000x1000-000000-80-0-0.jpg	Everybody Loves Somebody		https://www.deezer.com/album/7361932
debarge--time-will-reveal	track	deezer-album	https://cdn-images.dzcdn.net/images/cover/0af26499563d49e14918f67acd3c469b/1000x1000-000000-80-0-0.jpg	In A Special Way		https://www.deezer.com/album/72074172
depeche-mode--photographic	track	deezer	https://cdn-images.dzcdn.net/images/cover/9ec9c75ccce73408e769d18f382669fd/1000x1000-000000-80-0-0.jpg	Speak and Spell (Deluxe)		https://www.deezer.com/track/68511430
whitney-houston--i-wanna-dance-with-somebody	track	itunes	https://is1-ssl.mzstatic.com/image/thumb/Music115/v4/86/b5/25/86b525b1-bff1-4bf6-6112-531251b3d672/dj.hthdmusj.jpg/600x600cc.jpg	Whitney	1987	https://music.apple.com/us/album/i-wanna-dance-with-somebody-who-loves-me/840431884?i=840431935&uo=4
depeche-mode--black-celebration	track	deezer-album	https://cdn-images.dzcdn.net/images/cover/ac00f6338d900524c14fce148b70675b/1000x1000-000000-80-0-0.jpg	Black Celebration		https://www.deezer.com/album/6709147
dean-martin--i-will	track	deezer	https://cdn-images.dzcdn.net/images/cover/cefa16b5d6e144a216e77b178608321d/1000x1000-000000-80-0-0.jpg	The Very Best Of Dean Martin		https://www.deezer.com/track/74356173
bryan-adams--summer-of-69	track	itunes	https://is1-ssl.mzstatic.com/image/thumb/Music126/v4/67/10/6b/67106b63-8edc-ef66-78f2-ad85b275074f/06UMGIM28735.rgb.jpg/600x600cc.jpg	Reckless	1983	https://music.apple.com/us/album/summer-of-69/1676125918?i=1676125928&uo=4
depeche-mode--somebody	track	deezer	https://cdn-images.dzcdn.net/images/cover/612c8e9d35d3e79ea2effa0b62b28688/1000x1000-000000-80-0-0.jpg	Some Great Reward (Deluxe)	1984	https://www.deezer.com/track/68515281
depeche-mode--world-in-my-eyes	track	deezer	https://cdn-images.dzcdn.net/images/cover/2632e326fac7c48c2fbef198f295995a/1000x1000-000000-80-0-0.jpg	Violator (Deluxe)	1990	https://www.deezer.com/track/136331372
digital-underground--the-humpty-dance	track	deezer	https://cdn-images.dzcdn.net/images/cover/ada61efd375946fcf27d83c5d2f4b8fb/1000x1000-000000-80-0-0.jpg	Sex Packets	1990	https://www.deezer.com/track/1584428782
dinah-washington--unforgettable	track	deezer	https://cdn-images.dzcdn.net/images/cover/e7bbd0f2f217aa7db5b714c3fff0d235/1000x1000-000000-80-0-0.jpg	Anthology 1943-1959		https://www.deezer.com/track/5074059
dion--abraham-martin-and-john	track	deezer	https://cdn-images.dzcdn.net/images/cover/06076463103c7be16d43db209cbd97dc/1000x1000-000000-80-0-0.jpg	Dion		https://www.deezer.com/track/75392291
dinah-washington--where-are-you	track	deezer	https://cdn-images.dzcdn.net/images/cover/53be23cd2ce0ff3b0683fb1c8ef8fa2e/1000x1000-000000-80-0-0.jpg	Dinah '62		https://www.deezer.com/track/3357511281
dion--born-to-cry	track	deezer	https://cdn-images.dzcdn.net/images/cover/bdd5aef9966f3088f0fad8346cd71157/1000x1000-000000-80-0-0.jpg	Lovers Who Wander		https://www.deezer.com/track/453625902
dion--love-came-to-me	track	deezer	https://cdn-images.dzcdn.net/images/cover/e7de2e54fa978bd779f66c16bee77354/1000x1000-000000-80-0-0.jpg	New Masters		https://www.deezer.com/track/2442329985
dion--lovers-who-wander	track	deezer	https://cdn-images.dzcdn.net/images/cover/bdd5aef9966f3088f0fad8346cd71157/1000x1000-000000-80-0-0.jpg	Lovers Who Wander		https://www.deezer.com/track/453625822
dion--ruby-baby	track	deezer	https://cdn-images.dzcdn.net/images/cover/4cc294ab5bd8288332b9ce8e6bb50f91/1000x1000-000000-80-0-0.jpg	Ruby Baby	1963	https://www.deezer.com/track/3938346771
dolly-parton--starting-over-again	track	deezer	https://cdn-images.dzcdn.net/images/cover/69263f33606324b81a10d426654381c6/1000x1000-000000-80-0-0.jpg	Dolly Dolly Dolly		https://www.deezer.com/track/567805
dion--this-little-girl	track	deezer	https://cdn-images.dzcdn.net/images/cover/3d643366657f2336bb51cc2ff9eeb8f1/1000x1000-000000-80-0-0.jpg	Donna the Prima Donna	1963	https://www.deezer.com/track/73026971
don-gibson--sea-of-heartbreak	track	deezer	https://cdn-images.dzcdn.net/images/cover/e214929cb41ae55a27256318d87f4512/1000x1000-000000-80-0-0.jpg	My Way		https://www.deezer.com/track/3706723
dion--where-or-when	track	deezer	https://cdn-images.dzcdn.net/images/cover/9d2aa35789c8d65304386b821617f0aa/1000x1000-000000-80-0-0.jpg	The Best Of Dion & The Belmonts		https://www.deezer.com/track/3121410
donna-fargo--superman	track	deezer	https://cdn-images.dzcdn.net/images/cover/bb5a2af562dbe79c10499e8d407c26da/1000x1000-000000-80-0-0.jpg	Country Masters: Funny Face		https://www.deezer.com/track/5608203
dion--runaround-sue	track	deezer	https://cdn-images.dzcdn.net/images/cover/3fff239d35949fd9ca978e2d12415ab2/1000x1000-000000-80-0-0.jpg	Runaround Sue		https://www.deezer.com/track/116783348
dolly-parton--baby-i-m-burnin	track	deezer	https://cdn-images.dzcdn.net/images/cover/2b13f4a4f466c0ffce31662276cdcc66/1000x1000-000000-80-0-0.jpg	The Very Best Of Dolly Parton		https://www.deezer.com/track/989314
dottie-west--a-lesson-in-leavin	track	deezer	https://cdn-images.dzcdn.net/images/cover/ae25925e1a6cdd3fd4b773808e848fae/1000x1000-000000-80-0-0.jpg	Special Delivery		https://www.deezer.com/track/627418052
double-exposure--ten-percent	track	deezer	https://cdn-images.dzcdn.net/images/cover/9239fdc1580efbb5b92215190c67b249/1000x1000-000000-80-0-0.jpg	Grandmaster Flash Presents: Salsoul Jam 2000		https://www.deezer.com/track/3768822212
dr-hook--if-not-you	track	deezer	https://cdn-images.dzcdn.net/images/cover/106778af03f15458dbd5c9a5853821f3/1000x1000-000000-80-0-0.jpg	Dr. Hook - The Best Of		https://www.deezer.com/track/3444591
dr-hook--the-millionaire	track	deezer	https://cdn-images.dzcdn.net/images/cover/dd3e5de3ea0607e95306bbd33551aecd/1000x1000-000000-80-0-0.jpg	Greatest Hits		https://www.deezer.com/track/1265037732
dr-hook--walk-right-in	track	deezer	https://cdn-images.dzcdn.net/images/cover/201875e09e007c1b98ec5b2d5a21710e/1000x1000-000000-80-0-0.jpg	Completely Hooked		https://www.deezer.com/track/3122718
dr-hook--years-from-now	track	deezer	https://cdn-images.dzcdn.net/images/cover/dd3e5de3ea0607e95306bbd33551aecd/1000x1000-000000-80-0-0.jpg	Greatest Hits		https://www.deezer.com/track/1265037892
duran-duran--i-don-t-want-your-love	track	deezer	https://cdn-images.dzcdn.net/images/cover/ad00f223b026a1deab53d1322f026f22/1000x1000-000000-80-0-0.jpg	Big Thing		https://www.deezer.com/track/3444829
duran-duran--a-view-to-a-kill	track	deezer-album	https://cdn-images.dzcdn.net/images/cover/a2f1339390668738be2fa7e2a0a5b8c4/1000x1000-000000-80-0-0.jpg	Decade	1989	https://www.deezer.com/album/303510
duran-duran--ordinary-world	track	deezer	https://cdn-images.dzcdn.net/images/cover/26e42a1a8eee2426482b026471cbc317/1000x1000-000000-80-0-0.jpg	Duran Duran	1993	https://www.deezer.com/track/3166602
duran-duran--all-she-wants-is	track	deezer-album	https://cdn-images.dzcdn.net/images/cover/a2f1339390668738be2fa7e2a0a5b8c4/1000x1000-000000-80-0-0.jpg	Decade	1989	https://www.deezer.com/album/303510
eagles--life-in-the-fast-lane	track	deezer	https://cdn-images.dzcdn.net/images/cover/7a6c7b49cfdaf4ee233f66c3070d2f40/1000x1000-000000-80-0-0.jpg	Hotel California (40th Anniversary Expanded Edition)		https://www.deezer.com/track/426703702
earth-wind-fire--getaway	track	deezer	https://cdn-images.dzcdn.net/images/cover/046d95cc7f555a76f521abe20983cf41/1000x1000-000000-80-0-0.jpg	Spirit		https://www.deezer.com/track/27532361
duran-duran--is-there-something-i-should-know	track	deezer-album	https://cdn-images.dzcdn.net/images/cover/a2f1339390668738be2fa7e2a0a5b8c4/1000x1000-000000-80-0-0.jpg	Decade		https://www.deezer.com/album/303510
earth-wind-fire--let-s-groove	track	deezer	https://cdn-images.dzcdn.net/images/cover/7fb42454a4875274e1e30a5a185a985c/1000x1000-000000-80-0-0.jpg	Raise!	1981	https://www.deezer.com/track/27533911
eddie-holland--jamie	track	deezer	https://cdn-images.dzcdn.net/images/cover/bfcc55c45871786845645cfeffd701ef/1000x1000-000000-80-0-0.jpg	Eddie Holland		https://www.deezer.com/track/558505672
earth-wind-fire--shining-star	track	deezer	https://cdn-images.dzcdn.net/images/cover/dced85766846f9faa3f097f092941f36/1000x1000-000000-80-0-0.jpg	That's The Way Of The World	1975	https://www.deezer.com/track/15636886
eagles--i-cant-tell-you-why	track	deezer-album	https://cdn-images.dzcdn.net/images/cover/31bd7a7b4aa627075d45250e1addbece/1000x1000-000000-80-0-0.jpg	The Long Run (2013 Remaster)	1979	https://www.deezer.com/album/6670632
earth-wind-fire--sing-a-song	track	deezer	https://cdn-images.dzcdn.net/images/cover/18f41ecd3781fb96bffa2b0b49955db5/1000x1000-000000-80-0-0.jpg	September		https://www.deezer.com/track/487484192
elton-john--who-wears-these-shoes	track	deezer	https://cdn-images.dzcdn.net/images/cover/b07203f92cf706261c63c787bafc6875/1000x1000-000000-80-0-0.jpg	Breaking Hearts	1986	https://www.deezer.com/track/2192136
edwin-starr--war	track	deezer	https://cdn-images.dzcdn.net/images/cover/15eb21d118f867203ecfb6728c40f8bc/1000x1000-000000-80-0-0.jpg	War And Peace		https://www.deezer.com/track/646312932
elton-john--goodbye-yellow-brick-road	track	deezer	https://cdn-images.dzcdn.net/images/cover/b34f389d15bcc5842d140c9c29e3bbd5/1000x1000-000000-80-0-0.jpg	Goodbye Yellow Brick Road (Remastered)		https://www.deezer.com/track/75859736
eddie-rabbitt--i-love-a-rainy-night	track	deezer	https://cdn-images.dzcdn.net/images/cover/758253ab95c9d3bc1f3152c1476be486/1000x1000-000000-80-0-0.jpg	Number One Hits		https://www.deezer.com/track/4288044
elton-john--philadelphia-freedom	track	deezer	https://cdn-images.dzcdn.net/images/cover/2ab26a684ecc061775052d0510f3fa4b/1000x1000-000000-80-0-0.jpg	Captain Fantastic And The Brown Dirt Cowboy	1975	https://www.deezer.com/track/2230069
elton-john--the-bitch-is-back	track	deezer	https://cdn-images.dzcdn.net/images/cover/4645b72275fc902d8f2ee5d298bcfac0/1000x1000-000000-80-0-0.jpg	Caribou (Remastered 1995)	1974	https://www.deezer.com/track/1124111
elvis-presley--burning-love	track	deezer	https://cdn-images.dzcdn.net/images/cover/1e69256bb6a679e44b697c578edbcbd9/1000x1000-000000-80-0-0.jpg	Elvis (Fool)	1973	https://www.deezer.com/track/129231818
elvis-presley--for-ol-times-sake	track	deezer	https://cdn-images.dzcdn.net/images/cover/5a5cd0e6a9d88504117ce984c053b2dd/1000x1000-000000-80-0-0.jpg	Raised On Rock	1973	https://www.deezer.com/track/5431722
elvis-presley--i-really-don-t-want-to-know	track	deezer	https://cdn-images.dzcdn.net/images/cover/a27efce7486e9795d29d5810cbd63113/1000x1000-000000-80-0-0.jpg	Elvis Country	1971	https://www.deezer.com/track/5431572
elvis-presley--ask-me	track	deezer	https://cdn-images.dzcdn.net/images/cover/d66c20cfb98569857c697a285afe987a/1000x1000-000000-80-0-0.jpg	Elvis' Gold Records, Vol. 4		https://www.deezer.com/track/129231984
elvis-presley--all-shook-up	track	deezer-album	https://cdn-images.dzcdn.net/images/cover/722ee3cc72df684797d360c96aebd873/1000x1000-000000-80-0-0.jpg	Platinum - A Life In Music	1997	https://www.deezer.com/album/114134
elvis-presley--guitar-man	track	deezer	https://cdn-images.dzcdn.net/images/cover/f895952d105a0019faf5eda03fecee11/1000x1000-000000-80-0-0.jpg	Elvis is alive - the 110 most beautiful songs of the King (August, 16th, 1977 - August 16th, 2017)		https://www.deezer.com/track/392173792
elvis-presley--judy	track	deezer	https://cdn-images.dzcdn.net/images/cover/a7d93ea6c91be3d7ee6c22a9abf015c6/1000x1000-000000-80-0-0.jpg	Something for Everybody		https://www.deezer.com/track/92066320
elvis-presley--if-i-can-dream	track	deezer-album	https://cdn-images.dzcdn.net/images/cover/231be30616b2e1f8c445eba726cc53f2/1000x1000-000000-80-0-0.jpg	Elvis symphonique		https://www.deezer.com/album/44878371
elvis-presley--i-just-can-t-help-believing	track	musicbrainz	https://coverartarchive.org/release-group/d14800ce-ac4d-484f-b4a1-e01ba07d276b/front-500	25 Years of Rock ’n’ Roll: 1971: 20 of the Year’s Greatest Tracks		https://musicbrainz.org/release/1cc7fd15-9bd2-4c9d-8bdb-c0c7b4eab7a3
elvis-presley--my-wish-came-true	track	deezer	https://cdn-images.dzcdn.net/images/cover/397d577239ab7c1876926d5e3dc23248/1000x1000-000000-80-0-0.jpg	The One And Only (Christmas Songs)		https://www.deezer.com/track/5823880
elvis-presley--in-the-ghetto	track	deezer-album	https://cdn-images.dzcdn.net/images/cover/4e333ec50aaf8adb7ac2ebcdd9ddd156/1000x1000-000000-80-0-0.jpg	From Elvis in Memphis	1969	https://www.deezer.com/album/13669784
elvis-presley--she-thinks-i-still-care	track	deezer	https://cdn-images.dzcdn.net/images/cover/6bcbe2c6f6d07bda84a8b5401aad98a0/1000x1000-000000-80-0-0.jpg	Moody Blue	1976	https://www.deezer.com/track/15398787
elvis-presley--there-goes-my-everything	track	deezer	https://cdn-images.dzcdn.net/images/cover/a27efce7486e9795d29d5810cbd63113/1000x1000-000000-80-0-0.jpg	Elvis Country	1971	https://www.deezer.com/track/5431573
enya--anywhere-is	track	deezer	https://cdn-images.dzcdn.net/images/cover/61420f1dd8371d2503c232a0deb45b8f/1000x1000-000000-80-0-0.jpg	Paint the Sky with Stars	1997	https://www.deezer.com/track/65728155
engelbert-humperdinck--after-the-lovin	track	deezer	https://cdn-images.dzcdn.net/images/cover/6d34a5e9f04cb3a4635c92dbb5cb53a0/1000x1000-000000-80-0-0.jpg	Meisterstücke		https://www.deezer.com/track/3068685
elvis-presley--one-night	track	deezer	https://cdn-images.dzcdn.net/images/cover/723ff14a0d5a727749e7dc5072356c7a/1000x1000-000000-80-0-0.jpg	That's the Way It Is (Deluxe Edition)		https://www.deezer.com/track/80308696
enigma--return-to-innocence	track	deezer	https://cdn-images.dzcdn.net/images/cover/00eac2b394a1e76d5b42824ac11a57c0/1000x1000-000000-80-0-0.jpg	The Cross Of Changes	1994	https://www.deezer.com/track/3132752
elvis-presley--little-sister	track	deezer	https://cdn-images.dzcdn.net/images/cover/3598c1cdd425022000eba13ade236e8d/1000x1000-000000-80-0-0.jpg	From Nashville To Memphis - The Essential 60s Masters I		https://www.deezer.com/track/1055482
enya--caribbean-blue	track	deezer	https://cdn-images.dzcdn.net/images/cover/e5b04866ada6b4e24049b2d81542ba85/1000x1000-000000-80-0-0.jpg	Shepherd Moons	1991	https://www.deezer.com/track/4114329
eric-carmen--sunrise	track	deezer	https://cdn-images.dzcdn.net/images/cover/ca1b03f905747f7a7e5549b25bf0200a/1000x1000-000000-80-0-0.jpg	Eric Carmen	1975	https://www.deezer.com/track/391680192
erasure--chains-of-love	track	deezer	https://cdn-images.dzcdn.net/images/cover/28979a171407c6d6e9280a144c5477c2/1000x1000-000000-80-0-0.jpg	Chains of Love		https://www.deezer.com/track/3750657302
eric-clapton--i-can-t-stand-it	track	deezer	https://cdn-images.dzcdn.net/images/cover/196eaf4d3f7437f744a71d867a543dbb/1000x1000-000000-80-0-0.jpg	The Cream Of Clapton		https://www.deezer.com/track/1175629
eric-clapton--promises	track	deezer	https://cdn-images.dzcdn.net/images/cover/196eaf4d3f7437f744a71d867a543dbb/1000x1000-000000-80-0-0.jpg	The Cream Of Clapton		https://www.deezer.com/track/1175628
eric-clapton--willie-and-the-hand-jive	track	deezer	https://cdn-images.dzcdn.net/images/cover/73b1b02b6e8e71365206a188fe67370e/1000x1000-000000-80-0-0.jpg	461 Ocean Boulevard		https://www.deezer.com/track/920184
erasure--always	track	deezer-album	https://cdn-images.dzcdn.net/images/cover/f0df154208421667c71cfc9e4b636ac8/1000x1000-000000-80-0-0.jpg	I Say I Say I Say (2021 Expanded Edition)	1994	https://www.deezer.com/album/888998402
eric-clapton--let-it-rain	track	deezer	https://cdn-images.dzcdn.net/images/cover/6793c1355c8a465ae0d9932e80d933dd/1000x1000-000000-80-0-0.jpg	Eric Clapton		https://www.deezer.com/track/1570116
eric-clapton--cocaine	track	deezer-album	https://cdn-images.dzcdn.net/images/cover/c52719fcaeb826d29f2f6bf0f039f09f/1000x1000-000000-80-0-0.jpg	Slowhand 35th Anniversary		https://www.deezer.com/album/6123455
lynyrd-skynyrd--sweet-home-alabama	none	placeholder				
estefan-gloria--words-get-in-the-way	track	deezer	https://cdn-images.dzcdn.net/images/cover/f6f13b49be07389f4875afc34347a4c5/1000x1000-000000-80-0-0.jpg	Greatest Hits		https://www.deezer.com/track/9437105
bon-jovi--you-give-love-a-bad-name	artist	deezer-artist	https://cdn-images.dzcdn.net/images/artist/3ebdb0ff80286da236109a0fc79d0cb5/1000x1000-000000-80-0-0.jpg			https://www.deezer.com/artist/637
cyndi-lauper--girls-just-wanna-have-fun	artist	deezer-artist	https://cdn-images.dzcdn.net/images/artist/be571d6d5dddf76f76db97dc077a3465/1000x1000-000000-80-0-0.jpg			https://www.deezer.com/artist/2025
etta-james--fool-that-i-am	track	deezer	https://cdn-images.dzcdn.net/images/cover/d3283929ca51f31678664867e9d30076/1000x1000-000000-80-0-0.jpg	Jazz		https://www.deezer.com/track/1148590
eric-clapton--sunshine-of-your-love	track	deezer	https://cdn-images.dzcdn.net/images/cover/161faca50f09d56a616e6a497bfa3b96/1000x1000-000000-80-0-0.jpg	Candle In The Wind (Live)		https://www.deezer.com/track/936009022
etta-james--stop-the-wedding	track	deezer	https://cdn-images.dzcdn.net/images/cover/002eb074eb8118e59d9094bee499197f/1000x1000-000000-80-0-0.jpg	Making Love		https://www.deezer.com/track/1022268362
etta-james--would-it-make-any-difference-to-you	track	deezer	https://cdn-images.dzcdn.net/images/cover/7b86a73869f72c76f2e566b726f1c3aa/1000x1000-000000-80-0-0.jpg	The Essential Etta James		https://www.deezer.com/track/548865442
europe--the-final-countdown	track	deezer	https://cdn-images.dzcdn.net/images/cover/f27265df605c4bce229b0623e18f179a/1000x1000-000000-80-0-0.jpg	The Final Countdown (Expanded Edition)	1988	https://www.deezer.com/track/858371
evelyn-champagne-king--i-m-in-love	track	deezer	https://cdn-images.dzcdn.net/images/cover/bcbae9f2b202c55574ce6171058990c4/1000x1000-000000-80-0-0.jpg	I'm In Love (Expanded Edition)	1981	https://www.deezer.com/track/392461342
faith-no-more--easy	track	deezer	https://cdn-images.dzcdn.net/images/cover/d3f0079a7063bd31087c9360d2e0d90b/1000x1000-000000-80-0-0.jpg	Angel Dust	1992	https://www.deezer.com/track/813837
five-man-electrical-band--absolutely-right	track	musicbrainz	https://coverartarchive.org/release-group/91629571-37b7-33ba-99fc-825d32ec69f8/front-500	Coming of Age	1971	https://musicbrainz.org/release/a746ccc8-e048-456b-9792-8a4b059983ca
green-day--basket-case	track	itunes	https://is1-ssl.mzstatic.com/image/thumb/Music125/v4/88/83/e7/8883e74b-1b7c-0725-09de-21e4e00d54b5/093624915713.jpg/600x600cc.jpg	Dookie	1994	https://music.apple.com/us/album/basket-case/1160081985?i=1160082180&uo=4
fats-domino--i-want-to-walk-you-home	track	deezer	https://cdn-images.dzcdn.net/images/cover/1c004621c444a2d64cf5cd7e402534a1/1000x1000-000000-80-0-0.jpg	I Wanna Walk You Home		https://www.deezer.com/track/42556701
fiorella-mannoia--i-treni-a-vapore	track	deezer	https://cdn-images.dzcdn.net/images/cover/e13849f231af253970f1d5a207ca6c6b/1000x1000-000000-80-0-0.jpg	I Treni A Vapore	1991	https://www.deezer.com/track/14926525
firehouse--don-t-treat-me-bad	track	deezer	https://cdn-images.dzcdn.net/images/cover/59a81585162d52c9c40010fb17316d1d/1000x1000-000000-80-0-0.jpg	Firehouse (2024 Remaster)	1990	https://www.deezer.com/track/1069132
flatt-scruggs--foggy-mountain-breakdown	track	deezer	https://cdn-images.dzcdn.net/images/cover/e0ef52c2b6a57e17fa4b23bacc69c66d/1000x1000-000000-80-0-0.jpg	Town and Country	1965	https://www.deezer.com/track/92983118
michael-george--careless-whisper	track	itunes	https://is1-ssl.mzstatic.com/image/thumb/Music115/v4/89/46/95/8946959a-e959-f22d-ced2-745feb799454/mzm.upagbaeg.jpg/600x600cc.jpg	Ladies & Gentlemen	1984	https://music.apple.com/us/album/careless-whisper/429945575?i=429945616&uo=4
fats-domino--be-my-guest	track	deezer	https://cdn-images.dzcdn.net/images/cover/a62717b3fcf8fd26547ba4f12cf10015/1000x1000-000000-80-0-0.jpg	Be My Guest	1960	https://www.deezer.com/track/131957396
fleetwood-mac--little-lies	track	deezer	https://cdn-images.dzcdn.net/images/cover/9786e219f4c7e17f703d55119b7261a9/1000x1000-000000-80-0-0.jpg	Tango in the Night (2017 Remaster)	1987	https://www.deezer.com/track/341017571
foghat--drivin-wheel	track	deezer	https://cdn-images.dzcdn.net/images/cover/e6f8c32fc502a42bcf48030df3876678/1000x1000-000000-80-0-0.jpg	Night Shift (2016 Remaster)		https://www.deezer.com/track/122014978
foreigner--cold-as-ice	track	deezer	https://cdn-images.dzcdn.net/images/cover/e18e4c2bd1318b326166cc363562cd3e/1000x1000-000000-80-0-0.jpg	Foreigner (Expanded)		https://www.deezer.com/track/6612489
foreigner--urgent	track	deezer	https://cdn-images.dzcdn.net/images/cover/a7545dbac40fbecabeafc4847bcba549/1000x1000-000000-80-0-0.jpg	4 (Expanded)		https://www.deezer.com/track/2814888
foreigner--waiting-for-a-girl-like-you	track	deezer	https://cdn-images.dzcdn.net/images/cover/a7545dbac40fbecabeafc4847bcba549/1000x1000-000000-80-0-0.jpg	4 (Expanded)		https://www.deezer.com/track/2814886
fleetwood-mac--silver-springs	track	deezer	https://cdn-images.dzcdn.net/images/cover/0199f3f00d23ed0916cf748d9b5d5030/1000x1000-000000-80-0-0.jpg	Rumours (Super Deluxe)		https://www.deezer.com/track/67549272
blink-182--all-the-small-things	track	itunes	https://is1-ssl.mzstatic.com/image/thumb/Music221/v4/c1/3d/86/c13d8619-0794-ceee-6b1b-d0709119a9cf/16UMGIM35657.rgb.jpg/600x600cc.jpg	Enema of the State	1999	https://music.apple.com/us/album/all-the-small-things/1440839912?i=1440840510&uo=4
frank-sinatra--my-way	track	deezer	https://cdn-images.dzcdn.net/images/cover/ae5e2905c3e2236b19480b96c7b93bc8/1000x1000-000000-80-0-0.jpg	My Way (Expanded Edition)		https://www.deezer.com/track/70835066
frank-sinatra--new-york-new-york	track	deezer	https://cdn-images.dzcdn.net/images/cover/e39d73a5ca6362f73576a4f74d3b8e85/1000x1000-000000-80-0-0.jpg	Fly Me To The Moon		https://www.deezer.com/track/4592902
freddie-jackson--have-you-ever-loved-somebody	track	deezer	https://cdn-images.dzcdn.net/images/cover/d78f3c35415a4558d61ad8e70cdf332b/1000x1000-000000-80-0-0.jpg	Just Like The First Time		https://www.deezer.com/track/3244384
four-tops--standing-in-the-shadows-of-love	track	deezer-album	https://cdn-images.dzcdn.net/images/cover/6def872d9edbf26bcc7d023caeaffb03/1000x1000-000000-80-0-0.jpg	Reach Out		https://www.deezer.com/album/9148717
garbage--stupid-girl	track	deezer	https://cdn-images.dzcdn.net/images/cover/8b57110f1c9965d2e6b6dcabf35afec0/1000x1000-000000-80-0-0.jpg	Garbage (20th Anniversary Edition)		https://www.deezer.com/track/3788156282
freddy-fender--living-it-down	track	deezer	https://cdn-images.dzcdn.net/images/cover/1c699f4d754cf61379c8dc833a163690/1000x1000-000000-80-0-0.jpg	Voices of Americana (The Crazy Cajun Recordings)		https://www.deezer.com/track/3790399932
gaye-marvin--healing	track	deezer	https://cdn-images.dzcdn.net/images/cover/0c3a68077a28ea187613c49221efba88/1000x1000-000000-80-0-0.jpg	Sexual Healing		https://www.deezer.com/track/910519592
freddy-fender--secret-love	track	deezer	https://cdn-images.dzcdn.net/images/cover/1d7bc4f20acfe33dc409e44ab23e4d87/1000x1000-000000-80-0-0.jpg	Los Buenos Tiempos		https://www.deezer.com/track/2442816025
gene-pitney--town-without-pity	track	deezer	https://cdn-images.dzcdn.net/images/cover/1c783af0dd32a8a05aec86190620268e/1000x1000-000000-80-0-0.jpg	Something’s Gotten Hold Of My Heart		https://www.deezer.com/track/4006514
gary-u-s-bonds--quarter-to-three	track	deezer	https://cdn-images.dzcdn.net/images/cover/a682fd6cdc3e066acc577c78c1d7f438/1000x1000-000000-80-0-0.jpg	Quarter To Three	1961	https://www.deezer.com/track/3890628791
general-public--tenderness	track	deezer	https://cdn-images.dzcdn.net/images/cover/ab47a333c294a810118343b513c7a5f7/1000x1000-000000-80-0-0.jpg	All The Rage	1984	https://www.deezer.com/track/1762676527
red-hot-chili-peppers--otherside	track	deezer	https://cdn-images.dzcdn.net/images/cover/5e61e8290a4d1d64ca58920656c9602d/1000x1000-000000-80-0-0.jpg	Californication (Deluxe Edition)	1999	https://www.deezer.com/track/725261
freddie-mercury--living-on-my-own	track	deezer	https://cdn-images.dzcdn.net/images/cover/5fd5e8efea85eb0ee48ec60a59420dd3/1000x1000-000000-80-0-0.jpg	Living On My Own		https://www.deezer.com/track/753186672
genesis--mad-man-moon	track	deezer	https://cdn-images.dzcdn.net/images/cover/51139e826a821c6fa4a7e9e36a115003/1000x1000-000000-80-0-0.jpg	A Trick of the Tail (2007 Remaster)	1976	https://www.deezer.com/track/14640470
george-harrison--this-song	track	deezer	https://cdn-images.dzcdn.net/images/cover/7ebc2f5afef1c634c04f6f9910cd0f04/1000x1000-000000-80-0-0.jpg	Thirty Three & 1/3	1976	https://www.deezer.com/track/3173758
genesis--afterglow	track	deezer	https://cdn-images.dzcdn.net/images/cover/3fad4f60dfc2df2a83b71241b6edfa0c/1000x1000-000000-80-0-0.jpg	Wind & Wuthering (2007 Remaster)		https://www.deezer.com/track/14640434
george-mccrae--rock-your-baby	track	deezer	https://cdn-images.dzcdn.net/images/cover/6b79dcaf49faaf0ba1ae1e0ee9575828/1000x1000-000000-80-0-0.jpg	Rock Your Baby		https://www.deezer.com/track/124563036
gerry-rafferty--baker-street	track	deezer	https://cdn-images.dzcdn.net/images/cover/a4a40656ade105b7010c58687a14bd06/1000x1000-000000-80-0-0.jpg	City to City	1989	https://www.deezer.com/track/3169189
giorgia--in-vacanza-con-me	track	deezer	https://cdn-images.dzcdn.net/images/cover/5b2fb3863296d703acba454bdce1758a/1000x1000-000000-80-0-0.jpg	Mangio Troppa Cioccolata	1997	https://www.deezer.com/track/1056671
gino-vannelli--hurts-to-be-in-love	track	deezer	https://cdn-images.dzcdn.net/images/cover/985dbe280124eb906fca735ecfa44f5a/1000x1000-000000-80-0-0.jpg	These Are The Days		https://www.deezer.com/track/5079679
gino-vannelli--wild-horses	track	deezer	https://cdn-images.dzcdn.net/images/cover/985dbe280124eb906fca735ecfa44f5a/1000x1000-000000-80-0-0.jpg	These Are The Days		https://www.deezer.com/track/5079678
gino-vannelli--black-cars	track	musicbrainz	https://coverartarchive.org/release-group/515fc67d-17ef-32c8-8bed-9de140ba8eff/front-500	Black Cars	1984	https://musicbrainz.org/release/0aa3a4d4-5f14-43ab-98ba-b140d82a33bf
gladys-knight-the-pips--baby-don-t-change-your-mind	track	deezer-album	https://cdn-images.dzcdn.net/images/cover/027a37d222b9baebc5a687eba59d6920/1000x1000-000000-80-0-0.jpg	Collections		https://www.deezer.com/album/73468
gladys-knight-the-pips--if-i-were-your-woman	track	deezer	https://cdn-images.dzcdn.net/images/cover/9c9bce356da9e56f88c6c69fc416719c/1000x1000-000000-80-0-0.jpg	If I Were Your Woman		https://www.deezer.com/track/788640132
gladys-knight-the-pips--best-thing-that-ever-happened-to-me	track	deezer-album	https://cdn-images.dzcdn.net/images/cover/a017ce65888d08210fcce2c11f0c6ee0/1000x1000-000000-80-0-0.jpg	Imagination (Expanded Edition)		https://www.deezer.com/album/9180425
gladys-knight-the-pips--letter-full-of-tears	track	deezer	https://cdn-images.dzcdn.net/images/cover/4fa811ededd1fe16356bbe49215f8cdc/1000x1000-000000-80-0-0.jpg	Letter Full Of Tears (Remastered)		https://www.deezer.com/track/16036972
glen-campbell--sunflower	track	deezer	https://cdn-images.dzcdn.net/images/cover/21d2418c17cfa8c8c58a9d0685519c46/1000x1000-000000-80-0-0.jpg	Southern Nights		https://www.deezer.com/track/3476175
glen-campbell--galveston	track	deezer	https://cdn-images.dzcdn.net/images/cover/b5b1bdfbbef413ea69f50673c41d125f/1000x1000-000000-80-0-0.jpg	Galveston (Remastered)		https://www.deezer.com/track/3475542
the-notorious-b-i-g--big-poppa	track	itunes	https://is1-ssl.mzstatic.com/image/thumb/Music221/v4/f8/6a/3d/f86a3db0-d518-cd49-c0c9-25e767ae0a6d/075679456861.jpg/600x600cc.jpg	Ready To Die the Remaster	1994	https://music.apple.com/us/album/big-poppa/204669415?i=204669732&uo=4
goo-goo-dolls--iris	track	deezer	https://cdn-images.dzcdn.net/images/cover/fb8ad0c24c1a3fef50c7ec20f157923b/1000x1000-000000-80-0-0.jpg	Dizzy up the Girl	1998	https://www.deezer.com/track/4290138
glen-campbell--it-s-only-make-believe	track	deezer	https://cdn-images.dzcdn.net/images/cover/6408730ccb5ac5760193886544c26685/1000x1000-000000-80-0-0.jpg	Glen Campbell - The Capitol Years 1965 - 1977		https://www.deezer.com/track/13276196
graham-nash--chicago	track	deezer	https://cdn-images.dzcdn.net/images/cover/ec9a4765827ad20dff5753693e86ea08/1000x1000-000000-80-0-0.jpg	Songs For Beginners		https://www.deezer.com/track/726354
greg-kihn--lucky	track	deezer	https://cdn-images.dzcdn.net/images/cover/ee3d8116d8e886da0466170e154e63d9/1000x1000-000000-80-0-0.jpg	Citizen Kihn		https://www.deezer.com/track/543143642
greg-kihn-band--happy-man	track	deezer	https://cdn-images.dzcdn.net/images/cover/4cac5913e3fa386dd336c6f118ca17d5/1000x1000-000000-80-0-0.jpg	Kihntinued		https://www.deezer.com/track/2403759955
grand-funk-railroad--walk-like-a-man	track	deezer-album	https://cdn-images.dzcdn.net/images/cover/c7c714a9efa8bfcde9d0f68ea3a88f7e/1000x1000-000000-80-0-0.jpg	We're An American Band (Expanded Edition / Remastered 2002)		https://www.deezer.com/album/329628
green-day--brain-stew	track	deezer	https://cdn-images.dzcdn.net/images/cover/99f91f6f65dc1904065f19e611aa4bee/1000x1000-000000-80-0-0.jpg	Insomniac	1995	https://www.deezer.com/track/3599697
the-clash--should-i-stay-or-should-i-go	track	itunes	https://is1-ssl.mzstatic.com/image/thumb/Music115/v4/71/b6/8a/71b68ab0-f2d7-5cf0-636c-c27de6ce8aed/886443520707.jpg/600x600cc.jpg	Combat Rock	1982	https://music.apple.com/us/album/should-i-stay-or-should-i-go/685585931?i=685585941&uo=4
haddaway--life	track	deezer	https://cdn-images.dzcdn.net/images/cover/83bc129c1af5955db59c7a5c888174c1/1000x1000-000000-80-0-0.jpg	The Album (Remastered 2025)		https://www.deezer.com/track/3801643172
fleetwood-mac--everywhere	track	itunes	https://is1-ssl.mzstatic.com/image/thumb/Music125/v4/a3/71/ee/a371eea6-b148-0e47-9170-baf2147c8f7b/603497870066.jpg/600x600cc.jpg	Tango In the Night (Remastered)	1987	https://music.apple.com/us/album/everywhere-remastered/1217901688?i=1217902079&uo=4
heart--there-s-the-girl	track	deezer	https://cdn-images.dzcdn.net/images/cover/13bf5742cd2f2a8f3fcee8460d03817f/1000x1000-000000-80-0-0.jpg	Bad Animals	1987	https://www.deezer.com/track/3127631
grateful-dead--sugar-magnolia	track	deezer-album	https://cdn-images.dzcdn.net/images/cover/7f975889743cbaeb18400dcb13f04334/1000x1000-000000-80-0-0.jpg	American Beauty (2013 Remaster)	1970	https://www.deezer.com/album/7407482
hank-snow--i-ve-been-everywhere	track	deezer	https://cdn-images.dzcdn.net/images/cover/5b83922a7b8a160ca13b1844685cdf83/1000x1000-000000-80-0-0.jpg	I've Been Everywhere (Billboard Hot 100 - No 68)		https://www.deezer.com/track/1132683272
haley--rock-around-the-clock	track	deezer	https://cdn-images.dzcdn.net/images/cover/0fa6793907d0fa6cfa5b7f9adcdd68f9/1000x1000-000000-80-0-0.jpg	Rockabilly Original Masters		https://www.deezer.com/track/1749949
harry-chapin--sunday-morning-sunshine	track	deezer	https://cdn-images.dzcdn.net/images/cover/041f6ad5ed991da632d3f8c04ebcfc11/1000x1000-000000-80-0-0.jpg	Sniper and Other Love Songs		https://www.deezer.com/track/751663
bee-gees--stayin-alive	track	itunes	https://is1-ssl.mzstatic.com/image/thumb/Music123/v4/b4/00/8f/b4008f7c-72b9-d856-60fa-2ac5cfce2d18/16UMGIM86640.rgb.jpg/600x600cc.jpg	Greatest	1977	https://music.apple.com/us/album/stayin-alive-from-saturday-night-fever-soundtrack/1445664302?i=1445664552&uo=4
harry-nilsson--without-you	track	deezer-album	https://cdn-images.dzcdn.net/images/cover/680fac497b0d203056468d059d7ed138/1000x1000-000000-80-0-0.jpg	Nilsson Schmilsson	1971	https://www.deezer.com/album/1422793
hi-five--i-like-the-way	track	deezer	https://cdn-images.dzcdn.net/images/cover/10e3a4b958d489110968aead0bf8f498/1000x1000-000000-80-0-0.jpg	Touch of New Jack		https://www.deezer.com/track/3019559521
inner-circle--rock-with-you	track	deezer	https://cdn-images.dzcdn.net/images/cover/92f349a292a61d8e52c3fb3d5438952b/1000x1000-000000-80-0-0.jpg	Bad to the Bone	1992	https://www.deezer.com/track/2557460082
hot-chocolate--you-sexy-thing	track	deezer	https://cdn-images.dzcdn.net/images/cover/9d46804add5ae9e988c5b8d92b9e2b71/1000x1000-000000-80-0-0.jpg	Hot Chocolate	1996	https://www.deezer.com/track/3851861
eminem--stan	track	itunes	https://is1-ssl.mzstatic.com/image/thumb/Music128/v4/ea/ac/03/eaac03e5-8e9d-847e-d5b9-af7dee6a970b/00606949063221.rgb.jpg/600x600cc.jpg	The Marshall Mathers LP	2000	https://music.apple.com/us/album/stan-feat-dido/1440906504?i=1440906513&uo=4
ike-tina-turner--i-want-to-take-you-higher	track	deezer	https://cdn-images.dzcdn.net/images/cover/2bde397611dbd6787683083fa1d74810/1000x1000-000000-80-0-0.jpg	Absolutely The Best: Ike and Tina Turner		https://www.deezer.com/track/1267409
ike-tina-turner--it-s-gonna-work-out-fine	track	deezer	https://cdn-images.dzcdn.net/images/cover/0b636104953feaf26f171caf63fa15af/1000x1000-000000-80-0-0.jpg	River Deep, Mountain High		https://www.deezer.com/track/14059836
irma-thomas--wish-someone-would-care	track	deezer	https://cdn-images.dzcdn.net/images/cover/445579bf405db1426bb9cd7ebf5a65fc/1000x1000-000000-80-0-0.jpg	Wish Someone Would Care		https://www.deezer.com/track/11219981
irene-cara--flashdance	artist	deezer-artist	https://cdn-images.dzcdn.net/images/artist/fc18f9a3a0f67a379d1122e608338f53/1000x1000-000000-80-0-0.jpg			
bob-marley--could-you-be-loved	track	itunes	https://is1-ssl.mzstatic.com/image/thumb/Music211/v4/80/61/a5/8061a5cc-3372-7679-7396-e42e86041d21/15UMGIM05274.rgb.jpg/600x600cc.jpg	Uprising	1980	https://music.apple.com/us/album/could-you-be-loved/1740845714?i=1740845888&uo=4
isaac-hayes--do-your-thing	track	deezer	https://cdn-images.dzcdn.net/images/cover/11f77df358a67e0b36afc566468dfd69/1000x1000-000000-80-0-0.jpg	Shaft (Deluxe Edition)		https://www.deezer.com/track/4639926
j-frank-wilson-the-cavaliers--last-kiss	track	deezer	https://cdn-images.dzcdn.net/images/cover/03c28dea7bc364226f287922426bfe2d/1000x1000-000000-80-0-0.jpg	Last Kiss		https://www.deezer.com/track/109264838
jackie-wilson--baby-workout	track	deezer	https://cdn-images.dzcdn.net/images/cover/527fdfb7dc71c44cd01496b1ed6c9c48/1000x1000-000000-80-0-0.jpg	Baby Workout		https://www.deezer.com/track/116858622
isaac-hayes--the-look-of-love	track	deezer	https://cdn-images.dzcdn.net/images/cover/31df8517a4f2bc9112a02c03933acf57/1000x1000-000000-80-0-0.jpg	...To Be Continued		https://www.deezer.com/track/142343529
jackson-michael--give-in-to-me	track	deezer	https://cdn-images.dzcdn.net/images/cover/93a5354699d552666448e1c87c976605/1000x1000-000000-80-0-0.jpg	Dangerous	1991	https://www.deezer.com/track/15593568
spice-girls--wannabe	track	itunes	https://is1-ssl.mzstatic.com/image/thumb/Music125/v4/01/05/18/0105189c-9608-fb39-975c-a4dbc066da7e/21UMGIM57237.rgb.jpg/600x600cc.jpg	Spice (25th Anniversary / Deluxe Edition)	1996	https://music.apple.com/us/album/wannabe/1582664359?i=1582664367&uo=4
jackson-browne--boulevard	track	deezer	https://cdn-images.dzcdn.net/images/cover/eb609f971254ad2ecab68cf5ab4063b5/1000x1000-000000-80-0-0.jpg	Hold Out		https://www.deezer.com/track/6629827
jackson-michael--the-girl-is-mine	track	deezer	https://cdn-images.dzcdn.net/images/cover/f01e09ceb8ad1e96707c1b4aadb5911b/1000x1000-000000-80-0-0.jpg	Thriller	1983	https://www.deezer.com/track/831298
jackson-michael--she-s-out-of-my-life	track	deezer	https://cdn-images.dzcdn.net/images/cover/9a1084ee1062fd9cd8dbeb1a8978351d/1000x1000-000000-80-0-0.jpg	Off the Wall	1983	https://www.deezer.com/track/15586288
ariana-grande--santa-tell-me	track	itunes	https://is1-ssl.mzstatic.com/image/thumb/Music125/v4/60/c8/2b/60c82b22-cd58-cdcd-5b51-6fad7a8b7055/14UMGIM55455.rgb.jpg/600x600cc.jpg	Santa Tell Me - Single	2013	https://music.apple.com/us/album/santa-tell-me/1444319981?i=1444319982&uo=4
jackson-browne--redneck-friend	track	musicbrainz	https://coverartarchive.org/release-group/bbb6c17b-539f-31d7-b103-48eb98f12f0f/front-500	The Very Best of Jackson Browne		https://musicbrainz.org/release/337dd5e2-f554-4cff-8cac-1d1b72018531
james-brown--cold-sweat-part-1	track	deezer	https://cdn-images.dzcdn.net/images/cover/8b9ec6ad47543465be1217dd68986a8b/1000x1000-000000-80-0-0.jpg	Cold Sweat		https://www.deezer.com/track/31040311
james-brown--baby-you-re-right	track	deezer	https://cdn-images.dzcdn.net/images/cover/7434c9488330efd54b916f59c0687e81/1000x1000-000000-80-0-0.jpg	Papa's Got A Brand New Bag		https://www.deezer.com/track/18227363
james-brown--down-and-out-in-new-york-city	track	deezer	https://cdn-images.dzcdn.net/images/cover/d2394a2efd0e0e05eb5b0366f7491a9c/1000x1000-000000-80-0-0.jpg	Black Caesar	1973	https://www.deezer.com/track/1090059
u2--with-or-without-you	track	itunes	https://is1-ssl.mzstatic.com/image/thumb/Music115/v4/8f/e2/c3/8fe2c384-f6cb-9af7-371d-2b6a9b204e59/17UMGIM79292.rgb.jpg/600x600cc.jpg	The Joshua Tree	1987	https://music.apple.com/us/album/with-or-without-you/1443155637?i=1443155645&uo=4
james-brown--get-up-sex-machine	track	deezer	https://cdn-images.dzcdn.net/images/cover/061657967ed3794b2016b62beb448c96/1000x1000-000000-80-0-0.jpg	I Feel Good		https://www.deezer.com/track/73704167
james-brown--i-dont-mind	track	deezer	https://cdn-images.dzcdn.net/images/cover/0c7aa60eac55db6e365eafe2e229b070/1000x1000-000000-80-0-0.jpg	Good, Good Twistin' With James Brown		https://www.deezer.com/track/81364676
james-brown--i-got-you	track	deezer	https://cdn-images.dzcdn.net/images/cover/061657967ed3794b2016b62beb448c96/1000x1000-000000-80-0-0.jpg	I Feel Good		https://www.deezer.com/track/73704169
james-brown--my-thang	track	deezer	https://cdn-images.dzcdn.net/images/cover/024f44f9436107cca5f35ff9f9ec668e/1000x1000-000000-80-0-0.jpg	Hell	1974	https://www.deezer.com/track/2307350
guns-n-roses--paradise-city	track	itunes	https://is1-ssl.mzstatic.com/image/thumb/Music125/v4/a0/4d/c4/a04dc484-03cc-02aa-fa82-5334fcb4bc16/18UMGIM24878.rgb.jpg/600x600cc.jpg	Appetite For Destruction	1987	https://music.apple.com/us/album/paradise-city/1377813284?i=1377813298&uo=4
jackson-michael--the-way-you-make-me-feel	track	deezer-album	https://cdn-images.dzcdn.net/images/cover/cad261eafd0c6c15811200d5039b5b50/1000x1000-000000-80-0-0.jpg	Bad (Remastered)		https://www.deezer.com/album/5814031
james-taylor--country-road	track	deezer	https://cdn-images.dzcdn.net/images/cover/39f70f841545dd2d0e1f7eaa8ef73ab4/1000x1000-000000-80-0-0.jpg	Country Road		https://www.deezer.com/track/66955169
jan-dean--sidewalk-surfin	track	deezer	https://cdn-images.dzcdn.net/images/cover/2185e922873ace211c3c08272e2a2ec9/1000x1000-000000-80-0-0.jpg	Rock Masters: Surfin' Safari		https://www.deezer.com/track/1222469
van-morrison--brown-eyed-girl	track	itunes	https://is1-ssl.mzstatic.com/image/thumb/Music211/v4/49/54/07/4954073b-9f8c-0f62-0d38-35845b530f08/886445460452_Cover.jpg/600x600cc.jpg	Blowin' Your Mind!	1967	https://music.apple.com/us/album/brown-eyed-girl/1828716608?i=1828716610&uo=4
jeff-beck--people-get-ready	track	deezer	https://cdn-images.dzcdn.net/images/cover/179021acf808bac0438bc7865a0cdb52/1000x1000-000000-80-0-0.jpg	Flash	1985	https://www.deezer.com/track/1080593
jan-dean--the-anaheim-azusa-cucamonga-sewing-circle-book-review-and-ti	track	deezer	https://cdn-images.dzcdn.net/images/cover/13f1212d1a67fd1da508343ee576975c/1000x1000-000000-80-0-0.jpg	Golden Hits		https://www.deezer.com/track/7494203
jerry-reed--ko-ko-joe	track	deezer	https://cdn-images.dzcdn.net/images/cover/cf658a9e2838896e96a971cf0c2f3aea/1000x1000-000000-80-0-0.jpg	Ko-Ko Joe	1971	https://www.deezer.com/track/1373465752
jermaine-jackson--let-s-get-serious	track	deezer	https://cdn-images.dzcdn.net/images/cover/8f2185901420e8746a222ce6c9862a34/1000x1000-000000-80-0-0.jpg	Let's Get Serious	1980	https://www.deezer.com/track/4229748
selena-gomez--lose-you-to-love-me	track	itunes	https://is1-ssl.mzstatic.com/image/thumb/Music125/v4/1d/5e/35/1d5e35f4-dbd3-f588-1f0b-1244fc2aad55/19UM1IM04673.rgb.jpg/600x600cc.jpg	Rare	2019	https://music.apple.com/us/album/lose-you-to-love-me/1488413282?i=1488413376&uo=4
james-brown--think	track	deezer	https://cdn-images.dzcdn.net/images/cover/1298000b7dc18bb7b223043b390fd1ce/1000x1000-000000-80-0-0.jpg	70's Funk Classics		https://www.deezer.com/track/538642732
jefferson-starship--count-on-me	track	deezer	https://cdn-images.dzcdn.net/images/cover/0cc2606c4f2a6ef091ae8e86b858146b/1000x1000-000000-80-0-0.jpg	Starship Enterprise: The Best Of Jefferson Starship And Starship		https://www.deezer.com/track/624932662
jerry-jeff-walker--mr-bojangles	track	deezer	https://cdn-images.dzcdn.net/images/cover/dffaf9d5ff25898e4bad0d6b4ca85649/1000x1000-000000-80-0-0.jpg	Mr. Bojangles		https://www.deezer.com/track/670748
janis-joplin--kozmic-blues	track	deezer-album	https://cdn-images.dzcdn.net/images/cover/99ea81b3aac27fb47263853c03026d43/1000x1000-000000-80-0-0.jpg	I Got Dem Ol' Kozmic Blues Again Mama!		https://www.deezer.com/album/12153964
kendrick-lamar--dna	track	itunes	https://is1-ssl.mzstatic.com/image/thumb/Music112/v4/ab/16/ef/ab16efe9-e7f1-66ec-021c-5592a23f0f9e/17UMGIM88793.rgb.jpg/600x600cc.jpg	DAMN.	2017	https://music.apple.com/us/album/dna/1440881722?i=1440881990&uo=4
jewel--foolish-games	track	deezer	https://cdn-images.dzcdn.net/images/cover/4c92a1f40df5b15f69748dd847664a5d/1000x1000-000000-80-0-0.jpg	Pieces Of You	1995	https://www.deezer.com/track/1444370382
jimi-hendrix--foxy-lady	track	deezer	https://cdn-images.dzcdn.net/images/cover/d6fd5deeed4f9515f873ebe57e400063/1000x1000-000000-80-0-0.jpg	High Times In San Jose		https://www.deezer.com/track/3048758911
foreigner--i-want-to-know-what-love-is	track	itunes	https://is1-ssl.mzstatic.com/image/thumb/Music115/v4/eb/17/49/eb1749a8-29a1-83ef-5d0e-ec3394d3d057/075678279669.jpg/600x600cc.jpg	Agent Provocateur	1984	https://music.apple.com/us/album/i-want-to-know-what-love-is/216663946?i=216663961&uo=4
jimmy-jones--handy-man	track	deezer	https://cdn-images.dzcdn.net/images/cover/2473bde35c5e5901a93f99e3f2fa3387/1000x1000-000000-80-0-0.jpg	Jimmy Jones' Handy Man		https://www.deezer.com/track/2353425
jimmy-clanton--just-a-dream	track	deezer	https://cdn-images.dzcdn.net/images/cover/472b027c8865495736dbc32a2eb22557/1000x1000-000000-80-0-0.jpg	Venus In Blue Jeans / Just A Dream		https://www.deezer.com/track/14026222
jimmy-cliff--wonderful-world-beautiful-people	track	deezer	https://cdn-images.dzcdn.net/images/cover/f94754592190a92f79291f347661eb14/1000x1000-000000-80-0-0.jpg	Essential Festival: Jimmy Cliff (International Version)		https://www.deezer.com/track/881465
jimmy-buffett--margaritaville	track	deezer	https://cdn-images.dzcdn.net/images/cover/7cfc9a5008337f074daa207cc7e8d6c7/1000x1000-000000-80-0-0.jpg	Songs You Know By Heart: Jimmy Buffett's Greatest Hit(s)	1985	https://www.deezer.com/track/2491667
jimmy-reed--baby-what-you-want-me-to-do	track	deezer	https://cdn-images.dzcdn.net/images/cover/be2789222a129ef4c290816b6db4653d/1000x1000-000000-80-0-0.jpg	Baby What You Want Me to Do		https://www.deezer.com/track/9825304
jimi-hendrix--freedom	track	deezer-album	https://cdn-images.dzcdn.net/images/cover/9ecfb72e039f205a3023a81f8e9af208/1000x1000-000000-80-0-0.jpg	First Rays Of The New Rising Sun		https://www.deezer.com/album/455126
jimmy-smith--walk-on-the-wild-side	track	deezer	https://cdn-images.dzcdn.net/images/cover/615fb74e200af98a832c636dcc88ffc8/1000x1000-000000-80-0-0.jpg	Bashin': The Unpredictable Jimmy Smith (Expanded Edition)		https://www.deezer.com/track/2178805
joan-baez--there-but-for-fortune	track	deezer	https://cdn-images.dzcdn.net/images/cover/a92de6714e734ef1bb7aeba2b9ffe03c/1000x1000-000000-80-0-0.jpg	5		https://www.deezer.com/track/3128556
jimmy-ruffin--i-ve-passed-this-way-before	track	musicbrainz	https://coverartarchive.org/release-group/ddf680a9-e747-32d4-bde2-f668786aa4c6/front-500	Sings Top Ten	1967	https://musicbrainz.org/release/ec0e88b7-4094-4337-b066-2c6433b5d466
joe-cocker--you-can-leave-your-hat-on	track	deezer	https://cdn-images.dzcdn.net/images/cover/54a448f1d32524e3cc03315a6443fb9b/1000x1000-000000-80-0-0.jpg	Organic	1996	https://www.deezer.com/track/14601068
john-denver--rocky-mountain-high	track	deezer	https://cdn-images.dzcdn.net/images/cover/958f7f9f6b995d65e5fdad61e9cb7b64/1000x1000-000000-80-0-0.jpg	Rocky Mountain High	1972	https://www.deezer.com/track/651170632
john-denver--it-amazes-me	track	musicbrainz	https://coverartarchive.org/release-group/83bb4546-1a12-3f30-80dd-bc40c1546545/front-500	I Want to Live	1977	https://musicbrainz.org/release/d57b19cd-a6de-4790-8a8d-928d95dc958e
john-denver--seasons-of-the-heart	track	deezer	https://cdn-images.dzcdn.net/images/cover/37f86c0af8243609a456f6ec61cb6eb3/1000x1000-000000-80-0-0.jpg	Seasons Of The Heart	1982	https://www.deezer.com/track/82692926
john-elton--believe	track	deezer	https://cdn-images.dzcdn.net/images/cover/ff107a10e45bf4d110c79e4ab7f12fb7/1000x1000-000000-80-0-0.jpg	Made In England		https://www.deezer.com/track/1152855
john-denver--some-days-are-diamonds	track	deezer	https://cdn-images.dzcdn.net/images/cover/4c5a2d63886721b43266747200fd6d61/1000x1000-000000-80-0-0.jpg	Some Days Are Diamonds		https://www.deezer.com/track/78233041
joe-cocker--unchain-my-heart	track	deezer	https://cdn-images.dzcdn.net/images/cover/923029dc4f804c6fb40ffa8578404b43/1000x1000-000000-80-0-0.jpg	The Best of Joe Cocker	1992	https://www.deezer.com/track/3126343
john-elton--i-don-t-wanna-go-on-with-you-like-that	track	deezer	https://cdn-images.dzcdn.net/images/cover/f2d5bf04f11535db1b5d1f9ffc2b2f43/1000x1000-000000-80-0-0.jpg	Reg Strikes Back	1998	https://www.deezer.com/track/1162380
4-non-blondes--what-s-up	track	deezer	https://cdn-images.dzcdn.net/images/cover/22ab04ebf46e75a8c2c83a774c8831a8/1000x1000-000000-80-0-0.jpg	Bigger, Better, Faster, More !	1996	https://www.deezer.com/track/2184743
john-elton--crocodile-rock	track	deezer	https://cdn-images.dzcdn.net/images/cover/9faa70be1a2e8d8d270fd1c913e715ce/1000x1000-000000-80-0-0.jpg	Don't Shoot Me I'm Only The Piano Player	1996	https://www.deezer.com/track/1124103
john-elton--goodby-yellow-brick-road	track	deezer	https://cdn-images.dzcdn.net/images/cover/b34f389d15bcc5842d140c9c29e3bbd5/1000x1000-000000-80-0-0.jpg	Goodbye Yellow Brick Road (Remastered)		https://www.deezer.com/track/75859736
john-elton--island-girl	track	deezer	https://cdn-images.dzcdn.net/images/cover/5d26879f1c0ceb4fe8f7a6ae44e6af75/1000x1000-000000-80-0-0.jpg	Rock Of The Westies	1975	https://www.deezer.com/track/1162669
john-elton--sacrifice	track	deezer	https://cdn-images.dzcdn.net/images/cover/1cb1ba8c9d2357c6cda590b48ac2d642/1000x1000-000000-80-0-0.jpg	Sleeping With The Past		https://www.deezer.com/track/1166025
johnny-tillotson--i-rise-i-fall	track	deezer	https://cdn-images.dzcdn.net/images/cover/1b22c07c0e274492e91a9021d94b3d59/1000x1000-000000-80-0-0.jpg	Teen Idol Best		https://www.deezer.com/track/13083043
johnny-cash--the-ways-of-a-woman-in-love	track	deezer	https://cdn-images.dzcdn.net/images/cover/fdac0a39e1b3ef18d5ac99c5b55984b2/1000x1000-000000-80-0-0.jpg	Vintage Music No. 109 - LP: Johnny Cash, B-Sides		https://www.deezer.com/track/6888609
johnny-horton--johnny-reb	track	deezer	https://cdn-images.dzcdn.net/images/cover/2fc83e3e10e162e3c87ce1c72c9526a1/1000x1000-000000-80-0-0.jpg	Johnny Horton - 16 Biggest Hits		https://www.deezer.com/track/854178
johnny-tillotson--jimmy-s-girl	track	deezer	https://cdn-images.dzcdn.net/images/cover/da587b42a3a259aed0ac1f9c3354d36b/1000x1000-000000-80-0-0.jpg	Johnny Tillotson's Best		https://www.deezer.com/track/514153432
johnny-tillotson--it-keeps-right-on-a-hurtin	track	deezer	https://cdn-images.dzcdn.net/images/cover/1b22c07c0e274492e91a9021d94b3d59/1000x1000-000000-80-0-0.jpg	Teen Idol Best		https://www.deezer.com/track/13083033
johnny-lee--lookin-for-love	track	deezer	https://cdn-images.dzcdn.net/images/cover/44e79bacd2b96082a59d6b9987edfd7a/1000x1000-000000-80-0-0.jpg	Greatest Hits		https://www.deezer.com/track/7789984
johnny-cash--i-got-stripes	track	deezer	https://cdn-images.dzcdn.net/images/cover/d01687ecc317a405eb91b740cf3452af/1000x1000-000000-80-0-0.jpg	The Legend		https://www.deezer.com/track/15377097
johnny-tillotson--talk-back-trembling-lips	track	deezer	https://cdn-images.dzcdn.net/images/cover/9ea4bd8853f5abdf0bcbd54967c6d188/1000x1000-000000-80-0-0.jpg	Talk Back Trembling Lips	1963	https://www.deezer.com/track/1046241562
johnny-tillotson--worried-guy	track	deezer	https://cdn-images.dzcdn.net/images/cover/edea927bb264d991298eae1941a956b8/1000x1000-000000-80-0-0.jpg	Travelin' on Foreign Grounds		https://www.deezer.com/track/720528622
johnny-tillotson--out-of-my-mind	track	deezer	https://cdn-images.dzcdn.net/images/cover/0b4e5395101232cec42bef905e2f1d07/1000x1000-000000-80-0-0.jpg	Poetry in Motion - This Is Johnny Tillotson		https://www.deezer.com/track/384337121
joni-mitchell--baby-i-don-t-care	track	deezer	https://cdn-images.dzcdn.net/images/cover/cd2a7fcc63d7aeec149f5583f6d045cd/1000x1000-000000-80-0-0.jpg	Wild Things Run Fast	1982	https://www.deezer.com/track/60725473
billy-joel--uptown-girl	track	itunes	https://is1-ssl.mzstatic.com/image/thumb/Music125/v4/b3/ed/8e/b3ed8eb8-e276-ee92-bf69-fba2865516b6/dj.yjsnvawq.jpg/600x600cc.jpg	An Innocent Man	1983	https://music.apple.com/us/album/uptown-girl/259814641?i=259814810&uo=4
jon-secada--just-another-day	track	deezer	https://cdn-images.dzcdn.net/images/cover/a6f22e152a4a4f2c659b57b4b3789ce5/1000x1000-000000-80-0-0.jpg	Jon Secada		https://www.deezer.com/track/3359659
jovanotti--ragazzo-fortunato	track	deezer	https://cdn-images.dzcdn.net/images/cover/3477669754b8ae1cabe7af4c7f6f911a/1000x1000-000000-80-0-0.jpg	Lorenzo 1992		https://www.deezer.com/track/565658662
kate-bush--babooshka	track	deezer	https://cdn-images.dzcdn.net/images/cover/66af3ed33c26873c02793e7b4a201541/1000x1000-000000-80-0-0.jpg	Never for Ever	1980	https://www.deezer.com/track/3127829
jovanotti--serenata-rap	track	deezer	https://cdn-images.dzcdn.net/images/cover/3e42dae5717be0f2c5c0cf094e556a8d/1000x1000-000000-80-0-0.jpg	Lorenzo 1994	1994	https://www.deezer.com/track/2427113
shaggy--it-wasn-t-me	track	itunes	https://is1-ssl.mzstatic.com/image/thumb/Music211/v4/5b/78/c0/5b78c053-c5d5-5414-6d95-2a9ab3d3c7a6/06UMGIM55575.rgb.jpg/600x600cc.jpg	Hot Shot	2000	https://music.apple.com/us/album/it-wasnt-me-feat-ricardo-ducent/1449315854?i=1449315876&uo=4
judas-priest--you-ve-got-another-thing-comin	track	deezer	https://cdn-images.dzcdn.net/images/cover/2b5c85ac151387805158bcb8c3c8dfd3/1000x1000-000000-80-0-0.jpg	Screaming For Vengeance		https://www.deezer.com/track/870942
juice-newton--break-it-to-me-gently	track	deezer	https://cdn-images.dzcdn.net/images/cover/e57be48e63886ad93c0e6dc83d59f93f/1000x1000-000000-80-0-0.jpg	The Trouble With Angels		https://www.deezer.com/track/68150742
juice-newton--queen-of-hearts	track	deezer	https://cdn-images.dzcdn.net/images/cover/d174af8debe5278259734eb04cce036b/1000x1000-000000-80-0-0.jpg	Country Greats - Juice Newton		https://www.deezer.com/track/3515853
kate-bush--running-up-that-hill	track	deezer	https://cdn-images.dzcdn.net/images/cover/22fedaf5d2b0ac8977b93bc1db7a4a2a/1000x1000-000000-80-0-0.jpg	Hounds Of Love		https://www.deezer.com/track/2173954687
the-animals--the-house-of-the-rising-sun	track	itunes	https://is1-ssl.mzstatic.com/image/thumb/Music211/v4/b9/8e/e1/b98ee1e2-71a2-158f-4ccb-787acc34e9c8/13ABKIM00091.rgb.jpg/600x600cc.jpg	The Animals (Bonus Track)	1964	https://music.apple.com/us/album/house-of-the-rising-sun/1440781967?i=1440781975&uo=4
kc-and-the-sunshine-band--that-s-the-way-i-like-it	track	deezer	https://cdn-images.dzcdn.net/images/cover/82fbb150fad5d0031091bb0ae84fa43d/1000x1000-000000-80-0-0.jpg	KC & the Sunshine Band		https://www.deezer.com/track/107118556
kenny-rogers--sweet-music-man	track	deezer	https://cdn-images.dzcdn.net/images/cover/cc5911c15209b7d4964167c461decfcc/1000x1000-000000-80-0-0.jpg	Daytime Friends		https://www.deezer.com/track/3521417
the-cranberries--linger	track	itunes	https://is1-ssl.mzstatic.com/image/thumb/Music211/v4/5c/cb/18/5ccb18f7-ab44-3478-cf33-7953837907d2/18UMGIM43740.rgb.jpg/600x600cc.jpg	Everybody Else Is Doing It, So Why Can't We? (Remastered 2026)	1993	https://music.apple.com/us/album/linger-remastered-2026/6765559053?i=6765559429&uo=4
kenny-rogers--lucille	track	deezer	https://cdn-images.dzcdn.net/images/cover/db14831a2b246f5a5a5448bdd14eb88c/1000x1000-000000-80-0-0.jpg	The Best Of Kenny Rogers: Through The Years		https://www.deezer.com/track/555636472
kenny-rogers--scarlet-fever	track	deezer	https://cdn-images.dzcdn.net/images/cover/41af3456e1ee4f14b99f977aa0c2d107/1000x1000-000000-80-0-0.jpg	We've Got Tonight		https://www.deezer.com/track/493851882
kenny-rogers--i-don-t-need-you	track	deezer	https://cdn-images.dzcdn.net/images/cover/db14831a2b246f5a5a5448bdd14eb88c/1000x1000-000000-80-0-0.jpg	The Best Of Kenny Rogers: Through The Years		https://www.deezer.com/track/555636582
kenny-rogers--lady	track	deezer	https://cdn-images.dzcdn.net/images/cover/0b2ebf3d4f67667b24f441368983454f/1000x1000-000000-80-0-0.jpg	Lady - Single		https://www.deezer.com/track/73996302
kenny-rogers--through-the-years	track	deezer	https://cdn-images.dzcdn.net/images/cover/296d149049dfd8e560f56f393bdbe7e7/1000x1000-000000-80-0-0.jpg	Very Best Of Kenny Rogers		https://www.deezer.com/track/7369043
kenny-rogers--you-decorated-my-life	track	deezer	https://cdn-images.dzcdn.net/images/cover/db14831a2b246f5a5a5448bdd14eb88c/1000x1000-000000-80-0-0.jpg	The Best Of Kenny Rogers: Through The Years		https://www.deezer.com/track/555636532
kiss--rocket-ride	track	deezer	https://cdn-images.dzcdn.net/images/cover/4cde7b1b4e39ca9204cfca6f5962a022/1000x1000-000000-80-0-0.jpg	Alive II (Live)		https://www.deezer.com/track/689395682
kool-the-gang--celebration	track	deezer	https://cdn-images.dzcdn.net/images/cover/9953aecd3b6bad65f5b0acf711316fdd/1000x1000-000000-80-0-0.jpg	Celebrate!	1986	https://www.deezer.com/track/95873824
kris-kristofferson--loving-her-was-easier	track	deezer	https://cdn-images.dzcdn.net/images/cover/de923cc807431bbbcff4f78bdf787998/1000x1000-000000-80-0-0.jpg	The Silver Tongued Devil and I		https://www.deezer.com/track/1069760
led-zeppelin--d-yer-mak-er	track	deezer	https://cdn-images.dzcdn.net/images/cover/87df66f7805c5bd5fdf353def5c3425f/1000x1000-000000-80-0-0.jpg	Houses of the Holy (Remaster)		https://www.deezer.com/track/111628806
lavern-baker--see-see-rider	track	deezer	https://cdn-images.dzcdn.net/images/cover/f9b6a2ce102bc5685c43e0fdac448cce/1000x1000-000000-80-0-0.jpg	See See Rider		https://www.deezer.com/track/741250
laura-branigan--gloria	track	deezer-album	https://cdn-images.dzcdn.net/images/cover/1434dd0738889ac09a2b02435a52ac66/1000x1000-000000-80-0-0.jpg	Branigan	1982	https://www.deezer.com/album/512464
lavern-baker--i-cried-a-tear	track	deezer	https://cdn-images.dzcdn.net/images/cover/ab135d1d240a8f949093ab2cd0c4c5cf/1000x1000-000000-80-0-0.jpg	Blues Ballads		https://www.deezer.com/track/722316
led-zeppelin--good-times-bad-times	track	deezer	https://cdn-images.dzcdn.net/images/cover/e7e504911214f3ce512fecf78f42fbed/1000x1000-000000-80-0-0.jpg	Led Zeppelin (Remaster)		https://www.deezer.com/track/78621534
led-zeppelin--rock-and-roll	track	deezer	https://cdn-images.dzcdn.net/images/cover/460a0edd96f743be03b7405eac38c633/1000x1000-000000-80-0-0.jpg	Led Zeppelin IV (Deluxe Edition)		https://www.deezer.com/track/88003855
led-zeppelin--the-song-remains-the-same	track	deezer	https://cdn-images.dzcdn.net/images/cover/87df66f7805c5bd5fdf353def5c3425f/1000x1000-000000-80-0-0.jpg	Houses of the Holy (Remaster)		https://www.deezer.com/track/111628796
led-zeppelin--whole-lotta-love	track	deezer	https://cdn-images.dzcdn.net/images/cover/a5fdd04471cb7d6ec8a663621bdd9bee/1000x1000-000000-80-0-0.jpg	Led Zeppelin II (Deluxe Edition)	1969	https://www.deezer.com/track/78671026
lenny-kravitz--again	track	deezer	https://cdn-images.dzcdn.net/images/cover/b45b7a2c24f8481a976a15d98bb39784/1000x1000-000000-80-0-0.jpg	Greatest Hits		https://www.deezer.com/track/3129591
lenny-kravitz--are-you-gonna-go-my-way	track	deezer	https://cdn-images.dzcdn.net/images/cover/92fc3b56541e6af90105452f8e3cf510/1000x1000-000000-80-0-0.jpg	Are You Gonna Go My Way		https://www.deezer.com/track/3107395
little-joey-the-flips--bongo-stomp	track	musicbrainz	https://coverartarchive.org/release-group/d8213e0d-4a90-4379-befc-431134391e4c/front-500	60 Rock & Roll Smash Hits: Golden Goodie, Series‐A		https://musicbrainz.org/release/e407f64f-ce82-4a94-8f77-5bfffbc17300
ligabue--una-vita-da-mediano	track	deezer	https://cdn-images.dzcdn.net/images/cover/846fb7792ba6d1ff092be7f117325988/1000x1000-000000-80-0-0.jpg	Miss Mondo [Remastered Version]		https://www.deezer.com/track/6628021
lesley-gore--california-nights	track	deezer	https://cdn-images.dzcdn.net/images/cover/ff8c5df5983043b213fadf73282c8465/1000x1000-000000-80-0-0.jpg	California Nights		https://www.deezer.com/track/131743548
little-anthony-the-imperials--out-of-sight-out-of-mind	track	deezer	https://cdn-images.dzcdn.net/images/cover/3b067d01f23c5c254aeb1c1348bba3d8/1000x1000-000000-80-0-0.jpg	The Best Of Little Anthony & The Imperials		https://www.deezer.com/track/7820743
oasis--don-t-look-back-in-anger	track	deezer	https://cdn-images.dzcdn.net/images/cover/c4368c79bbe5c88b38b5c2a2527c51e5/1000x1000-000000-80-0-0.jpg	Don't Look Back In Anger		https://www.deezer.com/track/985722002
little-river-band--happy-anniversary	track	deezer	https://cdn-images.dzcdn.net/images/cover/f37d238adcd84360f0321aea072fbd55/1000x1000-000000-80-0-0.jpg	Re-Arranged		https://www.deezer.com/track/139598333
little-river-band--the-other-guy	track	deezer	https://cdn-images.dzcdn.net/images/cover/ec4ced303e4d98698365fc04a9e86290/1000x1000-000000-80-0-0.jpg	Rearranged		https://www.deezer.com/track/10586129
little-river-band--help-is-on-its-way	track	deezer	https://cdn-images.dzcdn.net/images/cover/70f7a9ab71af4c2e87775ff303551fe5/1000x1000-000000-80-0-0.jpg	The Hits... Revisited (Revisited)		https://www.deezer.com/track/391743772
los-bravos--black-is-black	track	deezer	https://cdn-images.dzcdn.net/images/cover/a5d8fe87bb2fc6cd1c5075e8b14169b3/1000x1000-000000-80-0-0.jpg	Black Is Black	1999	https://www.deezer.com/track/2796144
londonbeat--i-ve-been-thinking-about-you	track	deezer	https://cdn-images.dzcdn.net/images/cover/6c9a6046dc369375ee5181480bcc4962/1000x1000-000000-80-0-0.jpg	The Very Best Of	1997	https://www.deezer.com/track/992292
los-lobos--will-the-wolf-survive	track	deezer	https://cdn-images.dzcdn.net/images/cover/a6f19914e069d476edec9acfc97d8b85/1000x1000-000000-80-0-0.jpg	How Will the Wolf Survive?	1984	https://www.deezer.com/track/6629216
little-river-band--we-two	track	deezer	https://cdn-images.dzcdn.net/images/cover/766a55db2c0b43b52bdbb5978cc9f745/1000x1000-000000-80-0-0.jpg	The Net (Remastered 2022)		https://www.deezer.com/track/1952697397
lou-reed--walk-on-the-wild-side	track	deezer	https://cdn-images.dzcdn.net/images/cover/4abefbc7702fcdd12d5312961c0df70b/1000x1000-000000-80-0-0.jpg	Transformer	1972	https://www.deezer.com/track/97081744
louis-prima-keely-smith--that-old-black-magic	track	musicbrainz	https://coverartarchive.org/release-group/527007c7-3ca6-4034-9d9b-53a02a21273f/front-500	That Old Black Magic / You Are My Love	1958	https://musicbrainz.org/release/bfcf3f1a-a55d-4e2b-883f-5d9d9a928c5a
madonna--bad-girl	track	deezer	https://cdn-images.dzcdn.net/images/cover/0209c35e7379d1533f6db3ce902de447/1000x1000-000000-80-0-0.jpg	Erotica	1992	https://www.deezer.com/track/677591
britney-spears--baby-one-more-time	track	itunes	https://is1-ssl.mzstatic.com/image/thumb/Music221/v4/a3/78/83/a3788355-9932-b0b0-8314-f0717a13b8a6/888880333476.jpg/600x600cc.jpg	...Baby One More Time	1998	https://music.apple.com/us/album/baby-one-more-time/268284599?i=268284600&uo=4
madonna--i-ll-remember	track	deezer	https://cdn-images.dzcdn.net/images/cover/458e44f0d8359889999aa353aada5e13/1000x1000-000000-80-0-0.jpg	Something to Remember	1995	https://www.deezer.com/track/776919
lunapop--un-giorno-migliore	track	deezer-album	https://cdn-images.dzcdn.net/images/cover/d9623d6fdf2e3a1839780eab8256c590/1000x1000-000000-80-0-0.jpg	...Squérez?		https://www.deezer.com/album/43199571
madonna--fever	track	deezer	https://cdn-images.dzcdn.net/images/cover/0209c35e7379d1533f6db3ce902de447/1000x1000-000000-80-0-0.jpg	Erotica	1992	https://www.deezer.com/track/677578
madonna--into-the-groove	track	deezer	https://cdn-images.dzcdn.net/images/cover/ffc183e7636c39a49bd0c18193876c77/1000x1000-000000-80-0-0.jpg	You Can Dance	1987	https://www.deezer.com/track/2812573
madonna--material-girl	track	deezer	https://cdn-images.dzcdn.net/images/cover/3836708e2d450cdaa61341112b972228/1000x1000-000000-80-0-0.jpg	Like a Virgin	1984	https://www.deezer.com/track/678329
madonna--nothing-really-matters	track	deezer	https://cdn-images.dzcdn.net/images/cover/b75d884b15db9c2b3376f93caa059a93/1000x1000-000000-80-0-0.jpg	Ray of Light	1998	https://www.deezer.com/track/778731
mamas-papas--dream-a-little-dream-of-me	track	deezer	https://cdn-images.dzcdn.net/images/cover/ca96dd4e5a7e598625e23f55c7e60afa/1000x1000-000000-80-0-0.jpg	The Papas & The Mamas		https://www.deezer.com/track/538670442
mariah-carey--anytime-you-need-a-friend	track	deezer	https://cdn-images.dzcdn.net/images/cover/b24c1dcfdb6e34fcc8f24328ed302f72/1000x1000-000000-80-0-0.jpg	Anytime You Need A Friend EP	1994	https://www.deezer.com/track/1039135802
madonna--who-s-that-girl	track	deezer	https://cdn-images.dzcdn.net/images/cover/43e1a475049d84e7e6ccd5264b92f7b3/1000x1000-000000-80-0-0.jpg	Who's That Girl Soundtrack	1987	https://www.deezer.com/track/4094775
bob-marley--three-little-birds	track	itunes	https://is1-ssl.mzstatic.com/image/thumb/Music116/v4/23/fa/f8/23faf820-c4fa-2bf1-d672-846971f5cf5c/06UMGIM31355.rgb.jpg/600x600cc.jpg	Exodus (2013 Remaster)	1977	https://music.apple.com/us/album/three-little-birds/1625213430?i=1625213809&uo=4
mariah-carey--always-be-my-baby	track	deezer	https://cdn-images.dzcdn.net/images/cover/98ab83037b73f9fab9d97b5644ea2668/1000x1000-000000-80-0-0.jpg	Daydream	1995	https://www.deezer.com/track/1012940
mariah-carey--make-it-happen	track	deezer	https://cdn-images.dzcdn.net/images/cover/13dcc11389c5e843c86dd85d9452e2a1/1000x1000-000000-80-0-0.jpg	Emotions	1991	https://www.deezer.com/track/1054629
mariah-carey--one-sweet-day	track	deezer	https://cdn-images.dzcdn.net/images/cover/98ab83037b73f9fab9d97b5644ea2668/1000x1000-000000-80-0-0.jpg	Daydream	1995	https://www.deezer.com/track/1013811
marie-osmond--paper-roses	track	deezer	https://cdn-images.dzcdn.net/images/cover/ad3526023c60ebc925a5efc9da75fc45/1000x1000-000000-80-0-0.jpg	Dancing With The Best Of Marie Osmond		https://www.deezer.com/track/75767425
marvin-gaye--i-want-you	track	deezer	https://cdn-images.dzcdn.net/images/cover/13909703abefeea04e058a65f212c25a/1000x1000-000000-80-0-0.jpg	I Want You		https://www.deezer.com/track/3578371
martha-the-vandellas--nowhere-to-run	track	deezer-album	https://cdn-images.dzcdn.net/images/cover/c1b07276a1c2c166077a33efec6f2fb4/1000x1000-000000-80-0-0.jpg	Dance Party	1965	https://www.deezer.com/album/393732
marty-robbins--big-iron	track	deezer	https://cdn-images.dzcdn.net/images/cover/dc277c198be4dc0cda614fa0853b0137/1000x1000-000000-80-0-0.jpg	Gunfighter Ballads And Trail Songs		https://www.deezer.com/track/850955
marty-robbins--i-walk-alone	track	deezer	https://cdn-images.dzcdn.net/images/cover/4f37273cc4681b5d0c21fdcf5b7a20c1/1000x1000-000000-80-0-0.jpg	Marty Robbins - 16 Biggest Hits		https://www.deezer.com/track/852841
mary-macgregor--torn-between-two-lovers	track	musicbrainz	https://coverartarchive.org/release-group/06a2981a-9b0c-4a37-933f-14fba41b42df/front-500	Torn Between Two Lovers	1976	https://musicbrainz.org/release/443705a0-274f-4f60-a105-6c4cdda38da3
marvin-gaye--mercy-mercy-me	track	deezer	https://cdn-images.dzcdn.net/images/cover/dd5e37f720256949a07a7e1a91754550/1000x1000-000000-80-0-0.jpg	What's Going On		https://www.deezer.com/track/1133408902
marvin-gaye-tammi-terrell--if-i-could-build-my-whole-world-around-you	track	deezer	https://cdn-images.dzcdn.net/images/cover/7beb28379235585e5c8376d11776479f/1000x1000-000000-80-0-0.jpg	United		https://www.deezer.com/track/646327112
marx-richard--right-here-waiting	track	deezer	https://cdn-images.dzcdn.net/images/cover/6eb779fd8b6a40944ebf72b6b34003e3/1000x1000-000000-80-0-0.jpg	Repeat Offender	1989	https://www.deezer.com/track/3168937
sixpence-none-the-richer--kiss-me	track	deezer	https://cdn-images.dzcdn.net/images/cover/aeead52beefc1e43665c6b507a7e46e4/1000x1000-000000-80-0-0.jpg	Sixpence None The Richer	1998	https://www.deezer.com/track/134116940
marx-richard--hazard	track	deezer-album	https://cdn-images.dzcdn.net/images/cover/bc6b8a6da52269d5d17f9de70cc54764/1000x1000-000000-80-0-0.jpg	Rush Street		https://www.deezer.com/album/3742441
marvin-gaye-kim-weston--it-takes-two	track	deezer	https://cdn-images.dzcdn.net/images/cover/55479a646e1d8737bc6583bed440a03e/1000x1000-000000-80-0-0.jpg	It Takes Two		https://www.deezer.com/track/3789647492
max-frost-the-troopers--shape-of-things-to-come	track	deezer	https://cdn-images.dzcdn.net/images/cover/57865b64714dc6b3757b8060ced4add7/1000x1000-000000-80-0-0.jpg	Classic West Coast Rock 'n' Roll		https://www.deezer.com/track/75766925
meat-loaf--you-took-the-words-right-out-of-my-mouth	track	deezer	https://cdn-images.dzcdn.net/images/cover/8211d5978a8efd881d5c1769f3713a45/1000x1000-000000-80-0-0.jpg	Bat Out Of Hell		https://www.deezer.com/track/125468084
metallica--orion	track	deezer	https://cdn-images.dzcdn.net/images/cover/291e2af9295ca885b154eee75dfa0432/1000x1000-000000-80-0-0.jpg	Master Of Puppets (Remastered)	1986	https://www.deezer.com/track/424565282
mel-torme--comin-home-baby	track	deezer	https://cdn-images.dzcdn.net/images/cover/6aa6a9d04a1b1fce8bab351d668952eb/1000x1000-000000-80-0-0.jpg	Comin' Home Baby		https://www.deezer.com/track/735478
metallica--leper-messiah	track	deezer	https://cdn-images.dzcdn.net/images/cover/291e2af9295ca885b154eee75dfa0432/1000x1000-000000-80-0-0.jpg	Master Of Puppets (Remastered)	1986	https://www.deezer.com/track/424565272
michael-george--jesus-to-a-child	track	deezer	https://cdn-images.dzcdn.net/images/cover/eed917419ae0b958730b075c165dd607/1000x1000-000000-80-0-0.jpg	Older		https://www.deezer.com/track/8112356
metallica--welcome-home	track	deezer	https://cdn-images.dzcdn.net/images/cover/291e2af9295ca885b154eee75dfa0432/1000x1000-000000-80-0-0.jpg	Master Of Puppets (Remastered)	1986	https://www.deezer.com/track/424565252
melba-montgomery--no-charge	track	musicbrainz	https://coverartarchive.org/release-group/d31d539c-2766-4b61-8749-ed83ef23826f/front-500	No Charge	1974	https://musicbrainz.org/release/0197824b-ada2-4e11-b5b1-4aa148b076f0
michael-george--one-more-try	track	deezer	https://cdn-images.dzcdn.net/images/cover/f24a4351040ae09175cbd775607aafe6/1000x1000-000000-80-0-0.jpg	Faith		https://www.deezer.com/track/8146782
michael-jackson-with-siedah-garrett--i-just-can-t-stop-loving-you	track	musicbrainz	https://coverartarchive.org/release-group/5dc1f44e-5dc0-3b37-b3d2-8291ca62826c/front-500	I Just Can’t Stop Loving You	1987	https://musicbrainz.org/release/b28f58e0-55f7-49a0-b4cb-124630814247
metallica--creeping-death	track	deezer-album	https://cdn-images.dzcdn.net/images/cover/6d5f397660c6ec7a445f386edac05b9e/1000x1000-000000-80-0-0.jpg	Ride The Lightning (Remastered)		https://www.deezer.com/album/14581762
radiohead--no-surprises	track	itunes	https://is1-ssl.mzstatic.com/image/thumb/Music116/v4/07/60/ba/0760ba0f-148c-b18f-d0ff-169ee96f3af5/634904078164.png/600x600cc.jpg	OK Computer	1997	https://music.apple.com/us/album/no-surprises/1097861387?i=1097861842&uo=4
michael-jackson--human-nature	track	deezer	https://cdn-images.dzcdn.net/images/cover/f01e09ceb8ad1e96707c1b4aadb5911b/1000x1000-000000-80-0-0.jpg	Thriller	1983	https://www.deezer.com/track/831196
michael-johnson--almost-like-being-in-love	track	deezer	https://cdn-images.dzcdn.net/images/cover/aed7f9bf5a360d2f718a709804fa4824/1000x1000-000000-80-0-0.jpg	The Michael Johnson Album		https://www.deezer.com/track/689409582
mike-the-mechanics--all-i-need-is-a-miracle	track	deezer	https://cdn-images.dzcdn.net/images/cover/a61b82c154e18a90726d63eb7aaa9928/1000x1000-000000-80-0-0.jpg	Mike + The Mechanics	1985	https://www.deezer.com/track/2598562612
smash-mouth--all-star	track	itunes	https://is1-ssl.mzstatic.com/image/thumb/Music126/v4/ab/6f/5f/ab6f5f79-fe60-a6b9-c47c-cecf0e491be0/06UMGIM04334.rgb.jpg/600x600cc.jpg	Astro Lounge	1999	https://music.apple.com/us/album/all-star/1440915299?i=1440915693&uo=4
nat-king-cole--those-lazy-hazy-crazy-days-of-summer	track	deezer	https://cdn-images.dzcdn.net/images/cover/ca9e4a8c4c4a3d53eba1374f02ab2a04/1000x1000-000000-80-0-0.jpg	Those Lazy Hazy Crazy Days Of Summer		https://www.deezer.com/track/3326285
minnie-riperton--lovin-you	track	deezer	https://cdn-images.dzcdn.net/images/cover/b182d9b184616d6987f69584f8379031/1000x1000-000000-80-0-0.jpg	Perfect Angel		https://www.deezer.com/track/3332290
natalie-cole--miss-you-like-crazy	track	deezer	https://cdn-images.dzcdn.net/images/cover/a31c3bd9b221b66d32252a51d14d334c/1000x1000-000000-80-0-0.jpg	Good To Be Back	1991	https://www.deezer.com/track/1444373482
miller--chattanooga-choo-choo	track	deezer	https://cdn-images.dzcdn.net/images/cover/c5a0a0d93d7d07acb2c6d68abb5ac2b9/1000x1000-000000-80-0-0.jpg	Glenn Miller		https://www.deezer.com/track/6071994
natalie-cole--i-ve-got-love-on-my-mind	track	deezer	https://cdn-images.dzcdn.net/images/cover/99a65f5789a043b13172bdd22c70656c/1000x1000-000000-80-0-0.jpg	Unpredictable		https://www.deezer.com/track/3326259
miller--in-the-mood	track	deezer	https://cdn-images.dzcdn.net/images/cover/6dbcbd5e1fff57b4ec1a2cd3a961b8ea/1000x1000-000000-80-0-0.jpg	Big Bands Of The Swingin' Years: Glenn Miller (Digitally Remastered)		https://www.deezer.com/track/12407006
miller--moonlight-serenade	track	deezer	https://cdn-images.dzcdn.net/images/cover/77d2464881f0a855fa7730ceb89bbd50/1000x1000-000000-80-0-0.jpg	Moonlight Serenade		https://www.deezer.com/track/64128213
nine-inch-nails--a-warm-place	track	deezer	https://cdn-images.dzcdn.net/images/cover/89d401ea7aecb97639fa86c81213de51/1000x1000-000000-80-0-0.jpg	The Downward Spiral	1994	https://www.deezer.com/track/1173965
neneh-cherry--kisses-on-the-wind	track	deezer	https://cdn-images.dzcdn.net/images/cover/bdeb514b534c737aba92a28e0264a8c5/1000x1000-000000-80-0-0.jpg	Raw Like Sushi	1992	https://www.deezer.com/track/3324538
new-order--blue-monday	track	deezer	https://cdn-images.dzcdn.net/images/cover/d0516e91e65209d1d14d596cb4ee8c58/1000x1000-000000-80-0-0.jpg	The Rest of New Order		https://www.deezer.com/track/706077
nirvana--about-a-girl	track	deezer	https://cdn-images.dzcdn.net/images/cover/753428fbca4850a4a63ce9e59a73a21c/1000x1000-000000-80-0-0.jpg	Nirvana		https://www.deezer.com/track/529900441
neil-diamond--america	track	deezer	https://cdn-images.dzcdn.net/images/cover/ee019879d95a51c6e1a5c718ecba2e84/1000x1000-000000-80-0-0.jpg	The Jazz Singer (Original Songs From The Motion Picture)	1996	https://www.deezer.com/track/80111808
neil-diamond--song-sung-blue	track	deezer-album	https://cdn-images.dzcdn.net/images/cover/74b182823590b2d1b0cf9e48c29d03df/1000x1000-000000-80-0-0.jpg	Not Sweet Caroline		https://www.deezer.com/album/542665792
nitty-gritty-dirt-band--buy-for-me-the-rain	track	deezer	https://cdn-images.dzcdn.net/images/cover/daa9178ab9e1568d64aeaf630ee4cef0/1000x1000-000000-80-0-0.jpg	The Nitty Gritty Dirt Band		https://www.deezer.com/track/65182183
oberkrainer--es-ist-so-schon-ein-musikant-zu-sein	none	placeholder				
oak-ridge-boys--elvira	track	deezer	https://cdn-images.dzcdn.net/images/cover/ad7cc941c78f48fcf0147e52217583ae/1000x1000-000000-80-0-0.jpg	Fancy Free		https://www.deezer.com/track/24185731
nirvana--verse-chorus-verse	track	deezer	https://cdn-images.dzcdn.net/images/cover/fb71ce45bc9d3f2cb53977cf18d43b0a/1000x1000-000000-80-0-0.jpg	Nevermind (Deluxe Edition)		https://www.deezer.com/track/13693528
nirvana--the-man-who-sold-the-world	track	musicbrainz	https://coverartarchive.org/release-group/2a0981fb-9593-3019-864b-ce934d97a16e/front-500	In Utero	2023	https://musicbrainz.org/release/2536a378-735a-4461-b65f-52ccff39f470
nitty-gritty-dirt-band--make-a-little-magic	track	deezer	https://cdn-images.dzcdn.net/images/cover/b061f1fa4274daa6e82fc14dc4fbff06/1000x1000-000000-80-0-0.jpg	Best Of The Nitty Gritty Dirt Band		https://www.deezer.com/track/3232106
otis-redding--i-ve-been-loving-you-too-long	track	deezer	https://cdn-images.dzcdn.net/images/cover/461d6093a08e32ce56094feea2d46cbb/1000x1000-000000-80-0-0.jpg	Otis Blue (Mono)		https://www.deezer.com/track/86490065
pat-benatar--little-too-late	track	deezer	https://cdn-images.dzcdn.net/images/cover/b0e461b26a9f11f6edf16b1deadea4ca/1000x1000-000000-80-0-0.jpg	Get Nervous	1984	https://www.deezer.com/track/3313006
paoli--il-cielo-in-una-stanza	track	deezer	https://cdn-images.dzcdn.net/images/cover/73ee74f3da1aa0fd79a1cbb79fdfdc9c/1000x1000-000000-80-0-0.jpg	Gino Paoli - I Miti		https://www.deezer.com/track/1019795
otis-redding--chained-and-bound	track	deezer	https://cdn-images.dzcdn.net/images/cover/8de4e416ba6963510e9ed21b214ce611/1000x1000-000000-80-0-0.jpg	The King of Soul		https://www.deezer.com/track/74663366
paper-lace--the-night-chicago-died	track	deezer	https://cdn-images.dzcdn.net/images/cover/aad176cda0ed1cf0ca3cb9f7a1f439fc/1000x1000-000000-80-0-0.jpg	Billy Don't Be A Hero		https://www.deezer.com/track/1226497
paul-anka--let-me-get-to-know-you	track	deezer	https://cdn-images.dzcdn.net/images/cover/9451d1941c5f6eec3040c431f38e3c9b/1000x1000-000000-80-0-0.jpg	Anka		https://www.deezer.com/track/14458748
paul-mccartney--press	track	deezer	https://cdn-images.dzcdn.net/images/cover/e770871c241f769dbd7e7c111c02b55f/1000x1000-000000-80-0-0.jpg	Press To Play		https://www.deezer.com/track/10186057
pat-benatar--promises-in-the-dark	track	deezer-album	https://cdn-images.dzcdn.net/images/cover/6a16dac1fdd84e8e4b96d4696d709a5e/1000x1000-000000-80-0-0.jpg	Best Shots		https://www.deezer.com/album/301263
pat-benatar--fire-and-ice	track	deezer-album	https://cdn-images.dzcdn.net/images/cover/6a16dac1fdd84e8e4b96d4696d709a5e/1000x1000-000000-80-0-0.jpg	Best Shots		https://www.deezer.com/album/301263
paul-revere-the-raiders--kicks	track	deezer	https://cdn-images.dzcdn.net/images/cover/99d3756241ec1aabc890a074e98962af/1000x1000-000000-80-0-0.jpg	Midnight Ride		https://www.deezer.com/track/73139400
paul-simon--50-ways-to-leave-your-lover	track	deezer	https://cdn-images.dzcdn.net/images/cover/4286f23cf79496e70cc771a83c091753/1000x1000-000000-80-0-0.jpg	Still Crazy After All These Years		https://www.deezer.com/track/6581143
paul-anka--love-me-warm-and-tender	track	deezer-album	https://cdn-images.dzcdn.net/images/cover/39ef8be46ed3ef37b1689b07682ea41e/1000x1000-000000-80-0-0.jpg	My Way		https://www.deezer.com/album/110123
paul-young--every-time-you-go-away	track	deezer	https://cdn-images.dzcdn.net/images/cover/52b14c89d3e526d284d86da648521867/1000x1000-000000-80-0-0.jpg	The Secret Of Association		https://www.deezer.com/track/7893271
paula-abdul--opposites-attract	track	deezer	https://cdn-images.dzcdn.net/images/cover/6b4d71e1c818c86bda5edf4b820e9496/1000x1000-000000-80-0-0.jpg	Forever Your Girl	1988	https://www.deezer.com/track/3311524
paula-abdul--straight-up	track	deezer	https://cdn-images.dzcdn.net/images/cover/6b4d71e1c818c86bda5edf4b820e9496/1000x1000-000000-80-0-0.jpg	Forever Your Girl	1988	https://www.deezer.com/track/3311528
pet-shop-boys--always-on-my-mind-in-my-house	track	deezer	https://cdn-images.dzcdn.net/images/cover/573cd875ad9ce8ae10d22f0d7f3ff33c/1000x1000-000000-80-0-0.jpg	Introspective (2018 Remaster)	1988	https://www.deezer.com/track/1912706507
peaches-herb--shake-your-groove-thing	track	deezer	https://cdn-images.dzcdn.net/images/cover/8bf55524f597fbfe795febf5b6dc0f17/1000x1000-000000-80-0-0.jpg	2 Hot!		https://www.deezer.com/track/598046552
paul-simon--you-can-call-me-al	track	deezer-album	https://cdn-images.dzcdn.net/images/cover/596bab7c47579f1959b12aa0dcf83c02/1000x1000-000000-80-0-0.jpg	Graceland	1986	https://www.deezer.com/album/3095481
peggy-lee--fever	track	deezer	https://cdn-images.dzcdn.net/images/cover/a2820a4125f65ccd77211e0b31bb4e2c/1000x1000-000000-80-0-0.jpg	Fever		https://www.deezer.com/track/3369473911
pet-shop-boys--always-on-my-mind	track	deezer	https://cdn-images.dzcdn.net/images/cover/573cd875ad9ce8ae10d22f0d7f3ff33c/1000x1000-000000-80-0-0.jpg	Introspective (2018 Remaster)	1988	https://www.deezer.com/track/1912706507
peggy-lee--is-that-all-there-is	track	deezer	https://cdn-images.dzcdn.net/images/cover/0ce6e5bf897b634444c40ebba9e98c59/1000x1000-000000-80-0-0.jpg	The Best Of Peggy Lee		https://www.deezer.com/track/3124349
peter-cetera--glory-of-love	track	deezer	https://cdn-images.dzcdn.net/images/cover/344b839a50288536dea2d57290672244/1000x1000-000000-80-0-0.jpg	Solitude / Solitaire		https://www.deezer.com/track/2627636
aerosmith--i-don-t-want-to-miss-a-thing	track	deezer	https://cdn-images.dzcdn.net/images/cover/82bb160fe7b46cca64dc989a4f5843d0/1000x1000-000000-80-0-0.jpg	Armageddon - The Album	1998	https://www.deezer.com/track/624823
pet-shop-boys--love-comes-quickly	track	deezer	https://cdn-images.dzcdn.net/images/cover/393d2ce1ba348485b895213e226bd9da/1000x1000-000000-80-0-0.jpg	Please	1986	https://www.deezer.com/track/3310514
peter-paul-mary--puff	track	musicbrainz	https://coverartarchive.org/release-group/7fc67a91-0a13-3546-b797-536b6b2f9c8e/front-500	Peter, Paul and Mommy	1969	https://musicbrainz.org/release/0580de85-acf6-3c5d-a721-cd40e0d53a7e
pink-floyd--outside-the-wall	track	deezer	https://cdn-images.dzcdn.net/images/cover/2bea643b92a8fc6b19a23756f718cbd4/1000x1000-000000-80-0-0.jpg	The Wall	1979	https://www.deezer.com/track/116914136
pink-floyd--the-great-gig-in-the-sky	track	deezer	https://cdn-images.dzcdn.net/images/cover/e635a8510c1a74bc089b3566ebbb9cb8/1000x1000-000000-80-0-0.jpg	The Dark Side of the Moon	1973	https://www.deezer.com/track/116914024
phil-collins--two-hearts	track	deezer-album	https://cdn-images.dzcdn.net/images/cover/ec2d744be32e49de57f59513d0e3d5c1/1000x1000-000000-80-0-0.jpg	Love Songs (A Compilation Old and New)		https://www.deezer.com/album/399061
poison--unskinny-bop	track	deezer	https://cdn-images.dzcdn.net/images/cover/48ebebdfce609b5330d2d046afe1b319/1000x1000-000000-80-0-0.jpg	Flesh & Blood		https://www.deezer.com/track/3235346
pooh--l-altra-donna	track	deezer	https://cdn-images.dzcdn.net/images/cover/753e1e51dc4692eb90f752bfea8cad3f/1000x1000-000000-80-0-0.jpg	Uomini soli (2012 Remaster)		https://www.deezer.com/track/3724746552
pooh--parsifal	track	deezer	https://cdn-images.dzcdn.net/images/cover/63fb9a35a65d7f54c7eeee506a9e9930/1000x1000-000000-80-0-0.jpg	Parsifal (2014 Remaster)	1973	https://www.deezer.com/track/92592112
pink-floyd--another-brick-in-the-wall	track	deezer	https://cdn-images.dzcdn.net/images/cover/2bea643b92a8fc6b19a23756f718cbd4/1000x1000-000000-80-0-0.jpg	The Wall	1979	https://www.deezer.com/track/116914094
prince--cream	track	deezer	https://cdn-images.dzcdn.net/images/cover/69e3f69ae975e0e25b241d5a066c0ba2/1000x1000-000000-80-0-0.jpg	Diamonds and Pearls		https://www.deezer.com/track/664142
pointer-sisters--he-s-so-shy	track	deezer	https://cdn-images.dzcdn.net/images/cover/640b4527a6141e35d371a7c86bbcc15c/1000x1000-000000-80-0-0.jpg	I'm So Excited - The Very Best Of		https://www.deezer.com/track/599045
prince--let-it-go	track	deezer	https://cdn-images.dzcdn.net/images/cover/65f2a18012529a76ac35e96acea5c4f5/1000x1000-000000-80-0-0.jpg	Memories EP		https://www.deezer.com/track/988674212
prince--the-most-beautiful-girl-in-the-world	track	deezer	https://cdn-images.dzcdn.net/images/cover/b94aca81917de9254d54cb45ba820677/1000x1000-000000-80-0-0.jpg	The Gold Experience	1995	https://www.deezer.com/track/536618412
prince--when-doves-cry	track	deezer	https://cdn-images.dzcdn.net/images/cover/526d2d27a16da94b6f46fa4e786a34c9/1000x1000-000000-80-0-0.jpg	Purple Rain		https://www.deezer.com/track/2806039672
psychedelic-furs--pretty-in-pink	track	deezer	https://cdn-images.dzcdn.net/images/cover/ec239f13010aad09d66c2f18820b46b6/1000x1000-000000-80-0-0.jpg	Midnight To Midnight	1986	https://www.deezer.com/track/13181788
pure-prairie-league--amie	track	deezer	https://cdn-images.dzcdn.net/images/cover/f79586cf83899a8b874ca236cee2bbc8/1000x1000-000000-80-0-0.jpg	Alive In America '74		https://www.deezer.com/track/3075147161
queen--i-m-going-slightly-mad	track	deezer	https://cdn-images.dzcdn.net/images/cover/1ae58b7b789c2f0dec6e879820147617/1000x1000-000000-80-0-0.jpg	Innuendo		https://www.deezer.com/track/4092338641
queen--i-want-to-break-free	track	deezer	https://cdn-images.dzcdn.net/images/cover/e292eacc66bc3c9cd174a20db4c36531/1000x1000-000000-80-0-0.jpg	The Works		https://www.deezer.com/track/4092335521
queen--love-of-my-life	track	deezer	https://cdn-images.dzcdn.net/images/cover/0b56f4eee05fa1ea753c5654b2cdb70c/1000x1000-000000-80-0-0.jpg	A Night At The Opera		https://www.deezer.com/track/4091937381
queen--too-much-love-will-kill-you	track	deezer	https://cdn-images.dzcdn.net/images/cover/578ab4a026dcf47daa9faf17975eba51/1000x1000-000000-80-0-0.jpg	Made In Heaven	1995	https://www.deezer.com/track/4092326081
queen--you-don-t-fool-me	track	deezer	https://cdn-images.dzcdn.net/images/cover/578ab4a026dcf47daa9faf17975eba51/1000x1000-000000-80-0-0.jpg	Made In Heaven	1995	https://www.deezer.com/track/4092326091
ray-charles--crying-time	track	deezer	https://cdn-images.dzcdn.net/images/cover/980be7b9401f0ff6b2ccf87c390e753f/1000x1000-000000-80-0-0.jpg	Crying Time (2024 Remaster)	1966	https://www.deezer.com/track/3877701761
r-dean-taylor--indiana-wants-me	track	deezer	https://cdn-images.dzcdn.net/images/cover/f7910540db00bacb8e744d21c1f56f8b/1000x1000-000000-80-0-0.jpg	The Complete Motown Singles Vol. 10: 1970		https://www.deezer.com/track/796317122
ray-charles--eleanor-rigby	track	deezer	https://cdn-images.dzcdn.net/images/cover/368c0bee21a594a07261044ef3052960/1000x1000-000000-80-0-0.jpg	Ray Charles		https://www.deezer.com/track/62756910
queen--save-me	track	deezer-album	https://cdn-images.dzcdn.net/images/cover/b9d4ab9f4bd4465094372269800f390c/1000x1000-000000-80-0-0.jpg	Anthems		https://www.deezer.com/album/1007320021
ray-price--for-the-good-times	track	deezer	https://cdn-images.dzcdn.net/images/cover/97c2fdf346e23fe4dae90acd5e3b56b6/1000x1000-000000-80-0-0.jpg	For the Good Times		https://www.deezer.com/track/132198148
ramazzotti--piu-bella-cosa	track	deezer-album	https://cdn-images.dzcdn.net/images/cover/537cda30c72562aa62c815982e62f7ea/1000x1000-000000-80-0-0.jpg	Eros	1997	https://www.deezer.com/album/114094
ray-charles--let-s-go-get-stoned	track	deezer	https://cdn-images.dzcdn.net/images/cover/4ee31a5afdd86a1bc28d55a7869b1e69/1000x1000-000000-80-0-0.jpg	Ray Charles: The Jazz Piano Legend		https://www.deezer.com/track/6121884
ray-charles--the-right-time	track	deezer	https://cdn-images.dzcdn.net/images/cover/921af5e3064dd6b15e7ebdf95ebe42e9/1000x1000-000000-80-0-0.jpg	The Best of Ray Charles: The Atlantic Years		https://www.deezer.com/track/670928
real-mccoy--another-night	track	deezer	https://cdn-images.dzcdn.net/images/cover/8cdc05b609232d463417238a6dc09e89/1000x1000-000000-80-0-0.jpg	Another Night	1995	https://www.deezer.com/track/1042543
rick-derringer--rock-and-roll-hoochie-koo	track	deezer	https://cdn-images.dzcdn.net/images/cover/929ee760d4041090f9aead7f2b0a6f01/1000x1000-000000-80-0-0.jpg	All American Boy (Expanded Edition)	1973	https://www.deezer.com/track/759679442
rick-springfield--don-t-talk-to-strangers	track	deezer	https://cdn-images.dzcdn.net/images/cover/34b2ea09dd48d2b13b1462192c9122da/1000x1000-000000-80-0-0.jpg	Success Hasn't Spoiled Me Yet	1982	https://www.deezer.com/track/15641166
billy-joel--piano-man	none	placeholder				
rita-coolidge--we-re-all-alone	track	deezer	https://cdn-images.dzcdn.net/images/cover/497fc2fa8259f63d855187e08007fbbb/1000x1000-000000-80-0-0.jpg	Anytime... Anywhere		https://www.deezer.com/track/642698082
ricky-martin--she-bangs	track	deezer	https://cdn-images.dzcdn.net/images/cover/8ce3c2e14c8872e7a74367a0a12f90b6/1000x1000-000000-80-0-0.jpg	Sound Loaded		https://www.deezer.com/track/830927
bill-withers--ain-t-no-sunshine	artist	deezer-artist	https://cdn-images.dzcdn.net/images/artist/3d6efd55377baa6322530e103da6d164/1000x1000-000000-80-0-0.jpg			https://www.deezer.com/artist/1118
rita-coolidge--fever	track	deezer	https://cdn-images.dzcdn.net/images/cover/412239bb70c2f47aeb91d0c01a75803f/1000x1000-000000-80-0-0.jpg	The Lady's Not For Sale		https://www.deezer.com/track/623722072
rita-coolidge--the-way-you-do-the-things-you-do	track	deezer	https://cdn-images.dzcdn.net/images/cover/497fc2fa8259f63d855187e08007fbbb/1000x1000-000000-80-0-0.jpg	Anytime... Anywhere		https://www.deezer.com/track/642698072
robert-john--lonely-eyes	track	deezer	https://cdn-images.dzcdn.net/images/cover/a8a9475933d536536128ca832224ae0f/1000x1000-000000-80-0-0.jpg	Robert John		https://www.deezer.com/track/3329756281
rob-base--it-takes-two	track	deezer	https://cdn-images.dzcdn.net/images/cover/e043fb53e57842e2a4160d9bed914610/1000x1000-000000-80-0-0.jpg	It Takes Two		https://www.deezer.com/track/78034213
roberta-flack-donny-hathaway--you-ve-got-a-friend	track	deezer	https://cdn-images.dzcdn.net/images/cover/9d5087d0f9d270b51237d337dfb1d0ad/1000x1000-000000-80-0-0.jpg	Roberta Flack & Donny Hathaway	1972	https://www.deezer.com/track/3892119
roberta-flack--killing-me-softly	track	deezer	https://cdn-images.dzcdn.net/images/cover/b3aea69c618129b66d846163f2623a0a/1000x1000-000000-80-0-0.jpg	Killing Me Softly	1973	https://www.deezer.com/track/14615242
rock-and-hyde--dirty-water	track	musicbrainz	https://coverartarchive.org/release-group/b17181cc-7ec6-3458-8d43-1478332e8752/front-500	Under the Volcano	1987	https://musicbrainz.org/release/82a7dcd9-c0d8-4e00-b576-aa7e3627e8d7
rod-bernard--this-should-go-on-forever	track	deezer	https://cdn-images.dzcdn.net/images/cover/20b5139a696de3c96c79a5f18e10ba9b/1000x1000-000000-80-0-0.jpg	Rod Bernard		https://www.deezer.com/track/514240862
guns-n-roses--november-rain	track	itunes	https://is1-ssl.mzstatic.com/image/thumb/Music112/v4/6a/e2/1f/6ae21fa9-c897-3be1-2967-50eefae22b93/06UMGIM05041.rgb.jpg/600x600cc.jpg	Use Your Illusion I	1991	https://music.apple.com/us/album/november-rain/1440896026?i=1440896193&uo=4
rod-stewart--twistin-the-night-away	track	deezer	https://cdn-images.dzcdn.net/images/cover/dbda95ff409c1d261c06b923aa02f7da/1000x1000-000000-80-0-0.jpg	Never A Dull Moment		https://www.deezer.com/track/1761422597
ronnie-milsap--i-wouldn-t-have-missed-it-for-the-world	track	deezer	https://cdn-images.dzcdn.net/images/cover/2b718937e33c11ff054864314bc1b24e/1000x1000-000000-80-0-0.jpg	There's No Gettin' Over Me	1981	https://www.deezer.com/track/621631392
roy-black--ganz-in-weiss	track	musicbrainz	https://coverartarchive.org/release-group/534bef6a-fe2e-447f-b541-6593e5c459a1/front-500	Portrait of Roy Black	1973	https://musicbrainz.org/release/0dc49302-2130-496b-bb6c-ff706b101bc9
roger-miller--you-can-t-roller-skate-in-a-buffalo-herd	track	deezer	https://cdn-images.dzcdn.net/images/cover/52fe3482ebc202a8fed55e6d23027c20/1000x1000-000000-80-0-0.jpg	Roger Miller		https://www.deezer.com/track/637455332
roy-drusky--three-hearts-in-a-tangle	track	deezer	https://cdn-images.dzcdn.net/images/cover/aa81c605613a3403fe0d0892c26caf09/1000x1000-000000-80-0-0.jpg	Second Hand Rose		https://www.deezer.com/track/6291815
run-d-m-c--walk-this-way	artist	deezer-artist	https://cdn-images.dzcdn.net/images/artist/0a27ad88911f5e66b47a40d983303b03/1000x1000-000000-80-0-0.jpg			https://www.deezer.com/artist/49116291
roy-orbison--cry-softly-lonely-one	track	deezer	https://cdn-images.dzcdn.net/images/cover/7ea3f03f1830d2da60f4ae861e90eef8/1000x1000-000000-80-0-0.jpg	Cry Softly Lonely One (Remastered)		https://www.deezer.com/track/114391454
roy-head--treat-her-right	track	deezer	https://cdn-images.dzcdn.net/images/cover/feeb12f033ed06cde8598b8573049b3c/1000x1000-000000-80-0-0.jpg	Roy Head - Still Treatin' 'Em Right		https://www.deezer.com/track/17014067
roxette--sleeping-in-my-car	track	deezer-album	https://cdn-images.dzcdn.net/images/cover/1566d6aaf2b3aec077a2e01ac8e9d2c3/1000x1000-000000-80-0-0.jpg	Crash! Boom! Bang!	1994	https://www.deezer.com/album/701495531
sagittarius--my-world-fell-down	track	deezer	https://cdn-images.dzcdn.net/images/cover/c30355dd2b1af00577bd025141003ba7/1000x1000-000000-80-0-0.jpg	Present Tense (Expanded Edition)		https://www.deezer.com/track/7399001
rush--closer-to-the-heart	track	deezer	https://cdn-images.dzcdn.net/images/cover/2c96d3de3a5a2905e1d2d558190ca919/1000x1000-000000-80-0-0.jpg	A Farewell To Kings		https://www.deezer.com/track/1581773
roxy-music--dance-away	track	deezer-album	https://cdn-images.dzcdn.net/images/cover/0bf78d9710feb6d58445e600f0f1ac3f/1000x1000-000000-80-0-0.jpg	Manifesto		https://www.deezer.com/album/302073
rush--limelight	track	deezer	https://cdn-images.dzcdn.net/images/cover/9ee330e0d51624845386572426b5ed80/1000x1000-000000-80-0-0.jpg	Moving Pictures (2011 Remaster)		https://www.deezer.com/track/10303628
sammy-hagar--give-to-live	track	deezer	https://cdn-images.dzcdn.net/images/cover/2707e1893e20ebae15b6ec4fd59fdbdd/1000x1000-000000-80-0-0.jpg	I Never Said Goodbye	1987	https://www.deezer.com/track/7375006
shannon--let-the-music-play	track	musicbrainz	https://coverartarchive.org/release-group/beb84bce-9758-4b4f-a249-553ba846f625/front-500	Dance, Dance, Dance 2	1992	https://musicbrainz.org/release/fbb55213-de4a-4d23-8b60-3db8744e536b
santo-johnny--sleep-walk	track	deezer	https://cdn-images.dzcdn.net/images/cover/2f7c9b51dd00d3fa8d548d92b2b28908/1000x1000-000000-80-0-0.jpg	Sleep Walk (Remastered)		https://www.deezer.com/track/1080789962
shirley-brown--woman-to-woman	track	deezer	https://cdn-images.dzcdn.net/images/cover/b53c810f77b6d20356b0324a5a0acd00/1000x1000-000000-80-0-0.jpg	Woman to Woman [Stax Remasters]		https://www.deezer.com/track/13564146
simon-garfunkel--bridge-over-troubled-water	track	deezer	https://cdn-images.dzcdn.net/images/cover/6f7036f2c3632d9e1df142f1078cb5c1/1000x1000-000000-80-0-0.jpg	Bridge Over Troubled Water	1970	https://www.deezer.com/track/13174764
simon-garfunkel--fakin-it	track	deezer	https://cdn-images.dzcdn.net/images/cover/cbfc885ed356567d48fe0a69f207f15b/1000x1000-000000-80-0-0.jpg	Bookends		https://www.deezer.com/track/15274868
simon-garfunkel--the-sounds-of-silence	track	deezer	https://cdn-images.dzcdn.net/images/cover/645ee1053df61ef6c7086bcdbfadd7b3/1000x1000-000000-80-0-0.jpg	The Graduate	1968	https://www.deezer.com/track/679967372
seal--kiss-from-a-rose	track	deezer-album	https://cdn-images.dzcdn.net/images/cover/339016e426229a603e3c12ac489d3318/1000x1000-000000-80-0-0.jpg	Seal	1994	https://www.deezer.com/album/467277
sinead-o-connor--nothing	artist	deezer-artist	https://cdn-images.dzcdn.net/images/artist/f5b687db2edbdb4695728f24254cc3dd/1000x1000-000000-80-0-0.jpg			
simon-garfunkel--mrs-robinson	track	deezer-album	https://cdn-images.dzcdn.net/images/cover/cbfc885ed356567d48fe0a69f207f15b/1000x1000-000000-80-0-0.jpg	Bookends		https://www.deezer.com/album/1408435
smokey-robinson--cruisin	track	deezer	https://cdn-images.dzcdn.net/images/cover/478f0b101b2fa548e89cd46147de6954/1000x1000-000000-80-0-0.jpg	Where There's Smoke... (Expanded Edition)		https://www.deezer.com/track/80276746
simple-minds--sanctify-yourself	track	deezer-album	https://cdn-images.dzcdn.net/images/cover/51a56db86bdbe1d883332cdade13a885/1000x1000-000000-80-0-0.jpg	Once Upon A Time		https://www.deezer.com/album/700150101
snap--the-power	track	deezer	https://cdn-images.dzcdn.net/images/cover/28cc0d1833a469ceaed214d7ecbb0f77/1000x1000-000000-80-0-0.jpg	World Power		https://www.deezer.com/track/3783188462
smash-mouth--walkin-on-the-sun	track	deezer-album	https://cdn-images.dzcdn.net/images/cover/03e3ef6daa6329dc9d1b61898d363f0a/1000x1000-000000-80-0-0.jpg	Smash Mouth		https://www.deezer.com/album/245665
sly-the-family-stone--hot-fun-in-the-summertime	track	deezer	https://cdn-images.dzcdn.net/images/cover/2683bf67e5a9980e0e3aaf6475abe992/1000x1000-000000-80-0-0.jpg	Greatest Hits		https://www.deezer.com/track/534598
sinatra--new-york-new-york	track	deezer	https://cdn-images.dzcdn.net/images/cover/e39d73a5ca6362f73576a4f74d3b8e85/1000x1000-000000-80-0-0.jpg	Fly Me To The Moon		https://www.deezer.com/track/4592902
solomon-burke--if-you-need-me	track	deezer	https://cdn-images.dzcdn.net/images/cover/dce4d1d8f048852c48320d1fafc60472/1000x1000-000000-80-0-0.jpg	Rock 'N Soul		https://www.deezer.com/track/36358341
sonny-cher--a-cowboys-work-is-never-done	track	deezer	https://cdn-images.dzcdn.net/images/cover/524c65f52e5c28344fe1113767f3f997/1000x1000-000000-80-0-0.jpg	Cher and Sonny & Cher Greatest Hits		https://www.deezer.com/track/2286506
sonny-cher--baby-don-t-go	track	deezer	https://cdn-images.dzcdn.net/images/cover/eacdc13e03cfc6acd7086d0529a60de3/1000x1000-000000-80-0-0.jpg	The Two Of Us		https://www.deezer.com/track/735810
spice-girls--say-you-ll-be-there	track	deezer	https://cdn-images.dzcdn.net/images/cover/18c4f2d9608910a2b8eb1835052e895b/1000x1000-000000-80-0-0.jpg	Spice	1996	https://www.deezer.com/track/3133739
spice-girls--too-much	track	deezer	https://cdn-images.dzcdn.net/images/cover/b6f00b7fbad1047dd4fddbf00bf173ee/1000x1000-000000-80-0-0.jpg	Spiceworld	1997	https://www.deezer.com/track/3134157
toto--hold-the-line	track	itunes	https://is1-ssl.mzstatic.com/image/thumb/Music125/v4/a1/a9/ea/a1a9eaef-2d81-c2c6-9a03-82c3cbc9e598/074643531726.jpg/600x600cc.jpg	Toto	1978	https://music.apple.com/us/album/hold-the-line/198226130?i=198227598&uo=4
starship--we-built-this-city	track	deezer	https://cdn-images.dzcdn.net/images/cover/15cf311226db704fd9925c4362628ac8/1000x1000-000000-80-0-0.jpg	Knee Deep In The Hoopla		https://www.deezer.com/track/602137972
steely-dan--josie	track	deezer	https://cdn-images.dzcdn.net/images/cover/69cc1f771bc7a8cf79affdcf14bae380/1000x1000-000000-80-0-0.jpg	Aja		https://www.deezer.com/track/2466017645
steve-winwood--don-t-you-know-what-the-night-can-do	track	deezer	https://cdn-images.dzcdn.net/images/cover/ab4f2d9547eca863c5d2f31647631ca5/1000x1000-000000-80-0-0.jpg	Roll With It		https://www.deezer.com/track/3259845
steely-dan--my-old-school	track	deezer	https://cdn-images.dzcdn.net/images/cover/0bfe08578e1e48a67fb3d5b10adb1dd2/1000x1000-000000-80-0-0.jpg	Countdown To Ecstasy		https://www.deezer.com/track/2290896135
steely-dan--peg	track	deezer	https://cdn-images.dzcdn.net/images/cover/69cc1f771bc7a8cf79affdcf14bae380/1000x1000-000000-80-0-0.jpg	Aja		https://www.deezer.com/track/2466017615
steve-winwood--back-in-the-high-life-again	track	deezer	https://cdn-images.dzcdn.net/images/cover/08948d487a0cb80225bcc6bb0a1d3b4a/1000x1000-000000-80-0-0.jpg	Back In The High Life		https://www.deezer.com/track/617572962
stevie-wonder--higher-ground	track	deezer	https://cdn-images.dzcdn.net/images/cover/1cf2b7972e30a477b82f03302ec5453d/1000x1000-000000-80-0-0.jpg	Innervisions	1973	https://www.deezer.com/track/2319297
stray-cats--i-won-t-stand-in-your-way	track	deezer	https://cdn-images.dzcdn.net/images/cover/0976783f82b842df4aacc173207ef407/1000x1000-000000-80-0-0.jpg	Rant 'N' Rave With The Stray Cats	1983	https://www.deezer.com/track/1078173
stevie-wonder--that-girl	track	deezer-album	https://cdn-images.dzcdn.net/images/cover/d1f045c25d88922838c57a6d4bc9e508/1000x1000-000000-80-0-0.jpg	Original Musiquarium		https://www.deezer.com/album/117468682
stevie-wonder--do-i-do	track	deezer-album	https://cdn-images.dzcdn.net/images/cover/d1f045c25d88922838c57a6d4bc9e508/1000x1000-000000-80-0-0.jpg	Original Musiquarium		https://www.deezer.com/album/117468682
stevie-wonder--if-you-really-love-me	track	deezer-album	https://cdn-images.dzcdn.net/images/cover/db86e4bfe8d185a45c3e1651bd2f5c7a/1000x1000-000000-80-0-0.jpg	Where I'm Coming From		https://www.deezer.com/album/8933303
styx--babe	track	deezer	https://cdn-images.dzcdn.net/images/cover/87bef520784bf1c12a498ef45570f2b4/1000x1000-000000-80-0-0.jpg	Cornerstone	1987	https://www.deezer.com/track/61286642
stray-cats--rock-this-town	track	deezer-album	https://cdn-images.dzcdn.net/images/cover/1890d1017e74e7b998efede3f9304558/1000x1000-000000-80-0-0.jpg	Stray Cats	1981	https://www.deezer.com/album/117061
stewart-rod--sailing	track	deezer-album	https://cdn-images.dzcdn.net/images/cover/09f07bf9587459a3e571fe8b58788c9a/1000x1000-000000-80-0-0.jpg	Atlantic Crossing		https://www.deezer.com/album/249814
sting--moon-over-bourbon-street	track	deezer-album	https://cdn-images.dzcdn.net/images/cover/2e14c624581232938a446ce065e2815b/1000x1000-000000-80-0-0.jpg	The Dream Of The Blue Turtles	1998	https://www.deezer.com/album/246882
styx--mr-roboto	track	deezer	https://cdn-images.dzcdn.net/images/cover/2f685c388b1b20551a580cc338e9e2dc/1000x1000-000000-80-0-0.jpg	Kilroy Was Here	1983	https://www.deezer.com/track/952547
supertramp--it-s-raining-again	track	deezer-album	https://cdn-images.dzcdn.net/images/cover/d126175f39266b36c30fd9913e922824/1000x1000-000000-80-0-0.jpg	"...Famous Last Words..." (Remastered 2026)		https://www.deezer.com/album/938807521
switch--there-ll-never-be	track	deezer	https://cdn-images.dzcdn.net/images/cover/f4bf7c2d56b58db53ac764045e95c46a/1000x1000-000000-80-0-0.jpg	Switch		https://www.deezer.com/track/558525512
teddy-pendergrass--i-don-t-love-you-anymore	track	deezer	https://cdn-images.dzcdn.net/images/cover/5904ff5f6500ea629cf7becbe949c912/1000x1000-000000-80-0-0.jpg	Teddy Pendergrass		https://www.deezer.com/track/82447830
tanya-tucker--here-s-some-love	track	deezer	https://cdn-images.dzcdn.net/images/cover/9feb743ea1af6628e083a422ac434b9d/1000x1000-000000-80-0-0.jpg	Here's Some Love		https://www.deezer.com/track/2281060537
the-5th-dimension--go-where-you-wanna-go	track	deezer	https://cdn-images.dzcdn.net/images/cover/60969c497e1f578a6468575e5226498a/1000x1000-000000-80-0-0.jpg	Up, Up And Away		https://www.deezer.com/track/2796105
the-5th-dimension--i-didn-t-get-to-sleep-at-all	track	deezer	https://cdn-images.dzcdn.net/images/cover/524a512be4586e783db6b548374c31a3/1000x1000-000000-80-0-0.jpg	Individually & Collectively		https://www.deezer.com/track/525653
tevin-campbell--tell-me-what-you-want-me-to-do	track	deezer	https://cdn-images.dzcdn.net/images/cover/d9f5bb945c48acc35693c5db7dc79602/1000x1000-000000-80-0-0.jpg	The Best of Tevin Campbell		https://www.deezer.com/track/14628796
supertramp--breakfast-in-america	track	deezer-album	https://cdn-images.dzcdn.net/images/cover/0f893cb425174d7b31691d54a6e9dc46/1000x1000-000000-80-0-0.jpg	Breakfast In America (Remastered 2026)		https://www.deezer.com/album/938807681
the-5th-dimension--if-i-could-reach-you	track	deezer	https://cdn-images.dzcdn.net/images/cover/524a512be4586e783db6b548374c31a3/1000x1000-000000-80-0-0.jpg	Individually & Collectively		https://www.deezer.com/track/530396
the-5th-dimension--one-less-bell-to-answer	track	deezer	https://cdn-images.dzcdn.net/images/cover/d6c5f539b561d39ef68a1fb85beabc94/1000x1000-000000-80-0-0.jpg	Portrait		https://www.deezer.com/track/7398216
the-allman-brothers-band--straight-from-the-heart	track	deezer	https://cdn-images.dzcdn.net/images/cover/aae045e85cba44e7fc54cf3f99e0f5fd/1000x1000-000000-80-0-0.jpg	Brothers Of The Road		https://www.deezer.com/track/13213652
the-amboy-dukes--journey-to-the-center-of-the-mind	track	deezer	https://cdn-images.dzcdn.net/images/cover/1b5ba46e60254ec2df590c0cb907cec1/1000x1000-000000-80-0-0.jpg	Loaded For Bear		https://www.deezer.com/track/3974740
men-at-work--down-under	track	itunes	https://is1-ssl.mzstatic.com/image/thumb/Music/6d/c4/cb/mzi.kwabnnuy.jpg/600x600cc.jpg	Down Under	1981	https://music.apple.com/us/album/down-under/279224910?i=279225031&uo=4
the-animals--don-t-let-me-be-misunderstood	track	deezer	https://cdn-images.dzcdn.net/images/cover/f0a4128d9e9b59a183a6234ff5379c33/1000x1000-000000-80-0-0.jpg	The Animals (The Best)		https://www.deezer.com/track/107659976
the-5th-dimension--never-my-love	track	deezer	https://cdn-images.dzcdn.net/images/cover/0cc08df4020197ecdd08ac42cd7d1dac/1000x1000-000000-80-0-0.jpg	The Essential Fifth Dimension		https://www.deezer.com/track/79846110
radiohead--creep	track	deezer	https://cdn-images.dzcdn.net/images/cover/1dd56fd8824492e1a5106c99a00a85ec/1000x1000-000000-80-0-0.jpg	Pablo Honey	1993	https://www.deezer.com/track/138547415
the-babys--every-time-i-think-of-you	track	deezer	https://cdn-images.dzcdn.net/images/cover/a491d58b903cfa4ddb9c3c08b479767a/1000x1000-000000-80-0-0.jpg	Head First	1978	https://www.deezer.com/track/1787661427
the-beach-boys--help-me-rhonda	track	deezer	https://cdn-images.dzcdn.net/images/cover/c2f8310822d1c75fe6493bdc2e98616d/1000x1000-000000-80-0-0.jpg	The Beach Boys Today! (Remastered)		https://www.deezer.com/track/60453011
the-beach-boys--bluebirds-over-the-mountain	track	deezer	https://cdn-images.dzcdn.net/images/cover/831650fa0fd44cbac9d515c4d360c01a/1000x1000-000000-80-0-0.jpg	20/20 (Remastered)		https://www.deezer.com/track/60451901
eagles--hotel-california	track	itunes	https://is1-ssl.mzstatic.com/image/thumb/Music115/v4/88/16/2c/88162c3d-46db-8321-61f3-3a47404cfe76/075596050920.jpg/600x600cc.jpg	Hotel California	1976	https://music.apple.com/us/album/hotel-california/635770200?i=635770202&uo=4
the-bangles--manic-monday	track	deezer	https://cdn-images.dzcdn.net/images/cover/938d17e5a07d6178bcabbe2349a79ba0/1000x1000-000000-80-0-0.jpg	The Essential Bangles		https://www.deezer.com/track/608749
xxxtentacion--sad	track	deezer	https://cdn-images.dzcdn.net/images/cover/9b6da786cd3ca8b286a04186b3c9079c/1000x1000-000000-80-0-0.jpg	?		https://www.deezer.com/track/472992602
the-band--life-is-a-carnival	track	deezer	https://cdn-images.dzcdn.net/images/cover/a276f6840088c03b235d2f12cd8fcf95/1000x1000-000000-80-0-0.jpg	Cahoots		https://www.deezer.com/track/1644542872
the-beach-boys--still-cruisin	track	musicbrainz	https://coverartarchive.org/release-group/4f6a66c0-c5e1-3ae1-8810-3b6f451a5c6c/front-500	Still Cruisin'	1989	https://musicbrainz.org/release/261bbe58-95bf-4a29-b3f9-bffbbfd6807a
the-beach-boys--barbara-ann	track	deezer	https://cdn-images.dzcdn.net/images/cover/47d2ee885729621f109bc4ccbf87c40f/1000x1000-000000-80-0-0.jpg	Beach Boys, Golden Selections		https://www.deezer.com/track/92303690
ac-dc--back-in-black	track	itunes	https://is1-ssl.mzstatic.com/image/thumb/Music115/v4/1e/14/58/1e145814-281a-58e0-3ab1-145f5d1af421/886443673441.jpg/600x600cc.jpg	Back In Black	1980	https://music.apple.com/us/album/back-in-black/574050396?i=574050602&uo=4
the-beach-boys--i-get-around	track	deezer-album	https://cdn-images.dzcdn.net/images/cover/b2aec35ef2998940cee99d02e1ef692b/1000x1000-000000-80-0-0.jpg	Endless Summer		https://www.deezer.com/album/304137
the-beach-boys--sloop-john-b	track	deezer-album	https://cdn-images.dzcdn.net/images/cover/ddfe7ab3d0a960099debb0bf56c70460/1000x1000-000000-80-0-0.jpg	Pet Sounds		https://www.deezer.com/album/436186197
eminem--lose-yourself	track	deezer	https://cdn-images.dzcdn.net/images/cover/e2b36a9fda865cb2e9ed1476b6291a7d/1000x1000-000000-80-0-0.jpg	Curtain Call: The Hits		https://www.deezer.com/track/1109731
the-beach-boys--surfer-girl	track	deezer	https://cdn-images.dzcdn.net/images/cover/89f0270dbd385ff7f3860f4a4ca23ffc/1000x1000-000000-80-0-0.jpg	Surfer Girl		https://www.deezer.com/track/2211915227
backstreet-boys--i-want-it-that-way	track	itunes	https://is1-ssl.mzstatic.com/image/thumb/Music115/v4/fe/63/f8/fe63f8b1-ca34-0bd8-c9b1-d7f1387c0f93/mzi.wfyqyopt.jpg/600x600cc.jpg	NKOTBSB	1999	https://music.apple.com/us/album/i-want-it-that-way/432157844?i=432157852&uo=4
the-beatles--sgt-pepper-inner-groove	track	musicbrainz	https://coverartarchive.org/release-group/4b5f36c7-4f10-3565-ad2b-53a06d898084/front-500	Rarities	1980	https://musicbrainz.org/release/0db266c2-d2e5-4734-9c95-47332ae2051d
the-beatles--for-no-one	track	deezer	https://cdn-images.dzcdn.net/images/cover/6e1e24a3e4311371abd2c888b1f0e13e/1000x1000-000000-80-0-0.jpg	Revolver (Remastered)		https://www.deezer.com/track/116348416
the-beatles--a-day-in-the-life	track	deezer	https://cdn-images.dzcdn.net/images/cover/4fcb73352b17d47429a273c5112632b0/1000x1000-000000-80-0-0.jpg	Sgt. Pepper's Lonely Hearts Club Band (Remastered)		https://www.deezer.com/track/116348694
the-beatles--the-night-before	track	deezer	https://cdn-images.dzcdn.net/images/cover/44f87ff491af981fd129b6d159f47b96/1000x1000-000000-80-0-0.jpg	Help! (Remastered)		https://www.deezer.com/track/116348344
the-beatles--lucy-in-the-sky-with-diamonds	track	deezer	https://cdn-images.dzcdn.net/images/cover/4fcb73352b17d47429a273c5112632b0/1000x1000-000000-80-0-0.jpg	Sgt. Pepper's Lonely Hearts Club Band (Remastered)		https://www.deezer.com/track/116348674
the-beach-boys--wendy	track	deezer-album	https://cdn-images.dzcdn.net/images/cover/46422836d015670814b29a63dccb7b46/1000x1000-000000-80-0-0.jpg	The Warmth Of The Sun		https://www.deezer.com/album/301128
lynyrd-skynyrd--sweet-home-alabama	track	itunes	https://is1-ssl.mzstatic.com/image/thumb/Music211/v4/c2/d6/41/c2d64132-6a94-38ea-3309-3326f4680169/14UMGIM00873.rgb.jpg/600x600cc.jpg	Second Helping	1974	https://music.apple.com/us/album/sweet-home-alabama/1440846806?i=1440846819&uo=4
the-beatles--yellow-submarine	track	deezer	https://cdn-images.dzcdn.net/images/cover/c105ffd0f6855c565cd3a0be47a1ee31/1000x1000-000000-80-0-0.jpg	Yellow Submarine (Remastered)		https://www.deezer.com/track/116348724
the-box-tops--cry-like-a-baby	track	deezer	https://cdn-images.dzcdn.net/images/cover/e6069fc29786e3ed08ce9c68b82df6a0/1000x1000-000000-80-0-0.jpg	Cry Like A Baby		https://www.deezer.com/track/1093239
the-beatles--old-brown-shoe	track	deezer	https://cdn-images.dzcdn.net/images/cover/32b6b5174e633cd6d182d00024dddcb5/1000x1000-000000-80-0-0.jpg	The Beatles 1967 - 1970 (Remastered)		https://www.deezer.com/track/116348124
the-cars--let-s-go	track	deezer	https://cdn-images.dzcdn.net/images/cover/a88f4cb85fd138e7a69966c60ab7be36/1000x1000-000000-80-0-0.jpg	Candy-O		https://www.deezer.com/track/740013
the-boys--dial-my-heart	track	deezer	https://cdn-images.dzcdn.net/images/cover/108d61c7a8627b5f2004644fa5defce0/1000x1000-000000-80-0-0.jpg	Messages From The Boys		https://www.deezer.com/track/422203492
the-beatles--while-my-guitar-gently-weeps	track	deezer	https://cdn-images.dzcdn.net/images/cover/f8b236243adae6bc187d27157bc61ae9/1000x1000-000000-80-0-0.jpg	The Beatles (Remastered)		https://www.deezer.com/track/116348204
the-byrds--goin-back	track	deezer	https://cdn-images.dzcdn.net/images/cover/a83021b882fd41595de1d45c3594dd56/1000x1000-000000-80-0-0.jpg	The Notorious Byrd Brothers		https://www.deezer.com/track/1037469
the-castaways--liar-liar	track	deezer	https://cdn-images.dzcdn.net/images/cover/d19742d09e2d3e8213f34868f30d95be/1000x1000-000000-80-0-0.jpg	Liar Liar		https://www.deezer.com/track/1015881242
bon-jovi--you-give-love-a-bad-name	track	itunes	https://is1-ssl.mzstatic.com/image/thumb/Music112/v4/40/16/3e/40163e24-6985-b785-d4ea-cbae07d74812/06UMGIM05422.rgb.jpg/600x600cc.jpg	Slippery When Wet	1986	https://music.apple.com/us/album/you-give-love-a-bad-name/1422954626?i=1422954999&uo=4
the-chiffons--sweet-talkin-guy	track	deezer	https://cdn-images.dzcdn.net/images/cover/ae5689afd9a567cf1f67f6ce16b08433/1000x1000-000000-80-0-0.jpg	Pop Masters: Sailor Boy		https://www.deezer.com/track/4041632
the-cowsills--silver-threads-and-golden-needles	track	deezer	https://cdn-images.dzcdn.net/images/cover/a03e291ae78f1ae5c14174bfbc4898d8/1000x1000-000000-80-0-0.jpg	II X II		https://www.deezer.com/track/903736692
the-cars--you-might-think	track	deezer-album	https://cdn-images.dzcdn.net/images/cover/498d7625d3aa21448d05f74f782cdaa8/1000x1000-000000-80-0-0.jpg	Heartbeat City	1984	https://www.deezer.com/album/467301
the-crystals--there-s-no-other	track	deezer	https://cdn-images.dzcdn.net/images/cover/acf02f81cdb69cceca9c8f81430ce4fe/1000x1000-000000-80-0-0.jpg	He's a Rebel		https://www.deezer.com/track/119833118
the-doobie-brothers--echoes-of-love	track	deezer	https://cdn-images.dzcdn.net/images/cover/470b8fe01e19c4e7cb4bb852824da0aa/1000x1000-000000-80-0-0.jpg	Livin' on the Fault Line	1977	https://www.deezer.com/track/3616555
the-cranberries--dreams	track	deezer-album	https://cdn-images.dzcdn.net/images/cover/b8c8e4dae8b9ec2bd4b68b151838a003/1000x1000-000000-80-0-0.jpg	Everybody Else Is Doing It, So Why Can't We? (Remastered 2026)		https://www.deezer.com/album/983214111
the-doors--love-her-madly	track	deezer	https://cdn-images.dzcdn.net/images/cover/03f8ae4438cbf73c1e1cc435123deb72/1000x1000-000000-80-0-0.jpg	L.A. Woman	1971	https://www.deezer.com/track/65445458
the-doors--the-crystal-ship	track	deezer	https://cdn-images.dzcdn.net/images/cover/a58f4c70b9c51b8902be3f2e875155fe/1000x1000-000000-80-0-0.jpg	The Doors	1967	https://www.deezer.com/track/3614126
the-dramatics--hey-you-get-off-my-mountain	track	deezer	https://cdn-images.dzcdn.net/images/cover/077b9732c3afecd21eb3c522e8c73cf3/1000x1000-000000-80-0-0.jpg	Whatcha See Is Whatcha Get [Stax Remasters]		https://www.deezer.com/track/13622532
the-cure--close-to-me	track	deezer-album	https://cdn-images.dzcdn.net/images/cover/0d3a36f81496b9789443639e18c7b1e8/1000x1000-000000-80-0-0.jpg	The Head On The Door (Remastered)	1985	https://www.deezer.com/album/102602
the-electric-prunes--i-had-too-much-to-dream	track	deezer	https://cdn-images.dzcdn.net/images/cover/9660e63ec74d7ffe12cd7b0790b15887/1000x1000-000000-80-0-0.jpg	I Had Too Much To Dream (Last Night)		https://www.deezer.com/track/678027
the-doobie-brothers--what-a-fool-believes	track	deezer-album	https://cdn-images.dzcdn.net/images/cover/e2fdd4d07417014fa235476dd2b3093d/1000x1000-000000-80-0-0.jpg	Minute by Minute		https://www.deezer.com/album/356305
the-everly-brothers--all-i-have-to-do-is-dream	track	deezer	https://cdn-images.dzcdn.net/images/cover/03c27bb8cec6647a4526bae971f57701/1000x1000-000000-80-0-0.jpg	All I Have to Do Is Dream (Remastered 2014)		https://www.deezer.com/track/2372110705
the-fireballs--sugar-shack	track	deezer	https://cdn-images.dzcdn.net/images/cover/2941b525ce27b6a7909999dd2e2ae995/1000x1000-000000-80-0-0.jpg	Sugar Shack		https://www.deezer.com/track/93291018
the-everly-brothers--ebony-eyes	track	deezer	https://cdn-images.dzcdn.net/images/cover/77680c4577a7e4a324bd3632ed9f9c50/1000x1000-000000-80-0-0.jpg	Ebony Eyes		https://www.deezer.com/track/1502170202
the-falcons--i-found-a-love	track	deezer	https://cdn-images.dzcdn.net/images/cover/2cb1741e94bf0896709c035b3f94fddc/1000x1000-000000-80-0-0.jpg	I Found a Love		https://www.deezer.com/track/404917302
the-hollies--bus-stop	track	deezer	https://cdn-images.dzcdn.net/images/cover/24940186a44eb3762fb10732e5ac53e7/1000x1000-000000-80-0-0.jpg	15 Classic Tracks: The Hollies		https://www.deezer.com/track/66692455
the-everly-brothers--that-s-old-fashioned	track	deezer	https://cdn-images.dzcdn.net/images/cover/9f17d0fa18a6815f90d73aecdc4407a0/1000x1000-000000-80-0-0.jpg	The Golden Hits of The Everly Brothers	1962	https://www.deezer.com/track/846287
the-hollies--he-ain-t-heavy-he-s-my-brother	track	deezer	https://cdn-images.dzcdn.net/images/cover/6010d198d18818ee09bbd47c1eb40468/1000x1000-000000-80-0-0.jpg	Confessions of the Mind (Expanded Edition)		https://www.deezer.com/track/3785454552
the-hollies--long-dark-road	track	musicbrainz	https://coverartarchive.org/release-group/a2a6e2dd-77cd-3b0b-8331-99f53113e9cf/front-500	Distant Light	1971	https://musicbrainz.org/release/2db93b14-225b-4c2f-a89c-55624cef7d06
the-j-geils-band--must-of-got-lost	track	deezer	https://cdn-images.dzcdn.net/images/cover/3281d45485f4d2c3276e496cbc41545d/1000x1000-000000-80-0-0.jpg	Nightmares...And Other Tales From The Vinyl Jungle	1974	https://www.deezer.com/track/6617106
red-hot-chili-peppers--otherside	track	itunes	https://is1-ssl.mzstatic.com/image/thumb/Music124/v4/4c/86/1d/4c861dab-5428-f3b7-8068-82bb69db5e89/093624932130.jpg/600x600cc.jpg	Californication (Remastered)	1999	https://music.apple.com/us/album/otherside/945575406?i=945575411&uo=4
the-j-geils-band--just-can-t-wait	track	deezer	https://cdn-images.dzcdn.net/images/cover/1d2795d6e533439acbd1e1753324b02f/1000x1000-000000-80-0-0.jpg	Love Stinks		https://www.deezer.com/track/3497881
the-j-geils-band--looking-for-a-love	track	deezer	https://cdn-images.dzcdn.net/images/cover/ca03786fafabdf47c455b50a9e8c3efb/1000x1000-000000-80-0-0.jpg	The Morning After		https://www.deezer.com/track/6617151
the-j-geils-band--one-last-kiss	track	deezer	https://cdn-images.dzcdn.net/images/cover/26f1231f036e5af4b9b5254e3153d45f/1000x1000-000000-80-0-0.jpg	Sanctuary.		https://www.deezer.com/track/78101888
the-isley-brothers--it-s-your-thing	track	deezer	https://cdn-images.dzcdn.net/images/cover/4fb9fd6651284a69d623702759186430/1000x1000-000000-80-0-0.jpg	It's Our Thing (Expanded Edition)		https://www.deezer.com/track/105515976
the-jacksons--i-want-you-back	track	musicbrainz	https://coverartarchive.org/release-group/dcdef23b-1c4a-4e50-9d52-d746db521020/front-500	Oldies MP3 NUEVA EDICION 2012		https://musicbrainz.org/release/01308679-5904-4227-9d3e-8f7a4915a645
the-jacksons--dancing-machine	artist	deezer-artist	https://cdn-images.dzcdn.net/images/artist/060ef6a29c0e4a653b6b87a05183f342/1000x1000-000000-80-0-0.jpg			https://www.deezer.com/artist/980
eurythmics--sweet-dreams-are-made-of-this	track	musicbrainz	https://coverartarchive.org/release-group/fc80cef3-a882-4776-a81d-3f41797b9db4/front-500	“Rocks the Casbah!!…” The 80’s Megamix	1995	https://musicbrainz.org/release/f3b854f9-2c2c-4a91-aca3-3705001e2005
the-kendalls--heaven-s-just-a-sin-away	track	deezer	https://cdn-images.dzcdn.net/images/cover/8254c9cabde540d148d4857fa247d168/1000x1000-000000-80-0-0.jpg	Heaven's Just A Sin Away		https://www.deezer.com/track/108319502
the-kinks--chirpy-chirpy-cheep-cheep	artist	deezer-artist	https://cdn-images.dzcdn.net/images/artist/72b207adbd41f6ae13b84c041e8f965f/1000x1000-000000-80-0-0.jpg			https://www.deezer.com/artist/1415
the-miracles--baby-baby-don-t-cry	track	deezer	https://cdn-images.dzcdn.net/images/cover/e25a445de7905e36920d3ed43259d6bf/1000x1000-000000-80-0-0.jpg	Love Machine		https://www.deezer.com/track/1984941
the-la-s--there-she-goes	track	deezer	https://cdn-images.dzcdn.net/images/cover/173dda41a54b7ab5872ba308c7013646/1000x1000-000000-80-0-0.jpg	The La's		https://www.deezer.com/track/2518361
the-miracles--i-don-t-blame-you-at-all	track	musicbrainz	https://coverartarchive.org/release-group/b62abea8-3ca2-34bc-87eb-0059134c6d9b/front-500	The Greatest Hits	1992	https://musicbrainz.org/release/30a50d37-6fa1-3348-9c89-6acb066bda36
the-meters--look-ka-py-py	track	deezer	https://cdn-images.dzcdn.net/images/cover/b0f3504ff909ea62cc6f7bcbc04c616a/1000x1000-000000-80-0-0.jpg	Look-Ka Py Py		https://www.deezer.com/track/740928
the-kinks--better-things	track	deezer	https://cdn-images.dzcdn.net/images/cover/2ba00ead7f9188998126479eb41bd11d/1000x1000-000000-80-0-0.jpg	Give the People What They Want		https://www.deezer.com/track/3730830602
cyndi-lauper--girls-just-wanna-have-fun	track	deezer	https://cdn-images.dzcdn.net/images/cover/65689ec5162126a39cf7bff42a28ba50/1000x1000-000000-80-0-0.jpg	80s 100 Hits		https://www.deezer.com/track/5404527
the-kinks--till-the-end-of-the-day	track	deezer	https://cdn-images.dzcdn.net/images/cover/7fd9abfc1f1725d9e65f92f567daa60c/1000x1000-000000-80-0-0.jpg	The Kink Kontroversy (Deluxe Edition)	1965	https://www.deezer.com/track/3803575972
the-miracles--i-second-that-emotion	track	deezer	https://cdn-images.dzcdn.net/images/cover/564722d77ae28fb2f434dc9d774a6601/1000x1000-000000-80-0-0.jpg	The King of R&B		https://www.deezer.com/track/2190551817
the-moments--walk-right-in	track	deezer	https://cdn-images.dzcdn.net/images/cover/4ad2d30320b760d9000d04b5358d40dd/1000x1000-000000-80-0-0.jpg	Walk Right In		https://www.deezer.com/track/6061177
the-music-explosion--little-bit-o-soul	track	deezer	https://cdn-images.dzcdn.net/images/cover/14ed9aa86d1c674d50204df3d2c8f981/1000x1000-000000-80-0-0.jpg	Little Bit O' Soul (Action Mix)		https://www.deezer.com/track/439117482
the-music-machine--the-people-in-me	track	deezer	https://cdn-images.dzcdn.net/images/cover/6ccb9cd3549c9d77f2ad36d79bdb9601/1000x1000-000000-80-0-0.jpg	(Turn On) The Music Machine		https://www.deezer.com/track/91634898
the-miracles--mighty-good-lovin	track	deezer	https://cdn-images.dzcdn.net/images/cover/02a1c85c0c36b19bc04e6080b8b9cc48/1000x1000-000000-80-0-0.jpg	Gold		https://www.deezer.com/track/533297942
the-platters--smoke-gets-in-your-eyes	track	deezer	https://cdn-images.dzcdn.net/images/cover/a340159628ed003140b07e58a672747f/1000x1000-000000-80-0-0.jpg	Smoke Gets In Your Eyes		https://www.deezer.com/track/1882638
the-osmonds--one-bad-apple	track	deezer	https://cdn-images.dzcdn.net/images/cover/74271f8c003e5935ce459eebcf670b79/1000x1000-000000-80-0-0.jpg	Osmonds		https://www.deezer.com/track/465642722
the-pointer-sisters--slow-hand	track	deezer	https://cdn-images.dzcdn.net/images/cover/640b4527a6141e35d371a7c86bbcc15c/1000x1000-000000-80-0-0.jpg	I'm So Excited - The Very Best Of		https://www.deezer.com/track/13142737
the-police--don-t-stand-so-close-to-me	track	deezer	https://cdn-images.dzcdn.net/images/cover/6912891495ef483bd909718c32711b7d/1000x1000-000000-80-0-0.jpg	Zenyatta Mondatta (Remastered 2003)		https://www.deezer.com/track/665711142
the-power-station--some-like-it-hot	track	deezer	https://cdn-images.dzcdn.net/images/cover/ad1143e965ea2e99ff5ce025cec5f11a/1000x1000-000000-80-0-0.jpg	The Power Station	1988	https://www.deezer.com/track/80333712
the-police--bring-on-the-night	track	deezer-album	https://cdn-images.dzcdn.net/images/cover/b11b98eb4bea1c8abcff67eee2a7eeb7/1000x1000-000000-80-0-0.jpg	Reggatta De Blanc (Remastered 2003)		https://www.deezer.com/album/93733642
the-prodigy--one-love	track	deezer	https://cdn-images.dzcdn.net/images/cover/2ddb4f4b778380d913e4a2b9335b5be7/1000x1000-000000-80-0-0.jpg	Music for the Jilted Generation	1994	https://www.deezer.com/track/620495832
the-prodigy--your-love	track	deezer	https://cdn-images.dzcdn.net/images/cover/977b90d11a6f983bb0c4efe56b67bb12/1000x1000-000000-80-0-0.jpg	Charly	1991	https://www.deezer.com/track/937485
the-police--de-do-do-do-de-da-da-da	track	deezer-album	https://cdn-images.dzcdn.net/images/cover/6912891495ef483bd909718c32711b7d/1000x1000-000000-80-0-0.jpg	Zenyatta Mondatta (Remastered 2003)		https://www.deezer.com/album/93732622
the-rembrandts--someone	track	deezer	https://cdn-images.dzcdn.net/images/cover/07d1a699d8004db4840dfe04c0cfa821/1000x1000-000000-80-0-0.jpg	The Rembrandts	1990	https://www.deezer.com/track/5617064
the-police--so-lonely	track	deezer-album	https://cdn-images.dzcdn.net/images/cover/f51850ce4fccc736b881a5ce8aede9e1/1000x1000-000000-80-0-0.jpg	Outlandos D'Amour (Remastered 2003)		https://www.deezer.com/album/93733552
the-ritchie-family--the-best-disco-in-town	track	deezer	https://cdn-images.dzcdn.net/images/cover/8f87b88a8b66a08bd99d92d1b7fe0138/1000x1000-000000-80-0-0.jpg	Arabian Nights	1976	https://www.deezer.com/track/7080766
the-rascals--people-got-to-be-free	track	deezer	https://cdn-images.dzcdn.net/images/cover/01bfb00555e8ee63932ac62df1d6ab6e/1000x1000-000000-80-0-0.jpg	Freedom Suite		https://www.deezer.com/track/66174413
the-righteous-brothers--soul-and-inspiration	track	deezer	https://cdn-images.dzcdn.net/images/cover/7c69c931d181d7265b57f54309a18693/1000x1000-000000-80-0-0.jpg	The Righteous Brothers		https://www.deezer.com/track/124649748
the-robert-cray-band--smoking-gun	track	musicbrainz	https://coverartarchive.org/release-group/953e7142-a162-3ab1-824a-e288b69ece51/front-500	Strong Persuader	1986	https://musicbrainz.org/release/85c60679-9d0c-4d3d-9a49-d5d88ffa4e80
the-rolling-stones--brown-sugar	track	deezer	https://cdn-images.dzcdn.net/images/cover/cf61e42ee4036325e8d151489e6f38f7/1000x1000-000000-80-0-0.jpg	Sticky Fingers (Remastered)		https://www.deezer.com/track/4125582
4-non-blondes--what-s-up	track	itunes	https://is1-ssl.mzstatic.com/image/thumb/Music115/v4/d2/aa/44/d2aa4418-7e74-7e6d-4247-9b9c1cba9e64/06UMGIM01654.rgb.jpg/600x600cc.jpg	Bigger, Better, Faster, More!	1992	https://music.apple.com/us/album/whats-up/1440902342?i=1440902348&uo=4
the-rolling-stones--doo-doo-doo-doo-doo	track	deezer	https://cdn-images.dzcdn.net/images/cover/1e1fcf33bfd1c33b94511a040fa9b5b1/1000x1000-000000-80-0-0.jpg	Goats Head Soup (Remastered 2009)		https://www.deezer.com/track/4124758
the-rolling-stones--get-off-my-cloud	track	deezer	https://cdn-images.dzcdn.net/images/cover/f5d5d9ce817b36ffe11525a9a5afb54d/1000x1000-000000-80-0-0.jpg	December’s Children (And Everybody’s)		https://www.deezer.com/track/9956008
the-rolling-stones--as-tears-go-by	track	deezer-album	https://cdn-images.dzcdn.net/images/cover/f5d5d9ce817b36ffe11525a9a5afb54d/1000x1000-000000-80-0-0.jpg	December’s Children (And Everybody’s)		https://www.deezer.com/album/912317
the-rolling-stones--dandelion	track	deezer	https://cdn-images.dzcdn.net/images/cover/241f38c6d3049e2db1f5deaa68ea7dfe/1000x1000-000000-80-0-0.jpg	She's A Rainbow / Dandelion / We Love You		https://www.deezer.com/track/1097280982
oasis--don-t-look-back-in-anger	track	itunes	https://is1-ssl.mzstatic.com/image/thumb/Music113/v4/04/92/e0/0492e08b-cbcc-9969-9ad6-8f5a0888068c/5051961007107.jpg/600x600cc.jpg	(What's the Story) Morning Glory?	1995	https://music.apple.com/us/album/dont-look-back-in-anger/1517447039?i=1517447336&uo=4
the-rolling-stones--going-to-a-go-go	track	musicbrainz	https://coverartarchive.org/release-group/6af00e13-eae1-3ad2-a8d1-b66187163914/front-500	“Still Life” (American Concert 1981)	1982	https://musicbrainz.org/release/7a314580-0c9a-4fb2-bbcc-15a2e38c2b7d
sixpence-none-the-richer--kiss-me	track	itunes	https://is1-ssl.mzstatic.com/image/thumb/Music221/v4/0f/6b/92/0f6b92f7-52e1-67e4-6a7b-7196ef793cdc/080688551261.png/600x600cc.jpg	Sixpence None the Richer	1997	https://music.apple.com/us/album/kiss-me/1163449953?i=1163449957&uo=4
the-rolling-stones--have-you-seen-your-mother-baby-standing-in-the-shadow	track	deezer-album	https://cdn-images.dzcdn.net/images/cover/b1a5e7b00cc5a975e99cfe8533db00e1/1000x1000-000000-80-0-0.jpg	Flowers		https://www.deezer.com/album/912321
the-rolling-stones--ruby-tuesday	track	deezer	https://cdn-images.dzcdn.net/images/cover/075a4b46ccfb884d37cf0bfdcfadaf70/1000x1000-000000-80-0-0.jpg	Between The Buttons		https://www.deezer.com/track/9938452
the-rolling-stones--tumbling-dice	track	deezer	https://cdn-images.dzcdn.net/images/cover/28e5ea6c9e305a2cb85a589b1260a88a/1000x1000-000000-80-0-0.jpg	Exile On Main Street (2010 Re-Mastered)		https://www.deezer.com/track/5968645
the-rolling-stones--you-can-t-always-get-what-you-want	track	deezer	https://cdn-images.dzcdn.net/images/cover/966fa939bd79e15d413abf0764f8a3b5/1000x1000-000000-80-0-0.jpg	Let It Bleed		https://www.deezer.com/track/9914842
billy-joel--piano-man	track	itunes	https://is1-ssl.mzstatic.com/image/thumb/Features125/v4/67/f9/8d/67f98d03-7896-153f-4965-a92458c06965/dj.aiuntmgo.jpg/600x600cc.jpg	Piano Man	1973	https://music.apple.com/us/album/piano-man/158617297?i=158617575&uo=4
the-rolling-stones--honky-tonk-women	track	deezer-album	https://cdn-images.dzcdn.net/images/cover/78fb6dbd0b8642fa2d61aeeeb71bc5e3/1000x1000-000000-80-0-0.jpg	Honky Tonk Women / You Can't Always Get What You Want		https://www.deezer.com/album/120282062
the-rolling-stones--it-s-only-rock-n-roll	track	deezer-album	https://cdn-images.dzcdn.net/images/cover/8ec39c97a5fd77144962bc6a8c2451d3/1000x1000-000000-80-0-0.jpg	Made In The Shade (2005 Digital Remaster)		https://www.deezer.com/album/213339
the-shadows--apache	track	deezer	https://cdn-images.dzcdn.net/images/cover/bfb7e4ab0b50cc550fa45e07415eb7f0/1000x1000-000000-80-0-0.jpg	The Shadow Tracks		https://www.deezer.com/track/15582614
the-rolling-stones--not-fade-away	track	deezer	https://cdn-images.dzcdn.net/images/cover/6baf7364f279d98704348d42ec036c63/1000x1000-000000-80-0-0.jpg	England’s Newest Hitmakers		https://www.deezer.com/track/9955978
the-sopwith-camel--hello-hello	track	deezer	https://cdn-images.dzcdn.net/images/cover/fea451b81774189b5aea2c6262073e41/1000x1000-000000-80-0-0.jpg	The Sopwith Camel (Expanded Edition)	1967	https://www.deezer.com/track/440379052
the-staple-singers--city-in-the-sky	track	deezer	https://cdn-images.dzcdn.net/images/cover/e4fe5400b4a5deb0b4ed52f79106d3e2/1000x1000-000000-80-0-0.jpg	Stax Profiles: The Staple Singers		https://www.deezer.com/track/1089536
the-shirelles--will-you-love-me-tomorrow	track	deezer	https://cdn-images.dzcdn.net/images/cover/c06ed4bf6aa61922ef4edebac07b527a/1000x1000-000000-80-0-0.jpg	Tonight's The Night		https://www.deezer.com/track/108313196
the-staple-singers--i-ll-take-you-there	track	deezer	https://cdn-images.dzcdn.net/images/cover/e4fe5400b4a5deb0b4ed52f79106d3e2/1000x1000-000000-80-0-0.jpg	Stax Profiles: The Staple Singers		https://www.deezer.com/track/1089521
the-supremes--floy-joy	track	deezer	https://cdn-images.dzcdn.net/images/cover/5d2476292cd1e737e74d0a94e32636fe/1000x1000-000000-80-0-0.jpg	Floy Joy		https://www.deezer.com/track/77769989
the-supremes--stoned-love	track	deezer	https://cdn-images.dzcdn.net/images/cover/3c8f6c45210d2db204a42ceaeb8dc008/1000x1000-000000-80-0-0.jpg	New Ways But Love Stays		https://www.deezer.com/track/77769979
the-turtles--happy-together	track	deezer	https://cdn-images.dzcdn.net/images/cover/f4c9d49cd251dd538e9f38ff83e3f46c/1000x1000-000000-80-0-0.jpg	Happy Together		https://www.deezer.com/track/2043943
the-string-a-longs--wheels	track	deezer	https://cdn-images.dzcdn.net/images/cover/18d509510ab155cc1b6d8a4f9c42817c/1000x1000-000000-80-0-0.jpg	Wheels / Am I Asking Too Much?	1960	https://www.deezer.com/track/1358206392
the-tee-set--ma-belle-amie	track	deezer	https://cdn-images.dzcdn.net/images/cover/ae6c9ebecd54ea219d52bb6ef8ca40d3/1000x1000-000000-80-0-0.jpg	Ma Belle Amie - single version (remastered)	1969	https://www.deezer.com/track/1548580682
aerosmith--i-don-t-want-to-miss-a-thing	track	deezer	https://cdn-images.dzcdn.net/images/cover/82bb160fe7b46cca64dc989a4f5843d0/1000x1000-000000-80-0-0.jpg	Armageddon - The Album	1998	https://www.deezer.com/track/624823
the-ventures--perfidia	track	deezer	https://cdn-images.dzcdn.net/images/cover/c6fd08122dc80107ed9912e3c6b8ae07/1000x1000-000000-80-0-0.jpg	The Ultimate Rock 'n' Roll Party (A Fine Rock 'n' Roll Voyage), Vol. 1		https://www.deezer.com/track/920467612
the-ventures--walk-don-t-run	track	deezer	https://cdn-images.dzcdn.net/images/cover/19de7510e68ca42cca4a62bdf4f03be1/1000x1000-000000-80-0-0.jpg	Am Radio Gold: The Ventures (Remastered)		https://www.deezer.com/track/4071611
the-who--happy-jack	track	deezer	https://cdn-images.dzcdn.net/images/cover/0d4faa71ab917822fb9e39dfa8616cd5/1000x1000-000000-80-0-0.jpg	Meaty, Beaty, Big And Bouncy		https://www.deezer.com/track/65414409
tom-jones--green-green-grass-of-home	track	deezer	https://cdn-images.dzcdn.net/images/cover/67174d22d10e539e9cb9a72314e823dc/1000x1000-000000-80-0-0.jpg	Green, Green Grass Of Home		https://www.deezer.com/track/414905432
the-yardbirds--shapes-of-things	track	deezer	https://cdn-images.dzcdn.net/images/cover/8b83e404a01e676d9d6847512e96dc46/1000x1000-000000-80-0-0.jpg	Birdland		https://www.deezer.com/track/1587110592
todd-rundgren--a-dream-goes-on-forever	track	deezer	https://cdn-images.dzcdn.net/images/cover/7c6b65a5f4ce06832d1d9e6bb8f8096a/1000x1000-000000-80-0-0.jpg	The Very Best of Todd Rundgren		https://www.deezer.com/track/672398
tommy-james--crystal-blue-persuasion	track	deezer	https://cdn-images.dzcdn.net/images/cover/f92057181286583696286d9a3dcda817/1000x1000-000000-80-0-0.jpg	Crystal Blue Symphonies: The Psychedelic Years		https://www.deezer.com/track/4832683
tina-turner--what-you-get-is-what-you-see	track	deezer-album	https://cdn-images.dzcdn.net/images/cover/bdfba286eb7bca2cabfa82218ec765c1/1000x1000-000000-80-0-0.jpg	Break Every Rule	1986	https://www.deezer.com/album/305312
tom-t-hall--i-love	track	deezer	https://cdn-images.dzcdn.net/images/cover/f7a7ddbff45322093ee6f6c393a64f58/1000x1000-000000-80-0-0.jpg	Country Songs For Children (Reissue)		https://www.deezer.com/track/543099082
tom-t-hall--the-year-that-clayton-delaney-died	track	deezer	https://cdn-images.dzcdn.net/images/cover/84afee2bb40830387ea22ee33acabf08/1000x1000-000000-80-0-0.jpg	Made in the USA Collection		https://www.deezer.com/track/968048302
tracie-spencer--this-house	track	deezer	https://cdn-images.dzcdn.net/images/cover/1de254c52d1aaf0f6247e411c4b29ab6/1000x1000-000000-80-0-0.jpg	Make The Difference		https://www.deezer.com/track/3184294
tom-jones--it-s-not-unusual	track	deezer-album	https://cdn-images.dzcdn.net/images/cover/640d52f7a4e96a814a36bff0658a62c3/1000x1000-000000-80-0-0.jpg	Along Came Jones		https://www.deezer.com/album/49844052
tommy-james--mony-mony	track	deezer	https://cdn-images.dzcdn.net/images/cover/d048fc1cd8d3efdb9ba19a798ebe0180/1000x1000-000000-80-0-0.jpg	Mony Mony		https://www.deezer.com/track/743098
turtles--happy-thogether	artist	deezer-artist	https://cdn-images.dzcdn.net/images/artist/1e5e4b3592f60f212ca6960f9dad1053/1000x1000-000000-80-0-0.jpg			
tracy-chapman--baby-can-i-hold-you	track	deezer	https://cdn-images.dzcdn.net/images/cover/32069557a9c4a451638263eeb69df2b4/1000x1000-000000-80-0-0.jpg	Tracy Chapman	1988	https://www.deezer.com/track/2271566
u2--angel-of-harlem	track	deezer	https://cdn-images.dzcdn.net/images/cover/88d6de93fa8f2cb7f1d2bf96333ba64a/1000x1000-000000-80-0-0.jpg	Rattle And Hum	1990	https://www.deezer.com/track/2963255
u2--desire	track	deezer	https://cdn-images.dzcdn.net/images/cover/88d6de93fa8f2cb7f1d2bf96333ba64a/1000x1000-000000-80-0-0.jpg	Rattle And Hum	1990	https://www.deezer.com/track/2963248
u2--elevation	track	deezer	https://cdn-images.dzcdn.net/images/cover/b37725cd9d9771d7674df22fafdcc0a2/1000x1000-000000-80-0-0.jpg	All That You Can't Leave Behind		https://www.deezer.com/track/2162744
u-s-a-for-africa--we-are-the-world	track	deezer	https://cdn-images.dzcdn.net/images/cover/089229db83aee38d3f06a0debe407af5/1000x1000-000000-80-0-0.jpg	We Are The World	1985	https://www.deezer.com/track/11118881
ub40--the-way-you-do-the-things-you-do	track	deezer	https://cdn-images.dzcdn.net/images/cover/899f9753e753e81a1feac26909080e8f/1000x1000-000000-80-0-0.jpg	Labour Of Love II		https://www.deezer.com/track/3152728
van-mccoy--the-hustle	track	deezer	https://cdn-images.dzcdn.net/images/cover/a50dc11f2983057dd6bbbd83e91a249d/1000x1000-000000-80-0-0.jpg	Disco Baby (50th Anniversary)		https://www.deezer.com/track/3580122311
van-morrison--into-the-mystic	track	deezer	https://cdn-images.dzcdn.net/images/cover/f648440c11c75ac519bd74b75f486cb8/1000x1000-000000-80-0-0.jpg	Moondance		https://www.deezer.com/track/71433041
urban-dance-squad--deeper-shade-of-soul	track	deezer-album	https://cdn-images.dzcdn.net/images/cover/64dda3b4c9a5c40848ccdef631a8ae13/1000x1000-000000-80-0-0.jpg	The Singles Collection		https://www.deezer.com/album/730058
wednesday--last-kiss	track	deezer	https://cdn-images.dzcdn.net/images/cover/f1a230c565d843aa530368d2ea60173d/1000x1000-000000-80-0-0.jpg	Last Kiss		https://www.deezer.com/track/69008772
white-town--your-woman	track	deezer	https://cdn-images.dzcdn.net/images/cover/770f28908a81b6a16884c3d6177d8b9b/1000x1000-000000-80-0-0.jpg	Women in Technology		https://www.deezer.com/track/3802592782
whitney-houston--i-have-nothing	track	deezer	https://cdn-images.dzcdn.net/images/cover/98d8a89a2b37c248340b1db790bba21f/1000x1000-000000-80-0-0.jpg	I Wish You Love: More From The Bodyguard		https://www.deezer.com/track/426976302
wilson-phillips--release-me	track	deezer	https://cdn-images.dzcdn.net/images/cover/1ec253e4915193b4b11185cea4afd4ca/1000x1000-000000-80-0-0.jpg	Wilson Phillips	1990	https://www.deezer.com/track/3090951
willie-mitchell--20-75	track	deezer	https://cdn-images.dzcdn.net/images/cover/89795115624f6488f47fc055ff22630a/1000x1000-000000-80-0-0.jpg	The Best of Willie Mitchell		https://www.deezer.com/track/138547985
waylon-jennings--are-you-sure-hank-done-it-this-way	track	deezer-album	https://cdn-images.dzcdn.net/images/cover/9219c5664a65486c0c410086d73650e8/1000x1000-000000-80-0-0.jpg	Dreaming My Dreams		https://www.deezer.com/album/10618498
willie-nelson--blue-eyes-crying-in-the-rain	track	deezer	https://cdn-images.dzcdn.net/images/cover/5e48559b34504d4da47f7f38ce21fef9/1000x1000-000000-80-0-0.jpg	You Were Always On My Mind		https://www.deezer.com/track/68713686
waylon-jennings--theme-from-the-dukes-of-hazzard	track	deezer	https://cdn-images.dzcdn.net/images/cover/caca470d308c49eeeee9d69e3ecde937/1000x1000-000000-80-0-0.jpg	Ultimate Waylon Jennings		https://www.deezer.com/track/597526
wilson-pickett--don-t-knock-my-love-pt-1	track	deezer	https://cdn-images.dzcdn.net/images/cover/dc1555c8f88382ef5bff8368c05d447c/1000x1000-000000-80-0-0.jpg	Don't Knock My Love, Pt. I / Don't Knock My Love, Pt. II		https://www.deezer.com/track/63431512
wilson-pickett--i-found-a-true-love	track	deezer	https://cdn-images.dzcdn.net/images/cover/7ae26bbe66e96e47ef8bb5ff677c974e/1000x1000-000000-80-0-0.jpg	Soul Masters: Don't Fight It, Feel It		https://www.deezer.com/track/2396028
wilson-pickett--i-m-in-love	track	deezer	https://cdn-images.dzcdn.net/images/cover/e2af9d94dac43af9a0900cb4adf856c6/1000x1000-000000-80-0-0.jpg	I'm in Love		https://www.deezer.com/track/39056881
yaz--situation	track	musicbrainz	https://coverartarchive.org/release-group/f2513cf1-831a-4728-bf46-96a9b09d7970/front-500	Dance Mix ’90	1990	https://musicbrainz.org/release/3b64cadc-b019-4b69-b8c5-31edd625eecf
wilson-pickett--soul-dance-number-three	track	deezer	https://cdn-images.dzcdn.net/images/cover/544331c1b564861f0077e6b66eeb6427/1000x1000-000000-80-0-0.jpg	The Sound of Wilson Pickett		https://www.deezer.com/track/3923223
wonder-stevie--boogie-on-reggae-woman	track	deezer	https://cdn-images.dzcdn.net/images/cover/f3c8b6fb6a95e0219bbae141991c3a1e/1000x1000-000000-80-0-0.jpg	Fulfillingness' First Finale	1974	https://www.deezer.com/track/2303802
wonder-stevie--part-time-lover	track	deezer	https://cdn-images.dzcdn.net/images/cover/df498fc2f67f2ea6411e5429e2dcce5f/1000x1000-000000-80-0-0.jpg	In Square Circle	1992	https://www.deezer.com/track/24967291
wonder-stevie--superstition	track	deezer	https://cdn-images.dzcdn.net/images/cover/cedeeaceb07483dede6538bcd9afc012/1000x1000-000000-80-0-0.jpg	Talking Book		https://www.deezer.com/track/2505668
zucchero--blu	track	deezer	https://cdn-images.dzcdn.net/images/cover/1f476b29876d2883472eed7fbf61f8ec/1000x1000-000000-80-0-0.jpg	Blue Sugar	1998	https://www.deezer.com/track/2185850
young-mc--bust-a-move	track	deezer	https://cdn-images.dzcdn.net/images/cover/4bc11f8b14293120ba54c2c3e243000a/1000x1000-000000-80-0-0.jpg	Stone Cold Rhymin' (Deluxe Edition)		https://www.deezer.com/track/83971967
zucchero--con-le-mani	track	deezer	https://cdn-images.dzcdn.net/images/cover/ed20452092602c2d6fa1aadb3d6d2290/1000x1000-000000-80-0-0.jpg	Blue's	1987	https://www.deezer.com/track/565278162
2-unlimited--the-real-thing	track	deezer	https://cdn-images.dzcdn.net/images/cover/cee6b49fcd298ca6881b6148ab2d2747/1000x1000-000000-80-0-0.jpg	Real Things		https://www.deezer.com/track/1188720742
zucchero--overdose	track	deezer	https://cdn-images.dzcdn.net/images/cover/a7bc30ea70249eeb34e1ae8e85d3a9e6/1000x1000-000000-80-0-0.jpg	Latin Masters: Con Le Mani		https://www.deezer.com/track/5453606
zucchero--per-colpa-di-chi	track	deezer	https://cdn-images.dzcdn.net/images/cover/49bbf014bb08c6c9177d6e3e9a948867/1000x1000-000000-80-0-0.jpg	Pavarotti & Friends Together For The Children Of Bosnia	1996	https://www.deezer.com/track/2305585
zucchero--il-mare-impetuoso-al-tramonto-sali-sulla-luna-e-dietro-una-t	track	deezer	https://cdn-images.dzcdn.net/images/cover/88426a950d5412b35b148ddd7549d311/1000x1000-000000-80-0-0.jpg	All The Best - Zu & Co (Night Of The Proms 2014 / Limited Edition)		https://www.deezer.com/track/89748847
2-unlimited--tribal-dance	track	deezer	https://cdn-images.dzcdn.net/images/cover/37e6834a65f160a58c3b58dc8a76d240/1000x1000-000000-80-0-0.jpg	No Limits		https://www.deezer.com/track/134706076
883--hanno-ucciso-l-uomo-ragno	track	deezer	https://cdn-images.dzcdn.net/images/cover/1846530ab6f174a47d68ed3922608541/1000x1000-000000-80-0-0.jpg	Hanno ucciso l'Uomo Ragno		https://www.deezer.com/track/766445
883--come-mai	track	deezer	https://cdn-images.dzcdn.net/images/cover/b4577ff190d35e59069272466692b5eb/1000x1000-000000-80-0-0.jpg	Nord Sud Ovest Est		https://www.deezer.com/track/766655
883--se-tornerai	track	deezer	https://cdn-images.dzcdn.net/images/cover/dd10a90934626b537650018eba6e9d1b/1000x1000-000000-80-0-0.jpg	La dura legge del gol		https://www.deezer.com/track/692082
883--senza-averti-qui	track	deezer	https://cdn-images.dzcdn.net/images/cover/e2d7d8b76aeea016ee464fe2e66788d1/1000x1000-000000-80-0-0.jpg	La donna il sogno & il grande incubo		https://www.deezer.com/track/766958
zz-top--legs	track	deezer-album	https://cdn-images.dzcdn.net/images/cover/45a66af6c33ddc07b9819526734e4427/1000x1000-000000-80-0-0.jpg	Eliminator	1983	https://www.deezer.com/album/902147122
zz-top--sharp-dressed-man	track	deezer-album	https://cdn-images.dzcdn.net/images/cover/45a66af6c33ddc07b9819526734e4427/1000x1000-000000-80-0-0.jpg	Eliminator	1983	https://www.deezer.com/album/902147122
883--una-canzone-d-amore	track	deezer	https://cdn-images.dzcdn.net/images/cover/e2d7d8b76aeea016ee464fe2e66788d1/1000x1000-000000-80-0-0.jpg	La donna il sogno & il grande incubo		https://www.deezer.com/track/766988
abba--s-o-s	track	musicbrainz	https://coverartarchive.org/release-group/71b5e81c-e951-45a0-9554-8599ad1b52e9/front-500	Testament van de Seventies	2008	https://musicbrainz.org/release/f0b647ce-8db2-4682-ac34-50d0cfd390fd
883--tieni-il-tempo	track	deezer	https://cdn-images.dzcdn.net/images/cover/e2d7d8b76aeea016ee464fe2e66788d1/1000x1000-000000-80-0-0.jpg	La donna il sogno & il grande incubo		https://www.deezer.com/track/766965
ace-of-base--living-in-danger	track	deezer	https://cdn-images.dzcdn.net/images/cover/599c31e92ab91c01f8fb889a96e54544/1000x1000-000000-80-0-0.jpg	Happy Nation (U.S. Version) (Remastered)		https://www.deezer.com/track/94676700
abba--i-do-i-do-i-do-i-do	track	deezer-album	https://cdn-images.dzcdn.net/images/cover/065db5953bf46f833dc6b3ca5dba2a51/1000x1000-000000-80-0-0.jpg	Abba		https://www.deezer.com/album/119899
ace-of-base--lucky-love	track	deezer	https://cdn-images.dzcdn.net/images/cover/a90cbab84e29bbfb2e339a349e5faeae/1000x1000-000000-80-0-0.jpg	The Bridge	1995	https://www.deezer.com/track/92382208
aerosmith--dude	track	deezer	https://cdn-images.dzcdn.net/images/cover/807fdcea57e5c1c0324ee76157fba51c/1000x1000-000000-80-0-0.jpg	Permanent Vacation		https://www.deezer.com/track/2125097
abba--lay-all-your-love-on-me	track	deezer-album	https://cdn-images.dzcdn.net/images/cover/4fb5f9bcb28f1986e4a5fab81ad19449/1000x1000-000000-80-0-0.jpg	Super Trouper		https://www.deezer.com/album/245956
al-jarreau--roof-garden	track	deezer	https://cdn-images.dzcdn.net/images/cover/c10cb01bcb63674e35b018172997e1f6/1000x1000-000000-80-0-0.jpg	Breakin' Away		https://www.deezer.com/track/3822130
air-supply--making-love-out-of-nothing-at-all	track	deezer	https://cdn-images.dzcdn.net/images/cover/355d1ce9cd5cdb78d3cea473ae50a589/1000x1000-000000-80-0-0.jpg	The Singer & The Song		https://www.deezer.com/track/65986693
al-stewart--the-year-of-the-cat	track	deezer	https://cdn-images.dzcdn.net/images/cover/00ac8a8bea3d07567d2d72b403cbd628/1000x1000-000000-80-0-0.jpg	Year of the Cat		https://www.deezer.com/track/3100130
aerosmith--crazy	track	deezer-album	https://cdn-images.dzcdn.net/images/cover/04cfb163fee3a6dcf025525eb6b57f44/1000x1000-000000-80-0-0.jpg	Get A Grip	1993	https://www.deezer.com/album/431988817
the-offspring--the-kids-aren-t-alright	artist	deezer-artist	https://cdn-images.dzcdn.net/images/artist/cb39bd249507f7f66782834195be99de/1000x1000-000000-80-0-0.jpg			https://www.deezer.com/artist/882
alice-cooper--be-my-lover	track	deezer	https://cdn-images.dzcdn.net/images/cover/8c9e927a3b702545f899d325bc1c945f/1000x1000-000000-80-0-0.jpg	Killer		https://www.deezer.com/track/730740
ambra--aspettavo-te	track	deezer	https://cdn-images.dzcdn.net/images/cover/2d19cec1ebf04f7ea5ec391ba4667153/1000x1000-000000-80-0-0.jpg	Angiolini	1996	https://www.deezer.com/track/2483607931
alice-cooper--poison	track	deezer	https://cdn-images.dzcdn.net/images/cover/566585bce714c1c1bc5bb91d68476d36/1000x1000-000000-80-0-0.jpg	Trash	1989	https://www.deezer.com/track/1015071
amedeo-minghi--cantare-e-d-amore	track	deezer	https://cdn-images.dzcdn.net/images/cover/eba0840d86c052c298667bbc8bf9ab5d/1000x1000-000000-80-0-0.jpg	L'ascolteranno gli americani		https://www.deezer.com/track/3339150381
alan-jackson--summertime-blues	track	deezer-album	https://cdn-images.dzcdn.net/images/cover/101323270dd527c663b86645e107c86b/1000x1000-000000-80-0-0.jpg	Who I Am Bonus Track		https://www.deezer.com/album/242330
amedeo-minghi--nene	track	deezer	https://cdn-images.dzcdn.net/images/cover/fe1e89c12ba39a6f3e2e16b100fbb9a1/1000x1000-000000-80-0-0.jpg	Nenè		https://www.deezer.com/track/3314120891
alice-in-chains--rooster	track	deezer-album	https://cdn-images.dzcdn.net/images/cover/31752b79ecbbdc65a26593759c8e08f8/1000x1000-000000-80-0-0.jpg	Dirt (2022 Remaster)	1992	https://www.deezer.com/album/1399089
bill-withers--ain-t-no-sunshine	none	placeholder				
amedeo-minghi--vattene-amore	track	deezer	https://cdn-images.dzcdn.net/images/cover/da81666e621a5902cf6ff0f2535b160a/1000x1000-000000-80-0-0.jpg	La bussola e il cuore		https://www.deezer.com/track/3337506481
andre-hazes--ik-meen-t	track	musicbrainz	https://coverartarchive.org/release-group/5cb11638-5e15-3d2f-80e8-c80cd6cc26aa/front-500	Jij en ik		https://musicbrainz.org/release/b0512578-8b7d-4cde-9b8c-82cbd62ac9e3
angelo-branduardi--la-pulce-d-acqua	track	deezer	https://cdn-images.dzcdn.net/images/cover/1dde0d1973975eac39b73d31f571159e/1000x1000-000000-80-0-0.jpg	La Pulce D'Acqua		https://www.deezer.com/track/876365
anna-oxa--senza-pieta	track	deezer	https://cdn-images.dzcdn.net/images/cover/e28f0d73b635545e1725a2ac101ea0e9/1000x1000-000000-80-0-0.jpg	Senza Pieta'	1999	https://www.deezer.com/track/15796057
amy-grant--baby-baby	track	deezer-album	https://cdn-images.dzcdn.net/images/cover/34d721988bc16085f6a76844b893ba91/1000x1000-000000-80-0-0.jpg	Heart In Motion		https://www.deezer.com/album/321196
my-chemical-romance--teenagers	track	itunes	https://is1-ssl.mzstatic.com/image/thumb/Music115/v4/7e/ac/69/7eac6998-7fa4-f1ab-9601-e8b791c736fa/mzi.fbpszunc.jpg/600x600cc.jpg	The Black Parade	2006	https://music.apple.com/us/album/teenagers/209388277?i=209388998&uo=4
elvis-presley--can-t-help-falling-in-love	track	itunes	https://is1-ssl.mzstatic.com/image/thumb/Music211/v4/dc/79/4c/dc794ce3-b5e3-5cbe-ccf8-c10e695a38e8/886445009798.jpg/600x600cc.jpg	Blue Hawaii (Original Soundtrack)	1961	https://music.apple.com/us/album/cant-help-falling-in-love/949550016?i=949550091&uo=4
andrea-bocelli--con-te-partiro	track	deezer-album	https://cdn-images.dzcdn.net/images/cover/d9928bc2e3cfa804ed169fa64a91113c/1000x1000-000000-80-0-0.jpg	Bocelli (Remastered)		https://www.deezer.com/album/9564944
annie-lennox--would-i-lie-to-you	artist	deezer-artist	https://cdn-images.dzcdn.net/images/artist/fa15274f9fd4122054de36a78d53ae1b/1000x1000-000000-80-0-0.jpg			https://www.deezer.com/artist/1148
antonello-venditti--alta-marea	track	deezer	https://cdn-images.dzcdn.net/images/cover/12b1244212d8c611b845a6764843c4c5/1000x1000-000000-80-0-0.jpg	Benvenuti In Paradiso	1991	https://www.deezer.com/track/13210483
led-zeppelin--stairway-to-heaven	track	itunes	https://is1-ssl.mzstatic.com/image/thumb/Music115/v4/5c/15/9b/5c159b27-95ca-b9a7-84e3-28e795fffd39/dj.kvkrpptq.jpg/600x600cc.jpg	Led Zeppelin IV (Remastered)	1971	https://music.apple.com/us/album/stairway-to-heaven/580708175?i=580708180&uo=4
antonello-venditti--bomba-o-non-bomba	track	deezer	https://cdn-images.dzcdn.net/images/cover/7a3347a8c498cdd45eefb834d22d59d1/1000x1000-000000-80-0-0.jpg	Sotto Il Segno Dei Pesci		https://www.deezer.com/track/2491354
anka-paul--diana	track	deezer-album	https://cdn-images.dzcdn.net/images/cover/ed893fa2fb82770690bea535a7d37e21/1000x1000-000000-80-0-0.jpg	Sings His Favorites		https://www.deezer.com/album/14831319
antonello-venditti--buona-domenica	track	deezer	https://cdn-images.dzcdn.net/images/cover/768a057cf3a84650ab922f8c9bbb02a7/1000x1000-000000-80-0-0.jpg	Buona Domenica		https://www.deezer.com/track/2191848
antonello-venditti--roma-capoccia	track	deezer	https://cdn-images.dzcdn.net/images/cover/a907771a9d60e698dd966b01e4576fd7/1000x1000-000000-80-0-0.jpg	Roma Capoccia	1997	https://www.deezer.com/track/13241743
antonello-venditti--sotto-il-segno-dei-pesci	track	deezer	https://cdn-images.dzcdn.net/images/cover/7a3347a8c498cdd45eefb834d22d59d1/1000x1000-000000-80-0-0.jpg	Sotto Il Segno Dei Pesci		https://www.deezer.com/track/2491352
alphaville--forever-young	track	itunes	https://is1-ssl.mzstatic.com/image/thumb/Music125/v4/c9/f5/e6/c9f5e66e-8ab1-5c75-dbe7-7670f9204776/s06.emtrcgpz.jpg/600x600cc.jpg	Forever Young	1984	https://music.apple.com/us/album/forever-young/65122585?i=65122547&uo=4
aqua--my-oh-my	track	deezer	https://cdn-images.dzcdn.net/images/cover/89c2dae2b498dc9ca9151324d02eca2d/1000x1000-000000-80-0-0.jpg	Aquarium	1997	https://www.deezer.com/track/1115043
asia--don-t-cry	track	deezer	https://cdn-images.dzcdn.net/images/cover/bc42cb5a2c3f50df856917eeaac6657f/1000x1000-000000-80-0-0.jpg	Alpha	1991	https://www.deezer.com/track/2161614
bach-johann-sebastian--jesus-bleibet-meine-freude	track	deezer	https://cdn-images.dzcdn.net/images/cover/78ad2279aa6eff39d8566de089cc53dd/1000x1000-000000-80-0-0.jpg	Transformations Viola & Guitar		https://www.deezer.com/track/85085216
backstreet-boys--quit-playin-games	track	deezer	https://cdn-images.dzcdn.net/images/cover/4b5aee6dcf462365a328d9dd8c97bd4b/1000x1000-000000-80-0-0.jpg	Backstreet Boys	1996	https://www.deezer.com/track/4274199
bachman-turner-overdrive--you-ain-t-seen-nothin-yet	track	deezer	https://cdn-images.dzcdn.net/images/cover/6cefdc795fa3f38078900eabc5db956c/1000x1000-000000-80-0-0.jpg	Not Fragile	1990	https://www.deezer.com/track/2447245
bach-johann-sebastian--toccata-and-fugue-in-d-minor-bwv-565	track	deezer	https://cdn-images.dzcdn.net/images/cover/7a701823fe729bba6863bbb6003a0ba1/1000x1000-000000-80-0-0.jpg	Toccata and Fugue in D Minor, BWV 565		https://www.deezer.com/track/555991462
asia--only-time-will-tell	track	deezer-album	https://cdn-images.dzcdn.net/images/cover/7600c2bac1b17400af805bfecd9afa37/1000x1000-000000-80-0-0.jpg	Asia	1999	https://www.deezer.com/album/69833112
barbra-streisand--evergreen	track	deezer	https://cdn-images.dzcdn.net/images/cover/c0194b67c02982938a4840ef9b2cd65b/1000x1000-000000-80-0-0.jpg	A Star Is Born	1976	https://www.deezer.com/track/848945
battisti--amarsi-un-po	track	deezer	https://cdn-images.dzcdn.net/images/cover/73f7181090c306dafe826d3948d38589/1000x1000-000000-80-0-0.jpg	Io tu noi tutti		https://www.deezer.com/track/764291582
battiato--centro-di-gravita-permanente	track	deezer	https://cdn-images.dzcdn.net/images/cover/f61b7bb95d2fc1b7aec6ba310cb1455d/1000x1000-000000-80-0-0.jpg	La Voce Del Padrone (Remastered 2021)		https://www.deezer.com/track/1375685872
battisti--con-il-nastro-rosa	track	deezer	https://cdn-images.dzcdn.net/images/cover/da451be99e86c908d39faf98a9628da3/1000x1000-000000-80-0-0.jpg	Una giornata uggiosa		https://www.deezer.com/track/764164492
bad-company--shooting-star	track	deezer-album	https://cdn-images.dzcdn.net/images/cover/59210df5e75083ecfee22b79712a40b9/1000x1000-000000-80-0-0.jpg	10 from 6 (2009 Remaster)	1970	https://www.deezer.com/album/356028
barry-manilow--can-t-smile-without-you	track	deezer-album	https://cdn-images.dzcdn.net/images/cover/f828b297f36fa86de1fac9b12f291dc4/1000x1000-000000-80-0-0.jpg	Even Now		https://www.deezer.com/album/72181
barry-manilow--could-it-be-magic	track	deezer	https://cdn-images.dzcdn.net/images/cover/6301ea359e1528306e086c57bbdc125c/1000x1000-000000-80-0-0.jpg	Ultimate Manilow		https://www.deezer.com/track/599398
battisti--il-mio-canto-libero	track	deezer	https://cdn-images.dzcdn.net/images/cover/0353a3ecd40bec26da8050334f62b560/1000x1000-000000-80-0-0.jpg	Il mio canto libero	1999	https://www.deezer.com/track/764304922
battisti--orgoglio-e-dignita	track	deezer	https://cdn-images.dzcdn.net/images/cover/da451be99e86c908d39faf98a9628da3/1000x1000-000000-80-0-0.jpg	Una giornata uggiosa		https://www.deezer.com/track/764164432
battisti--fiori-rosa-fiori-di-pesco	track	deezer	https://cdn-images.dzcdn.net/images/cover/14803176373b72d1e55552d6ecf88d9b/1000x1000-000000-80-0-0.jpg	Emozioni	1997	https://www.deezer.com/track/764314542
battisti--i-giardini-di-marzo	track	deezer	https://cdn-images.dzcdn.net/images/cover/ed166be3f6ebdabb340fb524004f6fe8/1000x1000-000000-80-0-0.jpg	Umanamente uomo: il sogno		https://www.deezer.com/track/764229162
battisti--il-nostro-caro-angelo	track	deezer	https://cdn-images.dzcdn.net/images/cover/339fda61097bdd30362308e7b6e98f90/1000x1000-000000-80-0-0.jpg	Il nostro caro angelo		https://www.deezer.com/track/764314492
battisti--pensieri-e-parole	track	deezer	https://cdn-images.dzcdn.net/images/cover/f96d4dae06a78bf2c86b2a3442213140/1000x1000-000000-80-0-0.jpg	Lucio Battisti - Rarities		https://www.deezer.com/track/1080678642
bee-gees--how-can-you-mend-a-broken-heart	track	deezer	https://cdn-images.dzcdn.net/images/cover/8bc76a5c82f7e2d3189362b6a9cf6f23/1000x1000-000000-80-0-0.jpg	Trafalgar	1971	https://www.deezer.com/track/7556562
bee-gees--massachusettes	track	musicbrainz	https://coverartarchive.org/release-group/9d41d2b1-125e-38f2-98e2-03c73771cc20/front-500	Live by Request		https://musicbrainz.org/release/48d35161-16dc-4687-82b2-1194cb80ca74
bee-gees--too-much-heaven	track	deezer-album	https://cdn-images.dzcdn.net/images/cover/78de00db53f6029c16d8e8907a65d2b1/1000x1000-000000-80-0-0.jpg	Spirits Having Flown		https://www.deezer.com/album/70167432
bee-gees--massachusetts	track	deezer-album	https://cdn-images.dzcdn.net/images/cover/2a985e1dff0f19e49f1339823129a2cc/1000x1000-000000-80-0-0.jpg	Horizontal		https://www.deezer.com/album/675012
beloved--sweet-harmony	track	deezer	https://cdn-images.dzcdn.net/images/cover/47fcab0f9791abb04d3276a6eec2c666/1000x1000-000000-80-0-0.jpg	Single File		https://www.deezer.com/track/3375877811
ben-folds-five--brick	track	deezer	https://cdn-images.dzcdn.net/images/cover/97410a6197d8b2f96cbdf3df26e18c24/1000x1000-000000-80-0-0.jpg	Whatever And Ever Amen (Remastered Edition)		https://www.deezer.com/track/582003
belinda-carlisle--heaven-is-a-place-on-earth	track	deezer	https://cdn-images.dzcdn.net/images/cover/8e9691afb5e38383098a0b313dcaa95a/1000x1000-000000-80-0-0.jpg	Heaven Is a Place on Earth		https://www.deezer.com/track/3808827462
bee-gees--new-york-mining-disaster-1941	track	deezer-album	https://cdn-images.dzcdn.net/images/cover/a61fbaba2cc87e7b160b06e7ace471fc/1000x1000-000000-80-0-0.jpg	Bee Gees' 1st		https://www.deezer.com/album/14954501
berlin--take-my-breath-away	track	deezer	https://cdn-images.dzcdn.net/images/cover/311d4c841b55a5dc9c8c99ded6bc274e/1000x1000-000000-80-0-0.jpg	Take My Breath Away		https://www.deezer.com/track/1967665
bee-gees--words	track	deezer	https://cdn-images.dzcdn.net/images/cover/013efe597b7a688d5dbe58e612c2e8fc/1000x1000-000000-80-0-0.jpg	Bee Gees: 1967 - 1969		https://www.deezer.com/track/1147170942
billy-joel--new-york-state-of-mind	track	deezer	https://cdn-images.dzcdn.net/images/cover/4eaa86c3ed87b2763a10a877cab88b11/1000x1000-000000-80-0-0.jpg	Turnstiles	1976	https://www.deezer.com/track/15438710
biagio-antonacci--iris	track	deezer	https://cdn-images.dzcdn.net/images/cover/6d678f49e0c3afd2aed6accfb73e285e/1000x1000-000000-80-0-0.jpg	BIAGIO		https://www.deezer.com/track/113948160
billy-joel--prelude-angry-young-man	track	deezer	https://cdn-images.dzcdn.net/images/cover/4eaa86c3ed87b2763a10a877cab88b11/1000x1000-000000-80-0-0.jpg	Turnstiles	1976	https://www.deezer.com/track/15438712
billy-joel--root-beer-rag	track	deezer	https://cdn-images.dzcdn.net/images/cover/7229ebd9dcb2382ab11147b59f57b0f2/1000x1000-000000-80-0-0.jpg	Streetlife Serenade	1998	https://www.deezer.com/track/15438634
billy-joel--leningrad	track	deezer-album	https://cdn-images.dzcdn.net/images/cover/8a44cff0ab7a842716dc62235a211a30/1000x1000-000000-80-0-0.jpg	Storm Front	1989	https://www.deezer.com/album/78425
billy-joel--the-longest-time	track	deezer	https://cdn-images.dzcdn.net/images/cover/fa5a6fc95f4adfb8784dcd719422c26e/1000x1000-000000-80-0-0.jpg	An Innocent Man	1983	https://www.deezer.com/track/1025654
big-mountain--baby-i-love-your-way	track	deezer-album	https://cdn-images.dzcdn.net/images/cover/6a7d5293a960421064a9b141ab57890d/1000x1000-000000-80-0-0.jpg	Unity	1994	https://www.deezer.com/album/7577327
billy-joel--we-didn-t-start-the-fire	track	deezer	https://cdn-images.dzcdn.net/images/cover/8a44cff0ab7a842716dc62235a211a30/1000x1000-000000-80-0-0.jpg	Storm Front	1989	https://www.deezer.com/track/626123
bon-jovi--it-s-my-life	track	itunes	https://is1-ssl.mzstatic.com/image/thumb/Music221/v4/d5/ad/05/d5ad0586-8108-8da1-6017-3e915f26ad0b/14UMGIM44520.rgb.jpg/600x600cc.jpg	Crush	2000	https://music.apple.com/us/album/its-my-life/1440813234?i=1440813250&uo=4
black-sabbath--sabbath-bloody-sabbath	track	deezer	https://cdn-images.dzcdn.net/images/cover/e75b2a87815c6d3dd8294afc06b5319e/1000x1000-000000-80-0-0.jpg	Sabbath Bloody Sabbath		https://www.deezer.com/track/3783100792
billy-paul--me-mrs-jones	track	deezer	https://cdn-images.dzcdn.net/images/cover/373ef10cf09cdb145d36a0880a2d8a92/1000x1000-000000-80-0-0.jpg	360 Degrees of Billy Paul (Expanded Edition)	1972	https://www.deezer.com/track/723870992
black--wonderful-life	track	deezer	https://cdn-images.dzcdn.net/images/cover/9dbec07d425020b13eb06b32503066ea/1000x1000-000000-80-0-0.jpg	Wonderful Life	1987	https://www.deezer.com/track/2535353
blondie--call-me	track	deezer	https://cdn-images.dzcdn.net/images/cover/e7737766b1bee9abc0cd9a8843977205/1000x1000-000000-80-0-0.jpg	Once More Into The Bleach		https://www.deezer.com/track/3153265
blur--charmless-man	track	deezer-album	https://cdn-images.dzcdn.net/images/cover/2a76a5beed39353b4f52d44f7b3f9d8b/1000x1000-000000-80-0-0.jpg	The Great Escape	1995	https://www.deezer.com/album/4351551
black-sabbath--supernaut	track	deezer	https://cdn-images.dzcdn.net/images/cover/e2cbce9612725c0f5fe44c402f8a4bcd/1000x1000-000000-80-0-0.jpg	Vol. 4 (Remastered 2021)		https://www.deezer.com/track/3794395972
blondie--maria	track	deezer	https://cdn-images.dzcdn.net/images/cover/3daf8074abba747b47511efef3b167b8/1000x1000-000000-80-0-0.jpg	Maria		https://www.deezer.com/track/3805884212
bombalurina--itsy-bits-v-teeny-weeny-yellow-polka-dot-bikini	artist	deezer-artist	https://cdn-images.dzcdn.net/images/artist/7893e78ab45e7eafe50ab77074f5e763/1000x1000-000000-80-0-0.jpg			https://www.deezer.com/artist/160516
bob-dylan--blowin-in-the-wind	track	deezer	https://cdn-images.dzcdn.net/images/cover/0e07d9137b43ab87797d5502bad5622f/1000x1000-000000-80-0-0.jpg	The freewheelin' Bob Dylan		https://www.deezer.com/track/1099535822
blood-sweat-tears--spinning-wheel	track	deezer	https://cdn-images.dzcdn.net/images/cover/9d3e8948e3628b72664346b7644932ec/1000x1000-000000-80-0-0.jpg	The Best Of		https://www.deezer.com/track/540586
bobby-brown--every-little-step	track	deezer	https://cdn-images.dzcdn.net/images/cover/4a6ff33185f94a19a5872b7ddd3fee73/1000x1000-000000-80-0-0.jpg	Two Can Play That Game	1995	https://www.deezer.com/track/1167718
bobby-brown--my-prerogative	track	deezer	https://cdn-images.dzcdn.net/images/cover/d59ea3d4045200b81567669146b62d7d/1000x1000-000000-80-0-0.jpg	Don't Be Cruel (Expanded Edition)		https://www.deezer.com/track/921945582
bon-jovi--in-these-arms	track	deezer	https://cdn-images.dzcdn.net/images/cover/4a2821c5cfa61955ddd982c15cc21882/1000x1000-000000-80-0-0.jpg	Keep The Faith	1998	https://www.deezer.com/track/74628109
boney-m--rivers-of-babylon	track	deezer	https://cdn-images.dzcdn.net/images/cover/24290d29032e06a3669ab17c5e1b7a2a/1000x1000-000000-80-0-0.jpg	Rivers Of Babylon		https://www.deezer.com/track/968798
bonnie-tyler--holding-out-for-a-hero	track	deezer	https://cdn-images.dzcdn.net/images/cover/444736f0448461d5db34cb2f35ec8ff1/1000x1000-000000-80-0-0.jpg	Secret Dreams and Forbidden Fire	1986	https://www.deezer.com/track/911462792
boris-gardiner--i-wanna-wake-up-with-you	track	deezer	https://cdn-images.dzcdn.net/images/cover/05fada8191f418ff816a543340fcc8b1/1000x1000-000000-80-0-0.jpg	Next To You		https://www.deezer.com/track/1904511697
bowie-david--let-s-dance	track	deezer	https://cdn-images.dzcdn.net/images/cover/275e511bf1e85a8a6c170c2c9dc55a7a/1000x1000-000000-80-0-0.jpg	Let's Dance (2018 Remaster)	1983	https://www.deezer.com/track/730342602
bowie-david--modern-love	track	deezer	https://cdn-images.dzcdn.net/images/cover/275e511bf1e85a8a6c170c2c9dc55a7a/1000x1000-000000-80-0-0.jpg	Let's Dance (2018 Remaster)	1983	https://www.deezer.com/track/730342582
boyz-ii-men--yesterday	track	deezer	https://cdn-images.dzcdn.net/images/cover/23b4dc6b342ec65b88361c2bc465be67/1000x1000-000000-80-0-0.jpg	II	1994	https://www.deezer.com/track/7314705
bowie-david--space-oddity	track	deezer	https://cdn-images.dzcdn.net/images/cover/8bd4a046f3d8c8895d9aff00a3b7c2df/1000x1000-000000-80-0-0.jpg	David Bowie (aka Space Oddity) (2015 Remaster)		https://www.deezer.com/track/107465566
boyzone--picture-of-you	track	deezer	https://cdn-images.dzcdn.net/images/cover/c034c21a79494984d454284b3a74bafb/1000x1000-000000-80-0-0.jpg	A Different Beat	1997	https://www.deezer.com/track/90946461
blur--song-2	track	deezer-album	https://cdn-images.dzcdn.net/images/cover/c171487c2b0cd14f12b015aa76304394/1000x1000-000000-80-0-0.jpg	Blur	1997	https://www.deezer.com/album/4351431
bowie-david--dancing-in-the-street	track	deezer	https://cdn-images.dzcdn.net/images/cover/407c2d8d5789f25094f8cc47d2be18d4/1000x1000-000000-80-0-0.jpg	Dancing In The Street E.P.		https://www.deezer.com/track/3432277
brian-may--too-much-love-will-kill-you	track	deezer	https://cdn-images.dzcdn.net/images/cover/e682eb11e9615b9f21e9a7792bbf2d91/1000x1000-000000-80-0-0.jpg	Back To The Light (Deluxe)		https://www.deezer.com/track/1450313712
brooks-garth--callin-baton-rouge	track	musicbrainz	https://coverartarchive.org/release-group/99cf0080-3cbe-3086-b8c4-2c4964cf3ae0/front-500	Double Live (25th anniversary edition)		https://musicbrainz.org/release/9f0a7294-b99a-4e5b-865a-f8b40440efec
boyzone--you-needed-me	track	deezer	https://cdn-images.dzcdn.net/images/cover/2b9108c553da504d4b2ff3fe1f82c892/1000x1000-000000-80-0-0.jpg	Back Again... No Matter What - The Greatest Hits		https://www.deezer.com/track/2203336
brown-james--sex-machine	track	deezer	https://cdn-images.dzcdn.net/images/cover/0a5c6bfb690466a2c5f5f333dcc524b4/1000x1000-000000-80-0-0.jpg	Sex Machine Today	1975	https://www.deezer.com/track/1165720
bruce-springsteen--born-to-run	track	deezer	https://cdn-images.dzcdn.net/images/cover/a9b2ca622c4dcbb5eb576ced899e9cc9/1000x1000-000000-80-0-0.jpg	Born To Run	1988	https://www.deezer.com/track/71136901
bruce-springsteen--hungry-heart	track	deezer	https://cdn-images.dzcdn.net/images/cover/a971f0ed2fda6d017adeb5e3af3c1619/1000x1000-000000-80-0-0.jpg	The River	1980	https://www.deezer.com/track/15177141
brooks-garth--ain-t-goin-down	track	musicbrainz	https://coverartarchive.org/release-group/99cf0080-3cbe-3086-b8c4-2c4964cf3ae0/front-500	Double Live (25th anniversary edition)		https://musicbrainz.org/release/9f0a7294-b99a-4e5b-865a-f8b40440efec
bruce-springsteen--streets-of-philadelphia	track	deezer	https://cdn-images.dzcdn.net/images/cover/8c55d1896d68dbf86cf7b918ad8e8e41/1000x1000-000000-80-0-0.jpg	Philadelphia		https://www.deezer.com/track/900973
brunner-brunner--schenk-mir-diese-eine-nacht	track	deezer	https://cdn-images.dzcdn.net/images/cover/c6273e20643ab4ed70aaea89ee7a00bb/1000x1000-000000-80-0-0.jpg	Schenk' mir diese eine Nacht		https://www.deezer.com/track/74897207
brunner-brunner--shananana	track	deezer	https://cdn-images.dzcdn.net/images/cover/c6273e20643ab4ed70aaea89ee7a00bb/1000x1000-000000-80-0-0.jpg	Schenk' mir diese eine Nacht		https://www.deezer.com/track/74897209
bryan-adams--back-to-you	track	deezer	https://cdn-images.dzcdn.net/images/cover/c4b0599e27b5a65344582dd0ac81d3b7/1000x1000-000000-80-0-0.jpg	Classic		https://www.deezer.com/track/3788698712
bryan-adams--i-finally-found-someone	track	musicbrainz	https://coverartarchive.org/release-group/3c9f34a8-c8a7-3b45-9ca4-fa0465e49e27/front-500	18 Til I Die	1996	https://musicbrainz.org/release/fa5b694f-48f4-496e-984c-091bab6df55f
the-temptations--my-girl	artist	deezer-artist	https://cdn-images.dzcdn.net/images/artist/ea238f3d4ddabdc777d7d37e48e33e66/1000x1000-000000-80-0-0.jpg			https://www.deezer.com/artist/2730
bryan-adams--cuts-like-a-knife	track	deezer	https://cdn-images.dzcdn.net/images/cover/1f8fecf4419452d8ea69862147d51417/1000x1000-000000-80-0-0.jpg	Cuts Like A Knife	1989	https://www.deezer.com/track/1758924227
bryan-adams--let-s-make-a-night-to-remember	track	deezer	https://cdn-images.dzcdn.net/images/cover/6863d958964589b41d07ff135bab7b41/1000x1000-000000-80-0-0.jpg	18 Til I Die	1996	https://www.deezer.com/track/1582144
buddy-holly--that-ll-be-the-day	track	deezer	https://cdn-images.dzcdn.net/images/cover/7dbf1957b0da605f69d5cbdf380246f3/1000x1000-000000-80-0-0.jpg	That'll Be The Day		https://www.deezer.com/track/94381390
camaleonti--mamma-mia	track	deezer	https://cdn-images.dzcdn.net/images/cover/8f7b18fe504677867f2c3847970e210f/1000x1000-000000-80-0-0.jpg	Best Monography - Camaleonti		https://www.deezer.com/track/1141665042
carboni--ci-vuole-un-fisico-bestiale	track	deezer	https://cdn-images.dzcdn.net/images/cover/b2fd449625e6225c90ddce2056351305/1000x1000-000000-80-0-0.jpg	Fisico & Politico		https://www.deezer.com/track/71128681
carboni--farfallina	track	deezer	https://cdn-images.dzcdn.net/images/cover/b2fd449625e6225c90ddce2056351305/1000x1000-000000-80-0-0.jpg	Fisico & Politico		https://www.deezer.com/track/71128682
carboni--mare-mare	track	deezer	https://cdn-images.dzcdn.net/images/cover/b2fd449625e6225c90ddce2056351305/1000x1000-000000-80-0-0.jpg	Fisico & Politico		https://www.deezer.com/track/71128686
carole-king--it-s-too-late	track	deezer	https://cdn-images.dzcdn.net/images/cover/e34d44b406921cbdc47251fe7fae37ac/1000x1000-000000-80-0-0.jpg	Tapestry	1971	https://www.deezer.com/track/119819702
carole-king--so-far-away	track	deezer	https://cdn-images.dzcdn.net/images/cover/e34d44b406921cbdc47251fe7fae37ac/1000x1000-000000-80-0-0.jpg	Tapestry	1971	https://www.deezer.com/track/119819700
carpenters--for-all-we-know	track	deezer	https://cdn-images.dzcdn.net/images/cover/e226805b417aacb89511be77b94ce02e/1000x1000-000000-80-0-0.jpg	Carpenters	1971	https://www.deezer.com/track/538507632
carpenters--hurting-each-other	track	deezer	https://cdn-images.dzcdn.net/images/cover/57f9176d7c95ce2f4adf550d43ff09b7/1000x1000-000000-80-0-0.jpg	A Song For You	1972	https://www.deezer.com/track/538508352
celine-dion--any-other-way	track	deezer	https://cdn-images.dzcdn.net/images/cover/5b17dd2240b8ee47cc750b3930c4c944/1000x1000-000000-80-0-0.jpg	Unison	1990	https://www.deezer.com/track/714264712
celentano--24-000-baci	track	deezer	https://cdn-images.dzcdn.net/images/cover/45509a7bb99f5d3f339bf151d0e646f3/1000x1000-000000-80-0-0.jpg	Celentano Hit Parade (Le Volte Che Adriano È Stato Primo)	1983	https://www.deezer.com/track/3106613191
celentano--susanna	track	deezer	https://cdn-images.dzcdn.net/images/cover/095370a7dce752325617ecf6fbc5efc7/1000x1000-000000-80-0-0.jpg	I Miei Americani Tre Puntini (Remastered 2011)		https://www.deezer.com/track/3057039961
celentano--grazie-prego-scusi	track	deezer	https://cdn-images.dzcdn.net/images/cover/2f758be54dc54d3675322b9bc5320e27/1000x1000-000000-80-0-0.jpg	Grazie, prego, scusi		https://www.deezer.com/track/73703415
celentano--soli	track	deezer	https://cdn-images.dzcdn.net/images/cover/7f208610e75050d0900f613aa93aa1f3/1000x1000-000000-80-0-0.jpg	Collezione D'Oro (Remastered)		https://www.deezer.com/track/552351062
celentano--si-e-spento-il-sole	track	deezer	https://cdn-images.dzcdn.net/images/cover/56eb0c3d237a82459b467bb9c0379403/1000x1000-000000-80-0-0.jpg	Unicamentecelentano		https://www.deezer.com/track/2804871892
celentano--l-emozione-non-ha-voce	track	deezer-album	https://cdn-images.dzcdn.net/images/cover/7f208610e75050d0900f613aa93aa1f3/1000x1000-000000-80-0-0.jpg	Collezione D'Oro (Remastered)		https://www.deezer.com/album/72686592
celine-dion--falling-into-you	track	deezer	https://cdn-images.dzcdn.net/images/cover/348692abbdb9950a998c8d58cbba78b7/1000x1000-000000-80-0-0.jpg	Falling into You	1996	https://www.deezer.com/track/714269212
celine-dion--if-you-asked-me-to	track	deezer	https://cdn-images.dzcdn.net/images/cover/5dd129a19998692897324f90e17bf1b5/1000x1000-000000-80-0-0.jpg	Celine Dion	1992	https://www.deezer.com/track/1016702
cash-johnny--ring-of-fire	track	deezer	https://cdn-images.dzcdn.net/images/cover/ddb009719d3865c98d88f2368d4be8ba/1000x1000-000000-80-0-0.jpg	Johnny Cash and The Royal Philharmonic Orchestra		https://www.deezer.com/track/1122192522
celine-dion--the-colour-of-my-love	track	deezer	https://cdn-images.dzcdn.net/images/cover/7ce8408b33a172ca9ccefed1b5f7dec9/1000x1000-000000-80-0-0.jpg	The Colour Of My Love	1993	https://www.deezer.com/track/70627967
celine-dion--it-s-all-coming-back-to-me	track	deezer	https://cdn-images.dzcdn.net/images/cover/348692abbdb9950a998c8d58cbba78b7/1000x1000-000000-80-0-0.jpg	Falling into You	1996	https://www.deezer.com/track/714269192
celine-dion--pour-que-tu-m-aimes-encore	track	deezer	https://cdn-images.dzcdn.net/images/cover/bc5cd6526b7b34cfc0eb5a6ed46b5524/1000x1000-000000-80-0-0.jpg	D'eux - Édition 15ème Anniversaire		https://www.deezer.com/track/4762933
celine-dion--where-does-my-heart-beat-now	track	deezer	https://cdn-images.dzcdn.net/images/cover/5dd129a19998692897324f90e17bf1b5/1000x1000-000000-80-0-0.jpg	Celine Dion	1992	https://www.deezer.com/track/1016725
celine-dion--the-power-of-the-dream	track	deezer	https://cdn-images.dzcdn.net/images/cover/c6102d84919c841fbf84798b4075a116/1000x1000-000000-80-0-0.jpg	The Collector's Series Vol. 1		https://www.deezer.com/track/15353501
chaka-khan--i-feel-for-you	track	deezer	https://cdn-images.dzcdn.net/images/cover/1b35699645d63299c0979e679d7f4ee2/1000x1000-000000-80-0-0.jpg	I Feel for You		https://www.deezer.com/track/685227
celine-dion--that-s-the-way-it-is	track	deezer-album	https://cdn-images.dzcdn.net/images/cover/9d5e8a078c1762eb24dd1ce7730e710c/1000x1000-000000-80-0-0.jpg	All the Way...A Decade of Song		https://www.deezer.com/album/84830532
charles-eddie--would-i-lie-to-you	track	deezer	https://cdn-images.dzcdn.net/images/cover/41d82d36dbf9b4ed25024a1ef5b5bf5c/1000x1000-000000-80-0-0.jpg	Duophonic		https://www.deezer.com/track/1806786907
chicago--beginnings	track	deezer	https://cdn-images.dzcdn.net/images/cover/d086c2ac87c5d90ed27ec15ce6b04f1e/1000x1000-000000-80-0-0.jpg	Chicago Transit Authority		https://www.deezer.com/track/738703
cher--shoop-shoop-song	track	deezer	https://cdn-images.dzcdn.net/images/cover/6ae854b7fa872fd5164000f4bb2beba1/1000x1000-000000-80-0-0.jpg	Cher's Greatest Hits: 1965-1992	1992	https://www.deezer.com/track/1126795
chick-corea--spain	track	deezer	https://cdn-images.dzcdn.net/images/cover/c017a1497088a7697fe3b2d8420443ed/1000x1000-000000-80-0-0.jpg	Verve Jazz Masters 3: Chick Corea	1993	https://www.deezer.com/track/2542300
chopin-frederic--etude-in-e-major-op-10-no-3-lento-ma-non-troppo	track	deezer	https://cdn-images.dzcdn.net/images/cover/e95ac145609c6154df18bbb798035254/1000x1000-000000-80-0-0.jpg	The Best of Chopin (Remastered)		https://www.deezer.com/track/496951812
christie-tony--yellow-river	track	musicbrainz	https://coverartarchive.org/release-group/ef014076-7560-4900-ba56-827777112d46/front-500	Dance Originals	1992	https://musicbrainz.org/release/14218916-a0a0-475a-9ebe-a12744146412
chris-andrews--yesterday-man	track	deezer	https://cdn-images.dzcdn.net/images/cover/bfd79c90fb322d6f8cc3e1ad7b2679d6/1000x1000-000000-80-0-0.jpg	Fifty Fifty – 50 Years on Stage		https://www.deezer.com/track/15474101
chris-rea--let-s-dance	track	deezer	https://cdn-images.dzcdn.net/images/cover/d24c3e8cb82222605a83fa04a4f5773d/1000x1000-000000-80-0-0.jpg	The Best		https://www.deezer.com/track/545251662
cocciante--margherita	track	deezer	https://cdn-images.dzcdn.net/images/cover/6ee777ef9f340864eff8b72928159ec9/1000x1000-000000-80-0-0.jpg	Concerto Per Margherita	1976	https://www.deezer.com/track/996174
chicago--hard-to-say-i-m-sorry	track	deezer	https://cdn-images.dzcdn.net/images/cover/332489672367b93d9e8d9978932023a6/1000x1000-000000-80-0-0.jpg	The Collection		https://www.deezer.com/track/61467891
collins-phil--don-t-lose-my-number	track	deezer	https://cdn-images.dzcdn.net/images/cover/898bc8349e4d55b9282af885975c372b/1000x1000-000000-80-0-0.jpg	No Jacket Required (2016 Remaster)	1985	https://www.deezer.com/track/122015002
collins-phil--inside-out	track	deezer	https://cdn-images.dzcdn.net/images/cover/898bc8349e4d55b9282af885975c372b/1000x1000-000000-80-0-0.jpg	No Jacket Required (2016 Remaster)	1985	https://www.deezer.com/track/122015008
collins-phil--sussudio	track	deezer	https://cdn-images.dzcdn.net/images/cover/898bc8349e4d55b9282af885975c372b/1000x1000-000000-80-0-0.jpg	No Jacket Required (2016 Remaster)	1985	https://www.deezer.com/track/122014992
corona--rhythm-of-the-night	track	deezer	https://cdn-images.dzcdn.net/images/cover/0a4a28b6de4c5d517a8ac580dc6fa8e5/1000x1000-000000-80-0-0.jpg	The Rhythm of the Night		https://www.deezer.com/track/3413806581
creed--with-arms-wide-open	track	deezer	https://cdn-images.dzcdn.net/images/cover/7c5e2402a3bcb04b871d503087ef56da/1000x1000-000000-80-0-0.jpg	Human Clay		https://www.deezer.com/track/80274462
creedence-clearwater-revival--i-heard-it-through-the-grapevine	track	deezer-album	https://cdn-images.dzcdn.net/images/cover/5590af9d88631c0e355f346b3054c1cd/1000x1000-000000-80-0-0.jpg	Cosmo's Factory (Expanded Edition)		https://www.deezer.com/album/11692568
commodores--brick-house	track	deezer-album	https://cdn-images.dzcdn.net/images/cover/32bba7dae55caf2b0e7b6e7e24cc7b56/1000x1000-000000-80-0-0.jpg	Commodores	1992	https://www.deezer.com/album/680331
creedence-clearwater-revival--travelin-band	track	deezer-album	https://cdn-images.dzcdn.net/images/cover/5590af9d88631c0e355f346b3054c1cd/1000x1000-000000-80-0-0.jpg	Cosmo's Factory (Expanded Edition)		https://www.deezer.com/album/11692568
culture-beat--got-to-get-it	track	deezer	https://cdn-images.dzcdn.net/images/cover/a652433c79217dc6e885cfa28428f174/1000x1000-000000-80-0-0.jpg	Serenity		https://www.deezer.com/track/29794791
crosby-bing--white-christmas	track	deezer	https://cdn-images.dzcdn.net/images/cover/86aca31c9525ac1888e89e16969d344c/1000x1000-000000-80-0-0.jpg	Bing At Christmas		https://www.deezer.com/track/810578422
crystals--da-doo-ron-ron	track	deezer	https://cdn-images.dzcdn.net/images/cover/6753647d85341ed0fbccbedd74ee45ff/1000x1000-000000-80-0-0.jpg	Da Doo Ron Ron: The Very Best of The Crystals		https://www.deezer.com/track/12809345
creedence-clearwater-revival--who-ll-stop-the-rain	track	deezer-album	https://cdn-images.dzcdn.net/images/cover/5590af9d88631c0e355f346b3054c1cd/1000x1000-000000-80-0-0.jpg	Cosmo's Factory (Expanded Edition)		https://www.deezer.com/album/11692568
creedence-clearwater-revival--up-around-the-bend	track	deezer-album	https://cdn-images.dzcdn.net/images/cover/5590af9d88631c0e355f346b3054c1cd/1000x1000-000000-80-0-0.jpg	Cosmo's Factory (Expanded Edition)		https://www.deezer.com/album/11692568
dalla--anna-e-marco	track	deezer	https://cdn-images.dzcdn.net/images/cover/0d91bcb30730715f2184ba695e38cc0c/1000x1000-000000-80-0-0.jpg	Lucio Dalla	1987	https://www.deezer.com/track/1132345
dalla--attenti-al-lupo	track	deezer	https://cdn-images.dzcdn.net/images/cover/8f273ec611cd808f879ea84d54c639c5/1000x1000-000000-80-0-0.jpg	Caro Amico Ti Scrivo...		https://www.deezer.com/track/972494
dalla--balla-balla-ballerino	track	deezer	https://cdn-images.dzcdn.net/images/cover/eab6c80f00f200e0824fafab49130890/1000x1000-000000-80-0-0.jpg	Dalla	1980	https://www.deezer.com/track/990407
dalla--ciao	track	deezer	https://cdn-images.dzcdn.net/images/cover/8f273ec611cd808f879ea84d54c639c5/1000x1000-000000-80-0-0.jpg	Caro Amico Ti Scrivo...		https://www.deezer.com/track/972771
dalla--l-ultima-luna	track	deezer	https://cdn-images.dzcdn.net/images/cover/0d91bcb30730715f2184ba695e38cc0c/1000x1000-000000-80-0-0.jpg	Lucio Dalla	1987	https://www.deezer.com/track/1132391
dallara--come-prima	track	deezer	https://cdn-images.dzcdn.net/images/cover/215643dacb779cfd1de5d0fd5c5376d5/1000x1000-000000-80-0-0.jpg	COME PRIMA		https://www.deezer.com/track/1450922
dalla--futura	track	deezer	https://cdn-images.dzcdn.net/images/cover/eab6c80f00f200e0824fafab49130890/1000x1000-000000-80-0-0.jpg	Dalla	1980	https://www.deezer.com/track/990410
dalla--cara	track	deezer	https://cdn-images.dzcdn.net/images/cover/eab6c80f00f200e0824fafab49130890/1000x1000-000000-80-0-0.jpg	Dalla	1980	https://www.deezer.com/track/990409
cyndi-lauper--time-after-time	track	itunes	https://is1-ssl.mzstatic.com/image/thumb/Music115/v4/8a/8c/13/8a8c13e0-06af-1710-7b7d-ebec65fb8361/074643893022.jpg/600x600cc.jpg	She's So Unusual	1983	https://music.apple.com/us/album/time-after-time/400603643?i=400603695&uo=4
dave-matthews-band--halloween	track	deezer	https://cdn-images.dzcdn.net/images/cover/416d08636d7bf8b2535449488003aa52/1000x1000-000000-80-0-0.jpg	Before These Crowded Streets	1980	https://www.deezer.com/track/426741282
deep-blue-something--breakfast-at-tiffany-s	track	deezer	https://cdn-images.dzcdn.net/images/cover/f27d35f211f3e2975176f41bd8ac079b/1000x1000-000000-80-0-0.jpg	Home	1995	https://www.deezer.com/track/2315711
jackson-michael--smooth-criminal	track	itunes	https://is1-ssl.mzstatic.com/image/thumb/Music211/v4/d5/5f/28/d55f28f4-610c-ee81-dc16-a01cda46bbc4/886443546264.jpg/600x600cc.jpg	Bad	1987	https://music.apple.com/us/album/smooth-criminal-2012-remaster/559334659?i=559334764&uo=4
pink-floyd--another-brick-in-the-wall-part-2	none	placeholder				
dave-brubeck--take-five	track	deezer	https://cdn-images.dzcdn.net/images/cover/656891fd63715dfb16a3aa6433665864/1000x1000-000000-80-0-0.jpg	Buried Treasures (feat. Paul Desmond)		https://www.deezer.com/track/858642
deep-purple--black-night	track	deezer	https://cdn-images.dzcdn.net/images/cover/d8aac2249943a90fd5aa6260fc78cf15/1000x1000-000000-80-0-0.jpg	Deep Purple in Rock (Anniversary Edition)	1995	https://www.deezer.com/track/3230175
def-leppard--armageddon-it	track	deezer	https://cdn-images.dzcdn.net/images/cover/86d5af2077f5b6ef18fd0ca158a91134/1000x1000-000000-80-0-0.jpg	Hysteria		https://www.deezer.com/track/447552832
depeche-mode--dreaming-of-me	track	deezer	https://cdn-images.dzcdn.net/images/cover/9ec9c75ccce73408e769d18f382669fd/1000x1000-000000-80-0-0.jpg	Speak and Spell (Deluxe)		https://www.deezer.com/track/68511600
def-leppard--hysteria	track	deezer	https://cdn-images.dzcdn.net/images/cover/86d5af2077f5b6ef18fd0ca158a91134/1000x1000-000000-80-0-0.jpg	Hysteria		https://www.deezer.com/track/447552872
depeche-mode--blasphemous-rumours	track	deezer	https://cdn-images.dzcdn.net/images/cover/612c8e9d35d3e79ea2effa0b62b28688/1000x1000-000000-80-0-0.jpg	Some Great Reward (Deluxe)	1984	https://www.deezer.com/track/68515284
depeche-mode--everything-counts	track	deezer	https://cdn-images.dzcdn.net/images/cover/502ced949f2f0ca1a0d48219e64a80cd/1000x1000-000000-80-0-0.jpg	Construction Time Again (Deluxe)	1983	https://www.deezer.com/track/136332036
depeche-mode--master-and-servant	track	deezer	https://cdn-images.dzcdn.net/images/cover/612c8e9d35d3e79ea2effa0b62b28688/1000x1000-000000-80-0-0.jpg	Some Great Reward (Deluxe)	1984	https://www.deezer.com/track/68515282
simple-minds--don-t-you	track	itunes	https://is1-ssl.mzstatic.com/image/thumb/Music221/v4/9b/68/c1/9b68c130-0f73-ae41-67fd-9f48b135ec22/25UMGIM01192.rgb.jpg/600x600cc.jpg	Once Upon A Time	1985	https://music.apple.com/us/album/dont-you-forget-about-me/1789351437?i=1789351443&uo=4
depeche-mode--new-life	track	deezer	https://cdn-images.dzcdn.net/images/cover/9ec9c75ccce73408e769d18f382669fd/1000x1000-000000-80-0-0.jpg	Speak and Spell (Deluxe)		https://www.deezer.com/track/68511189
devo--whip-it	track	deezer	https://cdn-images.dzcdn.net/images/cover/02e23e5eab55a82e4c2921f8c340bff2/1000x1000-000000-80-0-0.jpg	Devo 2.0		https://www.deezer.com/track/1761674007
domino-fats--i-m-walking	track	deezer	https://cdn-images.dzcdn.net/images/cover/1f571e47c640982e33bda856e6502a95/1000x1000-000000-80-0-0.jpg	I'm Walking		https://www.deezer.com/track/71022002
don-mclean--vincent	track	deezer	https://cdn-images.dzcdn.net/images/cover/e8514b388d88fabe7e094b4d167c583d/1000x1000-000000-80-0-0.jpg	American Pie	1987	https://www.deezer.com/track/3166507
wham--wake-me-up-before-you-go-go	track	itunes	https://is1-ssl.mzstatic.com/image/thumb/Music115/v4/ee/49/ac/ee49accc-78bd-bcdb-1aff-c40c1ac3ccc4/074643959520.jpg/600x600cc.jpg	Make It Big	1984	https://music.apple.com/us/album/wake-me-up-before-you-go-go/193084944?i=193084947&uo=4
don-henley--boys-of-summer	track	deezer-album	https://cdn-images.dzcdn.net/images/cover/607d54f488a0fa292c8ed1305570a158/1000x1000-000000-80-0-0.jpg	Building The Perfect Beast (Remastered 2024)		https://www.deezer.com/album/667104321
dorsey--besame-mucho	track	deezer	https://cdn-images.dzcdn.net/images/cover/ac1a2456d60ed1965d301bde5ca50c3e/1000x1000-000000-80-0-0.jpg	Maria Elena		https://www.deezer.com/track/3982354
dire-straits--private-investigations	track	deezer-album	https://cdn-images.dzcdn.net/images/cover/16524c83f289f09b8d6c98c8adc60f11/1000x1000-000000-80-0-0.jpg	Money For Nothing (Remastered 2022)		https://www.deezer.com/album/326289137
dr-alban--look-who-s-talking	track	deezer	https://cdn-images.dzcdn.net/images/cover/706e1eda87d8bfdc221b02638afd2599/1000x1000-000000-80-0-0.jpg	Look Who's Talking	1993	https://www.deezer.com/track/13210221
dr-hook--a-little-bit-more	track	deezer	https://cdn-images.dzcdn.net/images/cover/7b4b304c28884c5999d2ecc62f2b9af2/1000x1000-000000-80-0-0.jpg	A Little Bit More		https://www.deezer.com/track/417357712
dr-hook--when-you-re-in-love-with-a-beautiful-woman	track	deezer	https://cdn-images.dzcdn.net/images/cover/aa7d99ccac537e7dc0305f4a63b17859/1000x1000-000000-80-0-0.jpg	With Love		https://www.deezer.com/track/90668649
drupi--piccola-e-fragile	track	deezer	https://cdn-images.dzcdn.net/images/cover/be24b64f1429871ab44483b3362b8f4b/1000x1000-000000-80-0-0.jpg	Drupi	1997	https://www.deezer.com/track/900496
eagles--lying-eyes	artist	deezer-artist	https://cdn-images.dzcdn.net/images/artist/178be204025c8d38a72113564b647baf/1000x1000-000000-80-0-0.jpg			
eagles--heartache-tonight	track	deezer	https://cdn-images.dzcdn.net/images/cover/31bd7a7b4aa627075d45250e1addbece/1000x1000-000000-80-0-0.jpg	The Long Run (2013 Remaster)	1979	https://www.deezer.com/track/68098348
duran-duran--notorious	track	deezer-album	https://cdn-images.dzcdn.net/images/cover/a2f1339390668738be2fa7e2a0a5b8c4/1000x1000-000000-80-0-0.jpg	Decade	1989	https://www.deezer.com/album/303510
eagles--one-of-these-nights	track	deezer	https://cdn-images.dzcdn.net/images/cover/70a97ce7311f30446298049f65c1f46a/1000x1000-000000-80-0-0.jpg	One of These Nights (2013 Remaster)		https://www.deezer.com/track/68094422
eagles--pretty-maids-all-in-a-row	track	deezer	https://cdn-images.dzcdn.net/images/cover/ef02459f8e72f33acef71617a97d3999/1000x1000-000000-80-0-0.jpg	Hotel California (2013 Remaster)		https://www.deezer.com/track/68097793
eagles--take-it-to-the-limit	track	deezer	https://cdn-images.dzcdn.net/images/cover/70a97ce7311f30446298049f65c1f46a/1000x1000-000000-80-0-0.jpg	One of These Nights (2013 Remaster)		https://www.deezer.com/track/68094427
dusty-springfield--i-only-want-to-be-with-you	track	deezer	https://cdn-images.dzcdn.net/images/cover/6ca90ec4e9d9ef2df91f0b21c9d45ee8/1000x1000-000000-80-0-0.jpg	Forever With You: 60's and 70's Hits		https://www.deezer.com/track/100543192
duran-duran--the-reflex	track	deezer-album	https://cdn-images.dzcdn.net/images/cover/093f02ecb6e0f89448982676a5fe7b25/1000x1000-000000-80-0-0.jpg	Seven and the Ragged Tiger	1993	https://www.deezer.com/album/326902
eiffel-65--lucky	track	deezer	https://cdn-images.dzcdn.net/images/cover/7db0bac93997dc92cf1568156843a08d/1000x1000-000000-80-0-0.jpg	Contact!		https://www.deezer.com/track/18205206
earth-wind-fire--boogie-wonderland	track	deezer	https://cdn-images.dzcdn.net/images/cover/e192f4eaf270f9f36ccc59264fb05c7c/1000x1000-000000-80-0-0.jpg	I Am		https://www.deezer.com/track/27533081
electric-light-orchestra--telephone-line	track	deezer	https://cdn-images.dzcdn.net/images/cover/0a968dc1b2696f255e93b340b3d9b62b/1000x1000-000000-80-0-0.jpg	A New World Record		https://www.deezer.com/track/112660452
ellington--take-the-a-train	track	deezer	https://cdn-images.dzcdn.net/images/cover/ab3a9f737b3ccc845fcc18b3b6664296/1000x1000-000000-80-0-0.jpg	Piano In The Background (Expanded Edition)	1961	https://www.deezer.com/track/581658
ellington--don-t-get-around-much-anymore	track	deezer	https://cdn-images.dzcdn.net/images/cover/00f11f9e517af069c0abe41349fe7f0e/1000x1000-000000-80-0-0.jpg	The Essential Duke Ellington		https://www.deezer.com/track/560703
elvis-presley--always-on-my-mind	track	deezer	https://cdn-images.dzcdn.net/images/cover/1e69256bb6a679e44b697c578edbcbd9/1000x1000-000000-80-0-0.jpg	Elvis (Fool)	1973	https://www.deezer.com/track/129231820
ellington--sophisticated-lady	track	deezer	https://cdn-images.dzcdn.net/images/cover/62c9bc6b9b27fc1b23478681de6b5a06/1000x1000-000000-80-0-0.jpg	Solos, Duets, & Trios		https://www.deezer.com/track/2485560
elvis-presley--hard-headed-woman	track	deezer	https://cdn-images.dzcdn.net/images/cover/22e7ddbec6d5bfa8af4183ff5b75f700/1000x1000-000000-80-0-0.jpg	King Creole	1958	https://www.deezer.com/track/69070775
elvis-presley--heartbreak-hotel	track	deezer	https://cdn-images.dzcdn.net/images/cover/0b13ead9d2741f016062328c3d7652aa/1000x1000-000000-80-0-0.jpg	Viva Elvis		https://www.deezer.com/track/69404832
enya--bard-dance	track	deezer	https://cdn-images.dzcdn.net/images/cover/fda63562603ee3f8f7456544c0b3a6cc/1000x1000-000000-80-0-0.jpg	The Celts	1992	https://www.deezer.com/track/4114355
emerson-lake-palmer--peter-gunn-theme	track	deezer	https://cdn-images.dzcdn.net/images/cover/2b783b4401fe24be737d6a567ae06bf0/1000x1000-000000-80-0-0.jpg	A Time and a Place		https://www.deezer.com/track/1008588592
elvis-presley--good-luck-charm	track	deezer	https://cdn-images.dzcdn.net/images/cover/d2b30238ed68100edc919aa204b02af6/1000x1000-000000-80-0-0.jpg	Elvis 30 #1 Hits		https://www.deezer.com/track/7675105
emerson-lake-palmer--take-a-pebble	track	deezer	https://cdn-images.dzcdn.net/images/cover/caa0911fa537762525f338714853858a/1000x1000-000000-80-0-0.jpg	Emerson, Lake & Palmer		https://www.deezer.com/track/3788335932
emf--unbelievable	track	deezer	https://cdn-images.dzcdn.net/images/cover/2f666a086f47062b759f20913a6d3d37/1000x1000-000000-80-0-0.jpg	Schubert Dip	1991	https://www.deezer.com/track/367782641
enya--no-holly-for-miss-quinn	track	deezer	https://cdn-images.dzcdn.net/images/cover/e5b04866ada6b4e24049b2d81542ba85/1000x1000-000000-80-0-0.jpg	Shepherd Moons	1991	https://www.deezer.com/track/4114334
elvis-presley--it-s-now-or-never	track	musicbrainz	https://coverartarchive.org/release-group/99d47a96-4666-3d8f-a613-75561cda1b48/front-500	That's The Way It Is (50th anniversary collectors edition)	2020	https://musicbrainz.org/release/bd2bf488-3ca7-417a-afcc-08c8994567f4
emerson-lake-palmer--fanfare-for-the-common-man	track	deezer	https://cdn-images.dzcdn.net/images/cover/70a0e7f569ff36e6bdc8c980947f5e6b/1000x1000-000000-80-0-0.jpg	Works (Vol. 1)		https://www.deezer.com/track/3801547242
enya--on-my-way-home	track	deezer	https://cdn-images.dzcdn.net/images/cover/61420f1dd8371d2503c232a0deb45b8f/1000x1000-000000-80-0-0.jpg	Paint the Sky with Stars	1997	https://www.deezer.com/track/65728165
elvis-presley--the-wonder-of-you	track	musicbrainz	https://coverartarchive.org/release-group/99d47a96-4666-3d8f-a613-75561cda1b48/front-500	“That’s the Way It Is”	2000	https://musicbrainz.org/release/cb04d5c1-1970-4ba5-8c09-9dde9b07f10a
erasure--breath-of-life	track	deezer	https://cdn-images.dzcdn.net/images/cover/6a2c2db57adcd68adf6656317ae95f13/1000x1000-000000-80-0-0.jpg	Breath of Life		https://www.deezer.com/track/3750756772
linkin-park--one-step-closer	track	itunes	https://is1-ssl.mzstatic.com/image/thumb/Features115/v4/f0/31/b2/f031b2b2-bcf0-6102-426f-e0b2c7437415/dj.vrgpwamf.jpg/600x600cc.jpg	Hybrid Theory	2000	https://music.apple.com/us/album/one-step-closer/528436018?i=528437411&uo=4
eric-clapton--i-ve-got-a-rock-n-roll-heart	track	deezer	https://cdn-images.dzcdn.net/images/cover/1df13500424f84bb160c2ab3d93247e6/1000x1000-000000-80-0-0.jpg	Money and Cigarettes (2007 Remaster)	1983	https://www.deezer.com/track/1933824017
enya--watermark	track	deezer-album	https://cdn-images.dzcdn.net/images/cover/8d2e5077dc11a278a630b4dae5cd171c/1000x1000-000000-80-0-0.jpg	Watermark (2009 Remaster)	1988	https://www.deezer.com/album/1352749
estefan-gloria--conga	track	musicbrainz	https://coverartarchive.org/release-group/9b9acfac-0ad9-415d-b72c-d133eb2645a3/front-500	Enrico Ostendorf - In the Mix Vol. II		https://musicbrainz.org/release/60581615-7c69-4255-a093-39c562e344b9
estefan-gloria--get-on-your-feet	track	deezer	https://cdn-images.dzcdn.net/images/cover/6905d20672fa139a21b045e678465861/1000x1000-000000-80-0-0.jpg	BRAZIL305		https://www.deezer.com/track/1043379492
erasure--blue-savannah	track	deezer-album	https://cdn-images.dzcdn.net/images/cover/ae1ed3cf44df9768feb11a83d49d4e1f/1000x1000-000000-80-0-0.jpg	Wild! (2019 Expanded Edition)		https://www.deezer.com/album/903822502
eric-clapton--bell-bottom-blues	track	musicbrainz	https://coverartarchive.org/release-group/e8d6810e-ec52-40d9-94b7-dc8afe2b6997/front-500	24 Nights: Orchestral	2023	https://musicbrainz.org/release/eb5cbaa0-fd69-4e7c-84bc-746d511df270
eric-clapton--change-the-world	track	deezer	https://cdn-images.dzcdn.net/images/cover/ec784e20f09d844d4f297560c341049b/1000x1000-000000-80-0-0.jpg	Clapton Chronicles: The Best of Eric Clapton	1999	https://www.deezer.com/track/1940201257
fleetwood-mac--affairs-of-the-heart	track	deezer	https://cdn-images.dzcdn.net/images/cover/1bab974325d58779d0c5869ddfde840d/1000x1000-000000-80-0-0.jpg	Behind the Mask	1990	https://www.deezer.com/track/6634111
eurythmics--there-must-be-an-angel	track	deezer	https://cdn-images.dzcdn.net/images/cover/d68c40aa16097bb08b7537d1774db3fa/1000x1000-000000-80-0-0.jpg	Be Yourself Tonight		https://www.deezer.com/track/561785
estefan-gloria--reach	track	deezer-album	https://cdn-images.dzcdn.net/images/cover/27aac2259dd6bb73e5f27ede91df2073/1000x1000-000000-80-0-0.jpg	Greatest Hits Vol. II		https://www.deezer.com/album/78368
fleetwood-mac--albatros	artist	deezer-artist	https://cdn-images.dzcdn.net/images/artist/ef23278cf3a67a3ca8404ddaa38699d4/1000x1000-000000-80-0-0.jpg			
fiorella-mannoia--il-cielo-d-irlanda	track	deezer	https://cdn-images.dzcdn.net/images/cover/78af19d81b9a3ba00cf9d06a7bac632d/1000x1000-000000-80-0-0.jpg	Le Mie Canzoni		https://www.deezer.com/track/67267869
bruce-springsteen--dancing-in-the-dark	track	itunes	https://is1-ssl.mzstatic.com/image/thumb/Music115/v4/32/72/68/327268ba-b9dd-b322-2a16-bdd0212df48c/074643865326.jpg/600x600cc.jpg	Born In the U.S.A.	1984	https://music.apple.com/us/album/dancing-in-the-dark/203708420?i=203709340&uo=4
free--allright-now	track	musicbrainz	https://coverartarchive.org/release-group/653eff87-f36a-4323-8919-55f658bc9fe3/front-500	Remember the 70’s, Volume 5	1984	https://musicbrainz.org/release/9e4c53d3-04a4-46fb-a215-fce0f894091e
fleetwood-mac--gold-dust-woman	track	deezer	https://cdn-images.dzcdn.net/images/cover/9732751ce91d786dcf30069853697078/1000x1000-000000-80-0-0.jpg	Rumours	1977	https://www.deezer.com/track/63480996
foreigner--double-vision	track	deezer	https://cdn-images.dzcdn.net/images/cover/2e51a635ed33ef0f6ebc560ca482d778/1000x1000-000000-80-0-0.jpg	Double Vision (Expanded)		https://www.deezer.com/track/3659576
four-tops--reach-out-i-ll-be-there	track	deezer	https://cdn-images.dzcdn.net/images/cover/6def872d9edbf26bcc7d023caeaffb03/1000x1000-000000-80-0-0.jpg	Reach Out		https://www.deezer.com/track/90265961
frankie-valli--december-1963	track	deezer	https://cdn-images.dzcdn.net/images/cover/331ff7adb7e3efe1d637422ed48f1671/1000x1000-000000-80-0-0.jpg	Stay Just a Little Bit Longer		https://www.deezer.com/track/114695548
g-g-anderson--weisse-rosen-schenk-ich-dir	track	deezer	https://cdn-images.dzcdn.net/images/cover/c269782d77b43db41ffabecde7d67819/1000x1000-000000-80-0-0.jpg	Star Portrait	1994	https://www.deezer.com/track/1048548
foo-fighters--big-me	track	deezer-album	https://cdn-images.dzcdn.net/images/cover/da95768f4665d49f198ddab137d128a7/1000x1000-000000-80-0-0.jpg	Foo Fighters	1995	https://www.deezer.com/album/78721
genesis--many-too-many	track	deezer	https://cdn-images.dzcdn.net/images/cover/19485889cad4f7fce45745ebff0146ff/1000x1000-000000-80-0-0.jpg	And Then There Were Three (2007 Remaster)	1978	https://www.deezer.com/track/14640453
gary-moore--walking-by-myself	track	deezer	https://cdn-images.dzcdn.net/images/cover/e5ca9ba4e56c7e8a69791f6b194399d3/1000x1000-000000-80-0-0.jpg	Still Got The Blues	1992	https://www.deezer.com/track/3125931
genesis--mama	track	deezer	https://cdn-images.dzcdn.net/images/cover/f69bc45cd6e45319afb11a5258d91e69/1000x1000-000000-80-0-0.jpg	Genesis (2007 Remaster)	1983	https://www.deezer.com/track/14639826
frank-sinatra--strangers-in-the-night	track	deezer	https://cdn-images.dzcdn.net/images/cover/621c706e3416c6c52671ab7fe11878f6/1000x1000-000000-80-0-0.jpg	Nothing But The Best (2008 Remastered)		https://www.deezer.com/track/71483069
genesis--shipwrecked	track	deezer	https://cdn-images.dzcdn.net/images/cover/6f632d35ba0529bad24f8abf4e1d3f3e/1000x1000-000000-80-0-0.jpg	Calling All Stations (2007 Remaster)	1997	https://www.deezer.com/track/14639837
genesis--paperlate	track	deezer	https://cdn-images.dzcdn.net/images/cover/a045f24b6dc2d6c3244d51b8c23747e4/1000x1000-000000-80-0-0.jpg	Archive #2 (1976 - 1992)		https://www.deezer.com/track/2348766005
genesis--tell-me-why	track	deezer	https://cdn-images.dzcdn.net/images/cover/8968f10c0e11ba7280a44958bda37820/1000x1000-000000-80-0-0.jpg	We Can't Dance (2007 Remaster)	1991	https://www.deezer.com/track/14639820
genesis--follow-you-follow-me	track	deezer-album	https://cdn-images.dzcdn.net/images/cover/19485889cad4f7fce45745ebff0146ff/1000x1000-000000-80-0-0.jpg	And Then There Were Three (2007 Remaster)	1978	https://www.deezer.com/album/1347786
george-baker-selection--una-paloma-blanca	track	deezer	https://cdn-images.dzcdn.net/images/cover/c37a207002461935a5a41084bca18736/1000x1000-000000-80-0-0.jpg	Hollands Glorie		https://www.deezer.com/track/25592261
genesis--that-s-all	track	deezer	https://cdn-images.dzcdn.net/images/cover/f69bc45cd6e45319afb11a5258d91e69/1000x1000-000000-80-0-0.jpg	Genesis (2007 Remaster)	1983	https://www.deezer.com/track/14639827
genesis--the-musical-box	track	deezer	https://cdn-images.dzcdn.net/images/cover/dee96d7c3e262ed91258c24019bf3239/1000x1000-000000-80-0-0.jpg	Nursery Cryme (2007 Stereo Mix)		https://www.deezer.com/track/14638645
george-benson--in-your-eyes	track	deezer	https://cdn-images.dzcdn.net/images/cover/5a039b3d1ee091de22b3ebf01a25aa6e/1000x1000-000000-80-0-0.jpg	In Your Eyes	1983	https://www.deezer.com/track/4828137
genesis--the-lamb-lies-down-on-broadway	track	deezer-album	https://cdn-images.dzcdn.net/images/cover/125690ffcc8afc81ae77421a1537e968/1000x1000-000000-80-0-0.jpg	The Lamb Lies Down On Broadway (50th Anniversary Deluxe Edition)		https://www.deezer.com/album/826965451
gilbert-o-sullivan--get-down	track	deezer	https://cdn-images.dzcdn.net/images/cover/14388138d8c3ac7d86d2ea758a32e60a/1000x1000-000000-80-0-0.jpg	A Friend Of Mine		https://www.deezer.com/track/1080977272
george-harrison--my-sweet-lord	track	deezer	https://cdn-images.dzcdn.net/images/cover/3ea1097e2b15aa767969b69fb73ad9b0/1000x1000-000000-80-0-0.jpg	All Things Must Pass (Remastered 2014)	1970	https://www.deezer.com/track/84791527
giorgia--e-poi	track	deezer	https://cdn-images.dzcdn.net/images/cover/7c659799df46c3e9a025e429ea856113/1000x1000-000000-80-0-0.jpg	Greatest Hits (Le Cose Non Vanno Mai come Credi)		https://www.deezer.com/track/995617
golden-earring--radar-love	track	deezer	https://cdn-images.dzcdn.net/images/cover/2b8d564878df0175b1ff3db825d10f80/1000x1000-000000-80-0-0.jpg	The Continuing Story Of Radar Love	1989	https://www.deezer.com/track/60702996
gilbert-o-sullivan--alone-again	track	deezer	https://cdn-images.dzcdn.net/images/cover/3be2e791d3106359ed16fd7111c61335/1000x1000-000000-80-0-0.jpg	Alone Again (Naturally)		https://www.deezer.com/track/3782948092
george-benson--on-broadway	track	deezer	https://cdn-images.dzcdn.net/images/cover/61bb519c54e4353347bfda3c99b44217/1000x1000-000000-80-0-0.jpg	The George Benson Collection		https://www.deezer.com/track/3822137
the-cure--boys-don-t-cry	track	itunes	https://is1-ssl.mzstatic.com/image/thumb/Music124/v4/2c/6b/bb/2c6bbbb2-ae5c-57ac-55e9-d49efea7039e/603497862962.jpg/600x600cc.jpg	Greatest Hits	1979	https://music.apple.com/us/album/boys-dont-cry/1288102355?i=1288102522&uo=4
goo-goo-dolls--name	track	deezer	https://cdn-images.dzcdn.net/images/cover/d896e3c349479e4d9acf0b62975d6240/1000x1000-000000-80-0-0.jpg	A Boy Named Goo	1995	https://www.deezer.com/track/775475
glenn-frey--the-heat-is-on	track	deezer-album	https://cdn-images.dzcdn.net/images/cover/2aadf255f7e2b8225dd67836406f876d/1000x1000-000000-80-0-0.jpg	The Heat Is On		https://www.deezer.com/album/58737292
green-day--86	track	deezer	https://cdn-images.dzcdn.net/images/cover/99f91f6f65dc1904065f19e611aa4bee/1000x1000-000000-80-0-0.jpg	Insomniac	1995	https://www.deezer.com/track/3599694
green-day--christie-road	track	deezer	https://cdn-images.dzcdn.net/images/cover/6a85531c7b83daa25d1ed10cf7a0c071/1000x1000-000000-80-0-0.jpg	Kerplunk		https://www.deezer.com/track/378130521
green-day--in-the-end	track	deezer	https://cdn-images.dzcdn.net/images/cover/1e17054b7bfa6576f64ea867b71ef479/1000x1000-000000-80-0-0.jpg	Dookie	1994	https://www.deezer.com/track/678058
green-day--geek-stink-breath	track	deezer	https://cdn-images.dzcdn.net/images/cover/99f91f6f65dc1904065f19e611aa4bee/1000x1000-000000-80-0-0.jpg	Insomniac	1995	https://www.deezer.com/track/3599691
green-day--only-of-you	track	deezer	https://cdn-images.dzcdn.net/images/cover/d6d90093c4462320089a681cc8b0780a/1000x1000-000000-80-0-0.jpg	1039/Smoothed Out Slappy Hours		https://www.deezer.com/track/378130811
green-day--2-000-light-years-away	track	deezer-album	https://cdn-images.dzcdn.net/images/cover/82473dde6be27d6b576d5a4a8dfb5c83/1000x1000-000000-80-0-0.jpg	Greatest Hits: God's Favorite Band		https://www.deezer.com/album/51488752
queen--crazy-little-thing-called-love	track	itunes	https://is1-ssl.mzstatic.com/image/thumb/Music221/v4/0e/93/88/0e9388c0-c842-56dc-311c-417e9c07db85/602527717517.jpg/600x600cc.jpg	The Game	1979	https://music.apple.com/us/album/crazy-little-thing-called-love/6781074926?i=6781075005&uo=4
guess-who--no-time	track	deezer	https://cdn-images.dzcdn.net/images/cover/31cda9e12020f283700cee8ba82c83f9/1000x1000-000000-80-0-0.jpg	Canned Wheat	1969	https://www.deezer.com/track/13239437
guess-who--american-woman	track	deezer-album	https://cdn-images.dzcdn.net/images/cover/dea957b613cc0f96c736dec464124200/1000x1000-000000-80-0-0.jpg	American Woman (2024 Remaster)	1970	https://www.deezer.com/album/666063311
haddaway--fly-away	track	deezer	https://cdn-images.dzcdn.net/images/cover/6b62dc465a6dbea5ce89c20860566567/1000x1000-000000-80-0-0.jpg	The Drive	1995	https://www.deezer.com/track/3801466952
britney-spears--oops-i-did-it-again	track	itunes	https://is1-ssl.mzstatic.com/image/thumb/Music211/v4/d5/9d/97/d59d9769-1369-854f-1681-4901a6d8361b/012414170422.jpg/600x600cc.jpg	Oops!...I Did It Again	2000	https://music.apple.com/us/album/oops-i-did-it-again/267954486?i=267954487&uo=4
green-day--walking-contradiction	track	deezer-album	https://cdn-images.dzcdn.net/images/cover/99f91f6f65dc1904065f19e611aa4bee/1000x1000-000000-80-0-0.jpg	Insomniac	1995	https://www.deezer.com/album/339675
hall-oates--i-can-t-go-for-that	track	deezer	https://cdn-images.dzcdn.net/images/cover/5fc4a5c2d1d99daba2343a0a89506c92/1000x1000-000000-80-0-0.jpg	Looking Back	1991	https://www.deezer.com/track/2485954
haley--see-you-later-alligator	track	deezer	https://cdn-images.dzcdn.net/images/cover/8573fcad21da5d30dcb585d830270104/1000x1000-000000-80-0-0.jpg	Later Alligator		https://www.deezer.com/track/11851719
hollenboer--het-busje-komt-zo	track	deezer	https://cdn-images.dzcdn.net/images/cover/2add76c53fe0df1bf4c160a696804b56/1000x1000-000000-80-0-0.jpg	Het Busje Komt Zo	1995	https://www.deezer.com/track/1416191702
guns-n-roses--patience	track	deezer-album	https://cdn-images.dzcdn.net/images/cover/3859af303ac402533e784e17e3ecb13a/1000x1000-000000-80-0-0.jpg	G N' R Lies	1992	https://www.deezer.com/album/117753
harold-faltermeyer--axel-f	track	deezer-album	https://cdn-images.dzcdn.net/images/cover/e2831cd69cf7c0bc5eb48ca5c2b59acd/1000x1000-000000-80-0-0.jpg	Harold F		https://www.deezer.com/album/92824342
hasselhoff-david--do-the-limbo-dance	track	deezer	https://cdn-images.dzcdn.net/images/cover/480963f32e03b1616354723dcb544694/1000x1000-000000-80-0-0.jpg	BILD (Best Of)		https://www.deezer.com/track/3785285432
heart--alone	track	deezer	https://cdn-images.dzcdn.net/images/cover/13bf5742cd2f2a8f3fcee8460d03817f/1000x1000-000000-80-0-0.jpg	Bad Animals	1987	https://www.deezer.com/track/3127630
hootie-the-blowfish--let-her-cry	track	deezer	https://cdn-images.dzcdn.net/images/cover/9097a9dc2000c147ddf95ca890885910/1000x1000-000000-80-0-0.jpg	Cracked Rear View	1994	https://www.deezer.com/track/4086675
howard-carpendale--hello-again	track	deezer	https://cdn-images.dzcdn.net/images/cover/d9d657a35ec99f1a3b4a0f34dbb37220/1000x1000-000000-80-0-0.jpg	Hello Again		https://www.deezer.com/track/2307600
holly-buddy--peggy-sue	track	deezer-album	https://cdn-images.dzcdn.net/images/cover/7fe011ea7412f1827b46730dbd04f34a/1000x1000-000000-80-0-0.jpg	Buddy Holly	1999	https://www.deezer.com/album/72057772
humperdinck-engelbert--portofino	track	deezer	https://cdn-images.dzcdn.net/images/cover/8cad51024e7ded740e7a4f3aad3164b3/1000x1000-000000-80-0-0.jpg	Engelbert Humperdinck. The 20 Greatest Hits		https://www.deezer.com/track/86855227
inner-circle--sweat	track	deezer	https://cdn-images.dzcdn.net/images/cover/be2f17b7e41a148c0bd161491d6f2279/1000x1000-000000-80-0-0.jpg	Blazzin' Fire		https://www.deezer.com/track/2557399742
humperdinck-engelbert--the-last-waltz	track	deezer	https://cdn-images.dzcdn.net/images/cover/8ec4d14c75d9df2d2ad9a36dda1ea361/1000x1000-000000-80-0-0.jpg	Engelbert Humperdinck: 50		https://www.deezer.com/track/361102651
humperdinck-engelbert--the-spanish-night-is-over	track	deezer	https://cdn-images.dzcdn.net/images/cover/5820ccfcc3755a074cdaf47a43fad9b5/1000x1000-000000-80-0-0.jpg	Best of Romance		https://www.deezer.com/track/3785425892
jackson-michael--man-in-the-mirror	track	deezer	https://cdn-images.dzcdn.net/images/cover/a0ad67d1beb761f2cb9f8b60e5bcf07a/1000x1000-000000-80-0-0.jpg	Michael Jackson's This Is It		https://www.deezer.com/track/4603411
jackson-michael--off-the-wall	track	deezer	https://cdn-images.dzcdn.net/images/cover/9a1084ee1062fd9cd8dbeb1a8978351d/1000x1000-000000-80-0-0.jpg	Off the Wall	1983	https://www.deezer.com/track/15586317
inxs--what-you-need	track	deezer-album	https://cdn-images.dzcdn.net/images/cover/71b4f8e42b90b727df7091e68eae2e57/1000x1000-000000-80-0-0.jpg	Listen Like Thieves (Remastered)	1985	https://www.deezer.com/album/1033456
jamiroquai--too-young-to-die	track	deezer	https://cdn-images.dzcdn.net/images/cover/ae0b258098cccb8ae9bce374714a6e0a/1000x1000-000000-80-0-0.jpg	Emergency on Planet Earth (Remastered)	1993	https://www.deezer.com/track/64608076
janet-jackson--together-again	track	deezer	https://cdn-images.dzcdn.net/images/cover/2b9d03a83ce86dc74191f7f3890667be/1000x1000-000000-80-0-0.jpg	Together Again	1997	https://www.deezer.com/track/3138836
jane-child--don-t-wanna-fall-in-love	track	deezer	https://cdn-images.dzcdn.net/images/cover/7d664382084c11f30b9cf63e0709a70d/1000x1000-000000-80-0-0.jpg	Jane Child		https://www.deezer.com/track/752328
jean-michel-jarre--oxygene-part-6	track	musicbrainz	https://coverartarchive.org/release-group/a84ecb83-9622-3f9a-9759-154505443ca8/front-500	Oxygène	1976	https://musicbrainz.org/release/c35acbfd-9915-458f-8219-7a774c172b64
jan-hammer--crocket-s-theme	track	deezer-album	https://cdn-images.dzcdn.net/images/cover/e392a7eb8dd72ca2dd3eb0fe61ec3980/1000x1000-000000-80-0-0.jpg	Escape From Television	1991	https://www.deezer.com/album/286601002
jamiroquai--deeper-underground	track	deezer-album	https://cdn-images.dzcdn.net/images/cover/fd944a290ead103e367241c8cb67202a/1000x1000-000000-80-0-0.jpg	Synkronized	1999	https://www.deezer.com/album/255830432
jennifer-lopez--let-s-get-loud	track	deezer	https://cdn-images.dzcdn.net/images/cover/e9e59d8b00661ff2971cf7e62e1d780c/1000x1000-000000-80-0-0.jpg	On The 6	1999	https://www.deezer.com/track/15475937
jennifer-lopez--waiting-for-tonight	track	deezer	https://cdn-images.dzcdn.net/images/cover/971218f2812a123fa925a197469da0ea/1000x1000-000000-80-0-0.jpg	On The 6	1999	https://www.deezer.com/track/15476035
jethro-tull--locomotive-breath	track	deezer	https://cdn-images.dzcdn.net/images/cover/a55065538ad0be625262900c0b033fcc/1000x1000-000000-80-0-0.jpg	Living in the Past	1990	https://www.deezer.com/track/3122165
janis-joplin--me-bobby-mcgee	track	deezer-album	https://cdn-images.dzcdn.net/images/cover/65ce0da8dcdf252f362d0575ec9b6848/1000x1000-000000-80-0-0.jpg	Pearl	1999	https://www.deezer.com/album/10506120
jimi-hendrix--fire	track	deezer	https://cdn-images.dzcdn.net/images/cover/8036497e4b82348f7761900f404a3ef5/1000x1000-000000-80-0-0.jpg	Valleys Of Neptune		https://www.deezer.com/track/5431987
joe-cocker--summer-in-the-city	track	deezer	https://cdn-images.dzcdn.net/images/cover/57e4c3c461961e77fab66662fecee013/1000x1000-000000-80-0-0.jpg	Greatest Hits	1999	https://www.deezer.com/track/3104704
john-elton--bennie-the-jets	track	deezer	https://cdn-images.dzcdn.net/images/cover/b34f389d15bcc5842d140c9c29e3bbd5/1000x1000-000000-80-0-0.jpg	Goodbye Yellow Brick Road (Remastered)		https://www.deezer.com/track/75859735
john-elton--don-t-let-the-sun-go-down-on-me	track	deezer	https://cdn-images.dzcdn.net/images/cover/4645b72275fc902d8f2ee5d298bcfac0/1000x1000-000000-80-0-0.jpg	Caribou (Remastered 1995)	1974	https://www.deezer.com/track/1124119
john-elton--song-for-guy	track	deezer	https://cdn-images.dzcdn.net/images/cover/8d713e66ba2d46cac7bc345b17f42dbe/1000x1000-000000-80-0-0.jpg	A Single Man		https://www.deezer.com/track/1106041
joseph-lamb--american-beauty-rag	track	deezer	https://cdn-images.dzcdn.net/images/cover/ce4ed12b236bc7f8096cf5a6058fb013/1000x1000-000000-80-0-0.jpg	A Study in Classic Ragtime	1960	https://www.deezer.com/track/4412561
john-elton--daniel	track	deezer-album	https://cdn-images.dzcdn.net/images/cover/9faa70be1a2e8d8d270fd1c913e715ce/1000x1000-000000-80-0-0.jpg	Don't Shoot Me I'm Only The Piano Player	1996	https://www.deezer.com/album/120856
johnny-rivers--secret-agent-man	track	deezer	https://cdn-images.dzcdn.net/images/cover/50cd4fc713aca5609d66d0bb7df842c0/1000x1000-000000-80-0-0.jpg	Bowfinger (Music From The Motion Picture)		https://www.deezer.com/track/123822920
jovanotti--bella	track	deezer	https://cdn-images.dzcdn.net/images/cover/3dc24cd0349b655d8eb86d32ebcdbabf/1000x1000-000000-80-0-0.jpg	Lorenzo 1997 - L'Albero	1997	https://www.deezer.com/track/2430686
journey--send-her-my-love	track	deezer-album	https://cdn-images.dzcdn.net/images/cover/c4271f52bce006889cc72287661e42c0/1000x1000-000000-80-0-0.jpg	Frontiers (2023 Remaster)	1988	https://www.deezer.com/album/6901048
journey--separate-ways	track	deezer-album	https://cdn-images.dzcdn.net/images/cover/c4271f52bce006889cc72287661e42c0/1000x1000-000000-80-0-0.jpg	Frontiers (2023 Remaster)	1988	https://www.deezer.com/album/6901048
kate-bush--cloudbusting	track	deezer	https://cdn-images.dzcdn.net/images/cover/22fedaf5d2b0ac8977b93bc1db7a4a2a/1000x1000-000000-80-0-0.jpg	Hounds Of Love		https://www.deezer.com/track/2173954727
kaempfert--a-swinging-safari	track	deezer	https://cdn-images.dzcdn.net/images/cover/a3a574310022a03788d13e7ef24d0b99/1000x1000-000000-80-0-0.jpg	Swinging Safari		https://www.deezer.com/track/7568537
jovanotti--ciao-mamma	track	musicbrainz	https://coverartarchive.org/release-group/e1af8b2f-dac7-3ef7-8e3a-6135664e0312/front-500	Giovani Jovanotti	1990	https://musicbrainz.org/release/0aa98dc5-b336-4945-b3d4-73168a068d16
journey--who-s-crying-now	track	deezer-album	https://cdn-images.dzcdn.net/images/cover/0d4a3bfa2ee80789b86951e182a8e607/1000x1000-000000-80-0-0.jpg	Escape (2022 Remaster)	1988	https://www.deezer.com/album/347056437
kc-and-the-sunshine-band--i-m-your-boogie-man	track	deezer	https://cdn-images.dzcdn.net/images/cover/39871c578b5a5a927f1ed0932439381f/1000x1000-000000-80-0-0.jpg	The Best of KC & the Sunshine Band	1990	https://www.deezer.com/track/3151318
kiss--save-your-love	track	deezer	https://cdn-images.dzcdn.net/images/cover/22abb990857654105f908a558ea78bc1/1000x1000-000000-80-0-0.jpg	Dynasty	1997	https://www.deezer.com/track/2267050
kiki-dee--i-ve-got-the-music-in-me	track	deezer	https://cdn-images.dzcdn.net/images/cover/da735d7d229eb9f977a0d927cbb27233/1000x1000-000000-80-0-0.jpg	I've Got the Music in Me (Bonus Track Version)	1974	https://www.deezer.com/track/567704452
kool-the-gang--fresh	track	deezer	https://cdn-images.dzcdn.net/images/cover/4ad26a82c2c2600c8df996dd6b533eee/1000x1000-000000-80-0-0.jpg	All Star Party		https://www.deezer.com/track/12382901
kool-the-gang--ladies-night	track	deezer	https://cdn-images.dzcdn.net/images/cover/a358182fe3214060f434fce7507091bc/1000x1000-000000-80-0-0.jpg	Ladies' Night		https://www.deezer.com/track/541625242
kraftwerk--the-model	track	deezer	https://cdn-images.dzcdn.net/images/cover/34abb4ebbf3a7784757a5c94ebee6c4e/1000x1000-000000-80-0-0.jpg	The Man-Machine (2009 Remaster)		https://www.deezer.com/track/4262789
led-zeppelin--boogie-with-stu	track	deezer	https://cdn-images.dzcdn.net/images/cover/ee0b542bf86263b564007f085e232376/1000x1000-000000-80-0-0.jpg	Physical Graffiti (Remaster)	1975	https://www.deezer.com/track/95319228
led-zeppelin--bron-y-aur-stomp	track	deezer	https://cdn-images.dzcdn.net/images/cover/37788af586af4ab83c7cfdc6fe4ad3bc/1000x1000-000000-80-0-0.jpg	Led Zeppelin III (Deluxe Edition)	1970	https://www.deezer.com/track/78652590
led-zeppelin--livin-lovin-maid	artist	deezer-artist	https://cdn-images.dzcdn.net/images/artist/2cf138b96a63da677ac6fb79846607c8/1000x1000-000000-80-0-0.jpg			
leali--mi-manchi	track	deezer	https://cdn-images.dzcdn.net/images/cover/5f641433bcdd81f227ab1a6aeb5e0545/1000x1000-000000-80-0-0.jpg	Fausto Leali Concerto dal Vivo		https://www.deezer.com/track/5548567
laura-pausini--un-emergenza-d-amore	track	deezer	https://cdn-images.dzcdn.net/images/cover/cd08f3013b048503510029f52a4bfff1/1000x1000-000000-80-0-0.jpg	The Best of Laura Pausini - E ritorno da te		https://www.deezer.com/track/810849
led-zeppelin--no-quarter	track	deezer	https://cdn-images.dzcdn.net/images/cover/87df66f7805c5bd5fdf353def5c3425f/1000x1000-000000-80-0-0.jpg	Houses of the Holy (Remaster)		https://www.deezer.com/track/111628808
led-zeppelin--ramble-on	track	deezer	https://cdn-images.dzcdn.net/images/cover/a5fdd04471cb7d6ec8a663621bdd9bee/1000x1000-000000-80-0-0.jpg	Led Zeppelin II (Deluxe Edition)	1969	https://www.deezer.com/track/78671033
led-zeppelin--the-battle-of-evermore	track	deezer	https://cdn-images.dzcdn.net/images/cover/2047754dc07232def42ec26a9a854544/1000x1000-000000-80-0-0.jpg	Led Zeppelin IV (Remaster)	1971	https://www.deezer.com/track/111628784
led-zeppelin--since-i-ve-been-loving-you	track	deezer	https://cdn-images.dzcdn.net/images/cover/37788af586af4ab83c7cfdc6fe4ad3bc/1000x1000-000000-80-0-0.jpg	Led Zeppelin III (Deluxe Edition)	1970	https://www.deezer.com/track/78652585
led-zeppelin--the-rain-song	track	deezer	https://cdn-images.dzcdn.net/images/cover/87df66f7805c5bd5fdf353def5c3425f/1000x1000-000000-80-0-0.jpg	Houses of the Holy (Remaster)		https://www.deezer.com/track/111628798
led-zeppelin--when-the-levee-breaks	track	deezer	https://cdn-images.dzcdn.net/images/cover/2047754dc07232def42ec26a9a854544/1000x1000-000000-80-0-0.jpg	Led Zeppelin IV (Remaster)	1971	https://www.deezer.com/track/111628794
lennon-john--jealous-guy	track	deezer	https://cdn-images.dzcdn.net/images/cover/2675a9277dfabb74c32b7a3b2c9b0170/1000x1000-000000-80-0-0.jpg	Imagine		https://www.deezer.com/track/7193836
ligabue--ancora-in-piedi	track	deezer	https://cdn-images.dzcdn.net/images/cover/3b5bdb800f7dd726d7bb8ec190d56538/1000x1000-000000-80-0-0.jpg	Sopravvissuti e sopravviventi (2009 Remaster)		https://www.deezer.com/track/6628540
ligabue--libera-nos-a-malo	track	deezer	https://cdn-images.dzcdn.net/images/cover/b0b7ada2ec31f156b5c131eb7835604c/1000x1000-000000-80-0-0.jpg	Lambrusco coltelli rose & popcorn (2009 Remaster)		https://www.deezer.com/track/6628427
ligabue--balliamo-sul-mondo	track	deezer	https://cdn-images.dzcdn.net/images/cover/fccb04414f55ae1a90d983872a14323e/1000x1000-000000-80-0-0.jpg	Ligabue [Remastered Version]		https://www.deezer.com/track/6638607
louis-armstrong--what-a-wonderful-world	track	deezer	https://cdn-images.dzcdn.net/images/cover/c2685d371def5346dedcdd8ac7b543d8/1000x1000-000000-80-0-0.jpg	Louis Armstrong and His Friends	1970	https://www.deezer.com/track/1733896157
level-42--lessons-in-love	track	deezer	https://cdn-images.dzcdn.net/images/cover/67125cdf3956c3f88f2a4e41f9e3b0b4/1000x1000-000000-80-0-0.jpg	The Very Best Of Level 42	1998	https://www.deezer.com/track/1174675
loverboy--this-could-be-the-night	track	deezer	https://cdn-images.dzcdn.net/images/cover/43a4b596e87d67ef268b2243d3e8225a/1000x1000-000000-80-0-0.jpg	Lovin' Every Minute Of It		https://www.deezer.com/track/2507638011
ludwig-van-beethoven--fur-elise	track	deezer	https://cdn-images.dzcdn.net/images/cover/562ca425d5764eed15b0abd1a149c398/1000x1000-000000-80-0-0.jpg	Beethoven Best Piano Pieces		https://www.deezer.com/track/1226208712
ludwig-van-beethoven--5th-symphony	track	deezer	https://cdn-images.dzcdn.net/images/cover/3ce5b9a6dd274d6c733b79a37a928925/1000x1000-000000-80-0-0.jpg	5th Symphony		https://www.deezer.com/track/802929252
lunapop--qualcosa-di-grande	track	deezer-album	https://cdn-images.dzcdn.net/images/cover/d9623d6fdf2e3a1839780eab8256c590/1000x1000-000000-80-0-0.jpg	...Squérez?		https://www.deezer.com/album/43199571
madonna--bedtime-story	track	deezer	https://cdn-images.dzcdn.net/images/cover/dbff9be13e1addf5d364932d4ef5c582/1000x1000-000000-80-0-0.jpg	Bedtime Stories	1994	https://www.deezer.com/track/775665
lunapop--50-special	track	deezer-album	https://cdn-images.dzcdn.net/images/cover/d9623d6fdf2e3a1839780eab8256c590/1000x1000-000000-80-0-0.jpg	...Squérez?		https://www.deezer.com/album/43199571
madonna--drowned-world-substitute-for-love	track	deezer	https://cdn-images.dzcdn.net/images/cover/34d381d06fe6132348de656b716b619f/1000x1000-000000-80-0-0.jpg	Veronica Electronica		https://www.deezer.com/track/3393003811
madonna--causing-a-commotion	track	deezer	https://cdn-images.dzcdn.net/images/cover/43e1a475049d84e7e6ccd5264b92f7b3/1000x1000-000000-80-0-0.jpg	Who's That Girl Soundtrack	1987	https://www.deezer.com/track/4094776
madonna--deeper-and-deeper	track	deezer	https://cdn-images.dzcdn.net/images/cover/0209c35e7379d1533f6db3ce902de447/1000x1000-000000-80-0-0.jpg	Erotica	1992	https://www.deezer.com/track/677585
madonna--hanky-panky	track	deezer	https://cdn-images.dzcdn.net/images/cover/218bda0fe08eb2146a9c80050e08dabc/1000x1000-000000-80-0-0.jpg	I'm Breathless	1990	https://www.deezer.com/track/2812593
madness--our-house	track	deezer-album	https://cdn-images.dzcdn.net/images/cover/2ab19417892e5f1f0aaecf61aa1d7f87/1000x1000-000000-80-0-0.jpg	The Rise & Fall	1982	https://www.deezer.com/album/784772431
madonna--keep-it-together	track	deezer	https://cdn-images.dzcdn.net/images/cover/cb3560d83ededa230d78f7bf047c583a/1000x1000-000000-80-0-0.jpg	Like a Prayer	1989	https://www.deezer.com/track/664521
madonna--lucky-star	track	deezer	https://cdn-images.dzcdn.net/images/cover/c807810d6cf5a3894bad6fa91e6cc137/1000x1000-000000-80-0-0.jpg	Madonna		https://www.deezer.com/track/780984
madonna--ray-of-light	track	deezer	https://cdn-images.dzcdn.net/images/cover/b75d884b15db9c2b3376f93caa059a93/1000x1000-000000-80-0-0.jpg	Ray of Light	1998	https://www.deezer.com/track/778704
chris-isaak--wicked-game	none	placeholder				
limp-bizkit--break-stuff	none	placeholder				
madonna--rescue-me	track	deezer	https://cdn-images.dzcdn.net/images/cover/c1808b7ce62488092830d8b616a65697/1000x1000-000000-80-0-0.jpg	Rescue Me	1991	https://www.deezer.com/track/1169603252
crowded-house--don-t-dream-it-s-over	artist	deezer-artist	https://cdn-images.dzcdn.net/images/artist/1f3674cdc90bfc1a2d01b91d281c445c/1000x1000-000000-80-0-0.jpg			https://www.deezer.com/artist/1194
madonna--the-power-of-goodbye	track	deezer	https://cdn-images.dzcdn.net/images/cover/b75d884b15db9c2b3376f93caa059a93/1000x1000-000000-80-0-0.jpg	Ray of Light	1998	https://www.deezer.com/track/778768
mamas--monday-monday	track	deezer	https://cdn-images.dzcdn.net/images/cover/dfa9363d1ff6372e0e321dbc9da46ec9/1000x1000-000000-80-0-0.jpg	If You Can Believe Your Eyes & Ears		https://www.deezer.com/track/2321272
mariah-carey--dream-lover	track	musicbrainz	https://coverartarchive.org/release-group/1253bd94-4cdc-3836-b25e-28331513aba1/front-500	#1's	2006	https://musicbrainz.org/release/c0216c09-5cae-4927-b0ba-6dcf41b7ccd8
mariah-carey--butterfly	track	deezer	https://cdn-images.dzcdn.net/images/cover/df991f526239ebcfd6f09b646100565e/1000x1000-000000-80-0-0.jpg	Butterfly: 25th Anniversary Expanded Edition		https://www.deezer.com/track/1911482177
mariah-carey--emotions	track	deezer	https://cdn-images.dzcdn.net/images/cover/13dcc11389c5e843c86dd85d9452e2a1/1000x1000-000000-80-0-0.jpg	Emotions	1991	https://www.deezer.com/track/1054624
mariah-carey--fantasy	track	deezer	https://cdn-images.dzcdn.net/images/cover/98ab83037b73f9fab9d97b5644ea2668/1000x1000-000000-80-0-0.jpg	Daydream	1995	https://www.deezer.com/track/1013792
mariah-carey--honey	track	deezer	https://cdn-images.dzcdn.net/images/cover/df991f526239ebcfd6f09b646100565e/1000x1000-000000-80-0-0.jpg	Butterfly: 25th Anniversary Expanded Edition		https://www.deezer.com/track/1911482167
masini--bella-stronza	track	deezer	https://cdn-images.dzcdn.net/images/cover/6170d43964e7e4752453010d6d4ad4f8/1000x1000-000000-80-0-0.jpg	Collezione		https://www.deezer.com/track/971690
masini--perche-lo-fai	track	deezer	https://cdn-images.dzcdn.net/images/cover/6170d43964e7e4752453010d6d4ad4f8/1000x1000-000000-80-0-0.jpg	Collezione		https://www.deezer.com/track/971684
masini--t-innamorerai	track	deezer	https://cdn-images.dzcdn.net/images/cover/6170d43964e7e4752453010d6d4ad4f8/1000x1000-000000-80-0-0.jpg	Collezione		https://www.deezer.com/track/971668
marx-richard--now-and-forever	track	deezer	https://cdn-images.dzcdn.net/images/cover/b85e45fc1efedb90b30dbc66d6b015c7/1000x1000-000000-80-0-0.jpg	Greatest Hits	1997	https://www.deezer.com/track/3087486
masini--le-ragazze-serie	track	deezer	https://cdn-images.dzcdn.net/images/cover/30ec526f8682c843d9cc980ff6c0cb87/1000x1000-000000-80-0-0.jpg	Marco Masini	1990	https://www.deezer.com/track/1084427
masini--vai-con-lui	track	deezer	https://cdn-images.dzcdn.net/images/cover/1a8a1f628ce2e03646407eb66f7efa06/1000x1000-000000-80-0-0.jpg	L'Amore Sia Con Te	1997	https://www.deezer.com/track/1051445
matia-bazar--solo-tu	track	deezer	https://cdn-images.dzcdn.net/images/cover/c96e5059118ebf4a6f2fbafd4175ef3a/1000x1000-000000-80-0-0.jpg	Brivido Caldo		https://www.deezer.com/track/595663102
metallica--battery	track	deezer	https://cdn-images.dzcdn.net/images/cover/291e2af9295ca885b154eee75dfa0432/1000x1000-000000-80-0-0.jpg	Master Of Puppets (Remastered)	1986	https://www.deezer.com/track/424565222
meat-loaf--i-d-do-anything-for-love	track	deezer	https://cdn-images.dzcdn.net/images/cover/b756a9a509d0c3e15d8919b57e6cb4ff/1000x1000-000000-80-0-0.jpg	Bat Out Of Hell II: Back Into Hell...		https://www.deezer.com/track/3166759
creedence-clearwater-revival--bad-moon-rising	track	itunes	https://is1-ssl.mzstatic.com/image/thumb/Music115/v4/88/16/20/881620df-9161-61e8-2295-99c6740871b8/00888072355972.rgb.jpg/600x600cc.jpg	Green River	1969	https://music.apple.com/us/album/bad-moon-rising/1440952818?i=1440952840&uo=4
metallica--my-friend-of-misery	track	deezer	https://cdn-images.dzcdn.net/images/cover/4f2093c9d25852c8f1937ae5a47b99a6/1000x1000-000000-80-0-0.jpg	Metallica (Remastered 2021)	1991	https://www.deezer.com/track/1483825312
metallica--blackened	track	deezer-album	https://cdn-images.dzcdn.net/images/cover/ce293de53f905a3ce444062ec5242d53/1000x1000-000000-80-0-0.jpg	…And Justice for All (Remastered Deluxe Box Set)		https://www.deezer.com/album/76956982
metallica--the-memory-remains	track	deezer	https://cdn-images.dzcdn.net/images/cover/5bfc696a447f419d14b94ad348c2d91c/1000x1000-000000-80-0-0.jpg	Reload	1997	https://www.deezer.com/track/2114515
metallica--the-shortest-straw	track	deezer	https://cdn-images.dzcdn.net/images/cover/ce293de53f905a3ce444062ec5242d53/1000x1000-000000-80-0-0.jpg	…And Justice for All (Remastered)		https://www.deezer.com/track/575867582
metallica--hero-of-the-day	track	deezer	https://cdn-images.dzcdn.net/images/cover/836a8c66bb7337ba74c71e9549bccf63/1000x1000-000000-80-0-0.jpg	Hero of the Day (Remastered)		https://www.deezer.com/track/3354176721
john-elton--your-song	track	itunes	https://is1-ssl.mzstatic.com/image/thumb/Music116/v4/a9/52/e6/a952e6c5-a5e1-a56d-a6f4-b01ca42a4368/06UMGIM50695.rgb.jpg/600x600cc.jpg	Elton John	1970	https://music.apple.com/us/album/your-song/1440810640?i=1440810937&uo=4
metallica--blitzkrieg	track	deezer-album	https://cdn-images.dzcdn.net/images/cover/d6b738c64650ac1d5b73ca476b9198d3/1000x1000-000000-80-0-0.jpg	Garage Inc.		https://www.deezer.com/album/212391
metallica--the-thing-that-should-not-be	track	deezer	https://cdn-images.dzcdn.net/images/cover/291e2af9295ca885b154eee75dfa0432/1000x1000-000000-80-0-0.jpg	Master Of Puppets (Remastered)	1986	https://www.deezer.com/track/424565242
metallica--wherever-i-may-roam	track	deezer	https://cdn-images.dzcdn.net/images/cover/4f2093c9d25852c8f1937ae5a47b99a6/1000x1000-000000-80-0-0.jpg	Metallica (Remastered 2021)	1991	https://www.deezer.com/track/1483825252
boston--more-than-a-feeling	track	itunes	https://is1-ssl.mzstatic.com/image/thumb/Music126/v4/e3/08/9a/e3089ac9-a820-5ee9-64be-39500ad8a5e2/886444824972.jpg/600x600cc.jpg	Boston	1976	https://music.apple.com/us/album/more-than-a-feeling/913902091?i=913902137&uo=4
michael-george--faith	track	deezer	https://cdn-images.dzcdn.net/images/cover/f24a4351040ae09175cbd775607aafe6/1000x1000-000000-80-0-0.jpg	Faith		https://www.deezer.com/track/8146779
miles-john--music	track	deezer	https://cdn-images.dzcdn.net/images/cover/eadc32b9e99695167fda45ae806d3f36/1000x1000-000000-80-0-0.jpg	Rebel		https://www.deezer.com/track/3004107811
michael-george--father-figure	track	deezer	https://cdn-images.dzcdn.net/images/cover/f24a4351040ae09175cbd775607aafe6/1000x1000-000000-80-0-0.jpg	Faith		https://www.deezer.com/track/8146780
mike-the-mechanics--another-cup-of-coffee	track	deezer	https://cdn-images.dzcdn.net/images/cover/6baaba76f9676c9fcbac590258233ab2/1000x1000-000000-80-0-0.jpg	Out Of The Blue		https://www.deezer.com/track/2598565382
mina--insieme	track	deezer	https://cdn-images.dzcdn.net/images/cover/71ee51ae24f911acedf0046fd526236f/1000x1000-000000-80-0-0.jpg	Del Mio Meglio Boxset		https://www.deezer.com/track/9910757
mina--non-gioco-piu	track	deezer	https://cdn-images.dzcdn.net/images/cover/71ee51ae24f911acedf0046fd526236f/1000x1000-000000-80-0-0.jpg	Del Mio Meglio Boxset		https://www.deezer.com/track/9910777
michael-bolton--how-can-we-be-lovers	track	deezer-album	https://cdn-images.dzcdn.net/images/cover/e241034e68be88ff024bd050df76f043/1000x1000-000000-80-0-0.jpg	Soul Provider	1989	https://www.deezer.com/album/114722
mr-mister--broken-wings	track	deezer	https://cdn-images.dzcdn.net/images/cover/a68a0febe6f24646658e52968b26a35c/1000x1000-000000-80-0-0.jpg	Welcome To The Real World	1985	https://www.deezer.com/track/15391705
natalie-imbruglia--smoke	track	deezer	https://cdn-images.dzcdn.net/images/cover/62f49979daf12319e406af9389e9c487/1000x1000-000000-80-0-0.jpg	Left Of The Middle	1997	https://www.deezer.com/track/995556
nat-king-cole--mona-lisa	track	deezer	https://cdn-images.dzcdn.net/images/cover/e60c84dbad32c03a5321ce1433cebfe4/1000x1000-000000-80-0-0.jpg	The Nat King Cole Story		https://www.deezer.com/track/3240267
neil-diamond--solitary-man	track	deezer	https://cdn-images.dzcdn.net/images/cover/b87c18c6d080dbb772698efba072dfdc/1000x1000-000000-80-0-0.jpg	The Origins		https://www.deezer.com/track/2191292107
nek--se-io-non-avessi-te	track	deezer	https://cdn-images.dzcdn.net/images/cover/929e080af546f7a914a5b1ab43b7eb9f/1000x1000-000000-80-0-0.jpg	5030		https://www.deezer.com/track/1996859227
neil-diamond--beautiful-noise	track	deezer	https://cdn-images.dzcdn.net/images/cover/2fc29ac0e11e66adce49d7aa1fe77b63/1000x1000-000000-80-0-0.jpg	In My Lifetime	1996	https://www.deezer.com/track/538434052
nazareth--love-hurts	track	deezer-album	https://cdn-images.dzcdn.net/images/cover/5aa243a94ce3c3cc81bc1270bda5dbde/1000x1000-000000-80-0-0.jpg	Hair of the Dog		https://www.deezer.com/album/901422662
neil-diamond--hello-again	track	deezer-album	https://cdn-images.dzcdn.net/images/cover/ee019879d95a51c6e1a5c718ecba2e84/1000x1000-000000-80-0-0.jpg	The Jazz Singer (Original Songs From The Motion Picture)	1996	https://www.deezer.com/album/7993876
nick-kamen--i-promised-myself	track	deezer	https://cdn-images.dzcdn.net/images/cover/5b752047cc602754197f7d7450a49f2e/1000x1000-000000-80-0-0.jpg	Move Until We Fly	1992	https://www.deezer.com/track/88310763
neil-diamond--love-on-the-rocks	track	deezer-album	https://cdn-images.dzcdn.net/images/cover/ee019879d95a51c6e1a5c718ecba2e84/1000x1000-000000-80-0-0.jpg	The Jazz Singer (Original Songs From The Motion Picture)	1996	https://www.deezer.com/album/7993876
nine-inch-nails--eraser	track	deezer	https://cdn-images.dzcdn.net/images/cover/89d401ea7aecb97639fa86c81213de51/1000x1000-000000-80-0-0.jpg	The Downward Spiral	1994	https://www.deezer.com/track/1173966
nine-inch-nails--hurt	track	deezer	https://cdn-images.dzcdn.net/images/cover/89d401ea7aecb97639fa86c81213de51/1000x1000-000000-80-0-0.jpg	The Downward Spiral	1994	https://www.deezer.com/track/1173969
nine-inch-nails--sanctified	track	deezer	https://cdn-images.dzcdn.net/images/cover/08ca89d7c27d75d5c7927b2d8681a714/1000x1000-000000-80-0-0.jpg	Pretty Hate Machine (Remastered)		https://www.deezer.com/track/384667121
nirvana--lake-of-fire	track	musicbrainz	https://coverartarchive.org/release-group/eb8aad81-e4bb-4076-b4dd-86a301929783/front-500	Biggest Hits Live USA, Vol. 9	1993	https://musicbrainz.org/release/aedade90-f579-42eb-a6f5-d6edf70d5a4a
nirvana--dumb	track	deezer	https://cdn-images.dzcdn.net/images/cover/4d0dfaf6d522f5323aebcc85903d92ac/1000x1000-000000-80-0-0.jpg	In Utero		https://www.deezer.com/track/70466230
nirvana--sifting	track	deezer	https://cdn-images.dzcdn.net/images/cover/5c4474eb462a904d3b3e0ac13213e836/1000x1000-000000-80-0-0.jpg	Bleach (Deluxe Edition)	1989	https://www.deezer.com/track/1137168562
nirvana--polly	track	deezer	https://cdn-images.dzcdn.net/images/cover/f0282817b697279e56df13909962a54a/1000x1000-000000-80-0-0.jpg	Nevermind (Remastered)		https://www.deezer.com/track/13791935
nirvana--sliver	track	deezer	https://cdn-images.dzcdn.net/images/cover/753428fbca4850a4a63ce9e59a73a21c/1000x1000-000000-80-0-0.jpg	Nirvana		https://www.deezer.com/track/529900461
nirvana--son-of-a-gun	track	deezer	https://cdn-images.dzcdn.net/images/cover/6ca145561feaf750192c8c5a4eca1b38/1000x1000-000000-80-0-0.jpg	Incesticide		https://www.deezer.com/track/549265692
oberkrainer--trompeten-echo	track	deezer	https://cdn-images.dzcdn.net/images/cover/6db585174467c3d34abfa9533ea4cced/1000x1000-000000-80-0-0.jpg	Trompetenecho		https://www.deezer.com/track/3694706442
oldfield-mike--moonlight-shadow	track	deezer	https://cdn-images.dzcdn.net/images/cover/e07b185becbe0b6ab014c36748efe0c3/1000x1000-000000-80-0-0.jpg	Crises (Deluxe Edition)		https://www.deezer.com/track/70093876
olivia-newton-john--have-you-ever-been-mellow	track	deezer	https://cdn-images.dzcdn.net/images/cover/28573f80726c5d80eee12d4be19137ce/1000x1000-000000-80-0-0.jpg	Have You Never Been Mellow	1995	https://www.deezer.com/track/3319776
nomadi--il-vento-del-nord	track	deezer	https://cdn-images.dzcdn.net/images/cover/ffc65abfed6dd22aad5ae3302a326250/1000x1000-000000-80-0-0.jpg	Lungo Le Vie Del Vento	1995	https://www.deezer.com/track/817340
nomadi--un-pugno-di-sabbia	track	deezer	https://cdn-images.dzcdn.net/images/cover/94e99a99cef15cd90a2df3770947cb5e/1000x1000-000000-80-0-0.jpg	Nomadi 40		https://www.deezer.com/track/14644963
olivia-newton-john--i-love-you-i-honestly-love-you	track	deezer	https://cdn-images.dzcdn.net/images/cover/fd5acc41c7e22c4552d433843f65739f/1000x1000-000000-80-0-0.jpg	If You Love Me, Let Me Know		https://www.deezer.com/track/3837598371
omc--how-bizarre	track	deezer	https://cdn-images.dzcdn.net/images/cover/ec450e5f1ea39d018f80a2a1357cf03b/1000x1000-000000-80-0-0.jpg	How Bizarre (Deluxe)		https://www.deezer.com/track/83924705
olivia-newton-john--hopelessly-devoted-to-you	track	deezer-album	https://cdn-images.dzcdn.net/images/cover/be9077c0eb51587cbb2eafbfc2e7ab81/1000x1000-000000-80-0-0.jpg	Olivia's Greatest Hits (Vol. 2 / Deluxe Edition / Remastered)		https://www.deezer.com/album/917105581
ottawan--hands-up	track	deezer	https://cdn-images.dzcdn.net/images/cover/5989d68bd498e26d3f13199a9c5f6728/1000x1000-000000-80-0-0.jpg	Ottawan 2	1981	https://www.deezer.com/track/1431802702
paoli--senza-fine	track	deezer	https://cdn-images.dzcdn.net/images/cover/47d7f8efe9da94e4f061a1ee46da230f/1000x1000-000000-80-0-0.jpg	Una Sera Con Gino Paoli		https://www.deezer.com/track/993717
opus--live-is-life	track	deezer	https://cdn-images.dzcdn.net/images/cover/1527e77042961337a5861ad9d82e27a2/1000x1000-000000-80-0-0.jpg	Live Is Life (Live)		https://www.deezer.com/track/15379465
olivia-newton-john--xanadu	track	deezer	https://cdn-images.dzcdn.net/images/cover/49b0b693c512282d3b5b1b029391fbb2/1000x1000-000000-80-0-0.jpg	Xanadu - Original Motion Picture Soundtrack	1980	https://www.deezer.com/track/13163936
paula-abdul--blowing-kisses-in-the-wind	track	deezer	https://cdn-images.dzcdn.net/images/cover/d662dd4877f19f64c8b1fb5ff9bbd6da/1000x1000-000000-80-0-0.jpg	Spellbound	1992	https://www.deezer.com/track/3311539
peter-gabriel--that-voice-again	track	deezer	https://cdn-images.dzcdn.net/images/cover/5f6501830e0fd1309550d25dd2056c18/1000x1000-000000-80-0-0.jpg	So (Remastered)		https://www.deezer.com/track/540503462
pat-benatar--we-belong	track	deezer-album	https://cdn-images.dzcdn.net/images/cover/6a16dac1fdd84e8e4b96d4696d709a5e/1000x1000-000000-80-0-0.jpg	Best Shots		https://www.deezer.com/album/301263
peter-gabriel--solsbury-hill	track	deezer	https://cdn-images.dzcdn.net/images/cover/7faca354f282c0b5d22db802f80f0d81/1000x1000-000000-80-0-0.jpg	Peter Gabriel 1: Car (Remastered)		https://www.deezer.com/track/540502722
pet-shop-boys--one-in-a-million	track	deezer-album	https://cdn-images.dzcdn.net/images/cover/c36053b8275a30565149f703357c63a9/1000x1000-000000-80-0-0.jpg	Very (2018 Remaster)	1993	https://www.deezer.com/album/356419237
pink-floyd--have-a-cigar	track	deezer	https://cdn-images.dzcdn.net/images/cover/cb029c785b8d0cd624ddee9d4127ceff/1000x1000-000000-80-0-0.jpg	Wish You Were Here		https://www.deezer.com/track/116914040
pink-floyd--time	track	deezer	https://cdn-images.dzcdn.net/images/cover/e635a8510c1a74bc089b3566ebbb9cb8/1000x1000-000000-80-0-0.jpg	The Dark Side of the Moon	1973	https://www.deezer.com/track/116914022
peter-schilling--major-tom	track	deezer	https://cdn-images.dzcdn.net/images/cover/10d206f417f7e52986d67e88b8731e3e/1000x1000-000000-80-0-0.jpg	Major Tom (Coming Home)		https://www.deezer.com/track/396103172
phil-collins--another-day-in-paradise	track	deezer-album	https://cdn-images.dzcdn.net/images/cover/49fc8e95b072b484a6c9b3d4500d7709/1000x1000-000000-80-0-0.jpg	...But Seriously (2016 Remaster)	1989	https://www.deezer.com/album/13309489
pink-floyd--us-and-them	track	deezer	https://cdn-images.dzcdn.net/images/cover/e635a8510c1a74bc089b3566ebbb9cb8/1000x1000-000000-80-0-0.jpg	The Dark Side of the Moon	1973	https://www.deezer.com/track/116914028
pooh--ci-pensero-domani	track	deezer	https://cdn-images.dzcdn.net/images/cover/b697b114133d8bea1ebd3d7b1f76ef45/1000x1000-000000-80-0-0.jpg	Boomerang (2014 Remaster)	1978	https://www.deezer.com/track/92592062
pink-floyd--comfortably-numb	track	deezer	https://cdn-images.dzcdn.net/images/cover/2bea643b92a8fc6b19a23756f718cbd4/1000x1000-000000-80-0-0.jpg	The Wall	1979	https://www.deezer.com/track/116914122
pooh--dammi-solo-un-minuto	track	deezer	https://cdn-images.dzcdn.net/images/cover/f4549036131fa748a5c89f66cde64482/1000x1000-000000-80-0-0.jpg	L'ultimo abbraccio		https://www.deezer.com/track/581647612
pooh--e-vorrei	track	deezer	https://cdn-images.dzcdn.net/images/cover/0b89bae427e03b4199bdbfe3207ec362/1000x1000-000000-80-0-0.jpg	Pooh 1971-1974		https://www.deezer.com/track/15100200
pooh--dimmi-di-si	track	deezer	https://cdn-images.dzcdn.net/images/cover/5321a42305b5469e007963537628b82d/1000x1000-000000-80-0-0.jpg	Un posto felice (2012 Remaster)		https://www.deezer.com/track/3724715152
pooh--il-cielo-e-blu-sopra-le-nuvole	track	deezer	https://cdn-images.dzcdn.net/images/cover/5f085579434886da71b9bea8eae6d579/1000x1000-000000-80-0-0.jpg	Il cielo è blu sopra le nuvole (2012 Remaster)		https://www.deezer.com/track/3724746772
pooh--mi-manchi	track	deezer	https://cdn-images.dzcdn.net/images/cover/e27ba333bf5d64a205610151bb293a89/1000x1000-000000-80-0-0.jpg	Pooh 60: La nostra storia		https://www.deezer.com/track/3852522091
pooh--io-sono-vivo	track	deezer	https://cdn-images.dzcdn.net/images/cover/13ca8f81a0312184dfbe1d90ef73f282/1000x1000-000000-80-0-0.jpg	Viva (2014 Remaster)	1979	https://www.deezer.com/track/94902234
pooh--non-lasciarmi-mai-piu	track	deezer	https://cdn-images.dzcdn.net/images/cover/e27ba333bf5d64a205610151bb293a89/1000x1000-000000-80-0-0.jpg	Pooh 60: La nostra storia		https://www.deezer.com/track/3852522111
pooh--puoi-sentirmi-ancora	track	deezer	https://cdn-images.dzcdn.net/images/cover/59a769b7a46f7ede01af3b38b3e19130/1000x1000-000000-80-0-0.jpg	Cento di queste vite (2012 Remaster)		https://www.deezer.com/track/3724708542
pooh--noi-due-nel-mondo-e-nell-anima	track	deezer	https://cdn-images.dzcdn.net/images/cover/f4549036131fa748a5c89f66cde64482/1000x1000-000000-80-0-0.jpg	L'ultimo abbraccio		https://www.deezer.com/track/581648012
pooh--se-balla-da-sola	track	deezer	https://cdn-images.dzcdn.net/images/cover/5321a42305b5469e007963537628b82d/1000x1000-000000-80-0-0.jpg	Un posto felice (2012 Remaster)		https://www.deezer.com/track/3724715112
pooh--non-siamo-in-pericolo	track	deezer	https://cdn-images.dzcdn.net/images/cover/f4549036131fa748a5c89f66cde64482/1000x1000-000000-80-0-0.jpg	L'ultimo abbraccio		https://www.deezer.com/track/581648052
pooh--piccola-katy	track	deezer	https://cdn-images.dzcdn.net/images/cover/5be744aa34ec0d188c30f9072c197008/1000x1000-000000-80-0-0.jpg	La storia dei Pooh		https://www.deezer.com/track/7736554
prince--diamonds-pearls	track	deezer	https://cdn-images.dzcdn.net/images/cover/69e3f69ae975e0e25b241d5a066c0ba2/1000x1000-000000-80-0-0.jpg	Diamonds and Pearls		https://www.deezer.com/track/664140
prince--little-red-corvette	track	deezer	https://cdn-images.dzcdn.net/images/cover/8d0ba6d84cda21d51c7a576c886ecad4/1000x1000-000000-80-0-0.jpg	1999	1982	https://www.deezer.com/track/690106
queen--all-god-s-people	track	deezer	https://cdn-images.dzcdn.net/images/cover/1ae58b7b789c2f0dec6e879820147617/1000x1000-000000-80-0-0.jpg	Innuendo		https://www.deezer.com/track/4092338691
queen--don-t-try-so-hard	track	deezer	https://cdn-images.dzcdn.net/images/cover/1ae58b7b789c2f0dec6e879820147617/1000x1000-000000-80-0-0.jpg	Innuendo		https://www.deezer.com/track/4092338671
prince--u-got-the-look	track	deezer	https://cdn-images.dzcdn.net/images/cover/10c6903b1f953a4054fbc14fc17e955f/1000x1000-000000-80-0-0.jpg	Sign "O" the Times	1987	https://www.deezer.com/track/775416
queen--innuendo	track	deezer	https://cdn-images.dzcdn.net/images/cover/1ae58b7b789c2f0dec6e879820147617/1000x1000-000000-80-0-0.jpg	Innuendo		https://www.deezer.com/track/4092338631
procol-harum--a-salty-dog	track	deezer-album	https://cdn-images.dzcdn.net/images/cover/85bf6efd282350d2bc31aeb832fd5a0e/1000x1000-000000-80-0-0.jpg	A Salty Dog (2009 Remaster)	1969	https://www.deezer.com/album/423545687
queen--headlong	track	deezer	https://cdn-images.dzcdn.net/images/cover/1ae58b7b789c2f0dec6e879820147617/1000x1000-000000-80-0-0.jpg	Innuendo		https://www.deezer.com/track/4092338651
prince--purple-rain	track	deezer-album	https://cdn-images.dzcdn.net/images/cover/526d2d27a16da94b6f46fa4e786a34c9/1000x1000-000000-80-0-0.jpg	Purple Rain		https://www.deezer.com/album/587849692
queen--good-old-fashioned-lover-boy	track	deezer-album	https://cdn-images.dzcdn.net/images/cover/4694f42c86b512499cc7285f8d8364f8/1000x1000-000000-80-0-0.jpg	A Day At The Races	1976	https://www.deezer.com/album/1007320461
radiohead--high-and-dry	track	deezer	https://cdn-images.dzcdn.net/images/cover/0d2ccaf5f7b35af57f3d9c8f4504a6e6/1000x1000-000000-80-0-0.jpg	The Bends	1994	https://www.deezer.com/track/138544261
queen--the-invisible-man	track	deezer-album	https://cdn-images.dzcdn.net/images/cover/171b3c2868d0fd7edcd43afb74abbed4/1000x1000-000000-80-0-0.jpg	The Miracle		https://www.deezer.com/album/1007458831
raf--ti-pretendo	track	deezer	https://cdn-images.dzcdn.net/images/cover/7b26b688f42651dbd5d155e5a39d5d45/1000x1000-000000-80-0-0.jpg	Cosa resterà degli anni 80	1989	https://www.deezer.com/track/1343253992
queen--it-s-a-hard-life	track	deezer-album	https://cdn-images.dzcdn.net/images/cover/e292eacc66bc3c9cd174a20db4c36531/1000x1000-000000-80-0-0.jpg	The Works (Deluxe Edition)		https://www.deezer.com/album/1007452681
ramazzotti--adesso-tu	track	deezer	https://cdn-images.dzcdn.net/images/cover/5cf29952c945af9072310ca39a083cb7/1000x1000-000000-80-0-0.jpg	Nuovi Eroi	1986	https://www.deezer.com/track/10433570
ramazzotti--cose-della-vita	track	deezer	https://cdn-images.dzcdn.net/images/cover/1be86f666c861e0d892af689857b8083/1000x1000-000000-80-0-0.jpg	Tutte storie	1993	https://www.deezer.com/track/1056982
destiny-s-child--say-my-name	none	placeholder				
fleetwood-mac--landslide	none	placeholder				
ranieri--rose-rosse	track	deezer	https://cdn-images.dzcdn.net/images/cover/0a6fb211abf807bfdb75c6c56a24078a/1000x1000-000000-80-0-0.jpg	Rose Rosse	1984	https://www.deezer.com/track/751985
queensryche--jet-city-woman	track	deezer-album	https://cdn-images.dzcdn.net/images/cover/d370fd09ba85c3c3d0b4a83a7e2452fa/1000x1000-000000-80-0-0.jpg	Empire (Expanded Edition / Remastered/2003)		https://www.deezer.com/album/319768
sublime--santeria	artist	deezer-artist	https://cdn-images.dzcdn.net/images/artist/486005b2c449bd8e092315ad60dcd80f/1000x1000-000000-80-0-0.jpg			https://www.deezer.com/artist/410
rastape--colo-de-menina	track	deezer	https://cdn-images.dzcdn.net/images/cover/1cba80db58ae113fcc6dcd7e49dc6d73/1000x1000-000000-80-0-0.jpg	O Melhor do Rastapé		https://www.deezer.com/track/96003530
red-hot-chili-peppers--aeroplane	track	deezer	https://cdn-images.dzcdn.net/images/cover/c180338f0287476b3cc2babdecfb2289/1000x1000-000000-80-0-0.jpg	One Hot Minute (Deluxe Edition)	1995	https://www.deezer.com/track/725476
ray-charles--i-can-t-stop-loving-you	track	deezer	https://cdn-images.dzcdn.net/images/cover/da83240db483007f90026bc1585c2225/1000x1000-000000-80-0-0.jpg	Ray Sings, Basie Swings		https://www.deezer.com/track/3878892041
richard-sanderson--reality	track	deezer	https://cdn-images.dzcdn.net/images/cover/31d0d6098c5906ab08f0d6c64c5e4527/1000x1000-000000-80-0-0.jpg	La boum (Bande originale du film de Claude Pinoteau)		https://www.deezer.com/track/93114370
richard-cliff--some-people	track	deezer	https://cdn-images.dzcdn.net/images/cover/2e58240f2e21f33c71248be197830b39/1000x1000-000000-80-0-0.jpg	Rise Up		https://www.deezer.com/track/589662002
richard-cliff--we-don-t-talk-anymore	track	deezer	https://cdn-images.dzcdn.net/images/cover/ebbcb05705e273e853c99e8e0400aaba/1000x1000-000000-80-0-0.jpg	Cliff with Strings - My Kinda Life		https://www.deezer.com/track/2500712231
ray-charles--georgia	track	deezer	https://cdn-images.dzcdn.net/images/cover/9dd239f537c443fe5f2b294a5dc70200/1000x1000-000000-80-0-0.jpg	48 Hits !		https://www.deezer.com/track/14385624
richie-lionel--easy	track	deezer	https://cdn-images.dzcdn.net/images/cover/5942f6e431f993f72fa5e0f24058c2c6/1000x1000-000000-80-0-0.jpg	Tuskegee (Deluxe Version)		https://www.deezer.com/track/16645492
richie-lionel--endless-love	track	deezer	https://cdn-images.dzcdn.net/images/cover/b9cd304cfed071dfa484824c3a55b993/1000x1000-000000-80-0-0.jpg	Back To Front	1992	https://www.deezer.com/track/2177864
redding-otis--the-dock-of-the-bay	track	deezer-album	https://cdn-images.dzcdn.net/images/cover/e32d56c61a5914589c57cfd71c5f312e/1000x1000-000000-80-0-0.jpg	The Dock of the Bay (Mono)		https://www.deezer.com/album/9214449
richie-lionel--my-destiny	track	deezer	https://cdn-images.dzcdn.net/images/cover/b9cd304cfed071dfa484824c3a55b993/1000x1000-000000-80-0-0.jpg	Back To Front	1992	https://www.deezer.com/track/2177859
ricky-martin--maria	track	deezer	https://cdn-images.dzcdn.net/images/cover/f8e6944a9665236019347784149ce7c9/1000x1000-000000-80-0-0.jpg	Ricky Martin	1999	https://www.deezer.com/track/13704581
ricky-nelson--hello-mary-lou	track	deezer	https://cdn-images.dzcdn.net/images/cover/d4d2ab235536fea214d4978f95da4840/1000x1000-000000-80-0-0.jpg	Hello Mary Lou		https://www.deezer.com/track/101865263
right-said-fred--don-t-talk-just-kiss	track	deezer	https://cdn-images.dzcdn.net/images/cover/137808ae3f5d9d225d29158da8d69ec3/1000x1000-000000-80-0-0.jpg	Up	1992	https://www.deezer.com/track/2355217095
rick-astley--together-forever	track	deezer-album	https://cdn-images.dzcdn.net/images/cover/07de029f6cbc9ce63d9b6064f68b7455/1000x1000-000000-80-0-0.jpg	Whenever You Need Somebody	1987	https://www.deezer.com/album/901415162
robbie-williams--supreme	track	deezer	https://cdn-images.dzcdn.net/images/cover/d260fa442f925e1eb1c95bb29941f636/1000x1000-000000-80-0-0.jpg	Sing When You're Winning		https://www.deezer.com/track/3102420
robin-s--luv-4-luv	track	deezer	https://cdn-images.dzcdn.net/images/cover/31d1f9e6620bd89dba8faa3cf4fa832d/1000x1000-000000-80-0-0.jpg	Luv 4 Luv		https://www.deezer.com/track/826883842
natalie-imbruglia--torn	track	itunes	https://is1-ssl.mzstatic.com/image/thumb/Music125/v4/11/5d/f1/115df15e-e05f-b0f1-ae66-3ad2c5e969b4/mzi.ihaejhxb.jpg/600x600cc.jpg	Left of the Middle	1997	https://music.apple.com/us/album/torn/286006487?i=286006506&uo=4
richie-lionel--three-times-a-lady	track	musicbrainz	https://coverartarchive.org/release-group/c56ecb3f-810b-3b9c-9ca3-f28f32228b85/front-500	Encore		https://musicbrainz.org/release/3180a8e0-13fc-4910-a806-d7473078ad3a
robert-palmer--simply-irresistible	track	deezer	https://cdn-images.dzcdn.net/images/cover/862f37e08cdb82e5f1b69d76d27885cd/1000x1000-000000-80-0-0.jpg	Essential		https://www.deezer.com/track/13569330
robbie-williams--eternity	track	deezer	https://cdn-images.dzcdn.net/images/cover/04bbd225a03aed31f0e249c70117af95/1000x1000-000000-80-0-0.jpg	Eternity/The Road To Mandalay		https://www.deezer.com/track/3290522
rogers-kenny--the-gambler	track	deezer	https://cdn-images.dzcdn.net/images/cover/787a807cec76f363211117727ec519fc/1000x1000-000000-80-0-0.jpg	The Gambler		https://www.deezer.com/track/3108438
rocco-granata--marina	track	deezer	https://cdn-images.dzcdn.net/images/cover/76a3e6c97d88a692447137f6c40d4796/1000x1000-000000-80-0-0.jpg	Marina		https://www.deezer.com/track/78024696
rogers-kenny--lady	track	deezer	https://cdn-images.dzcdn.net/images/cover/0b2ebf3d4f67667b24f441368983454f/1000x1000-000000-80-0-0.jpg	Lady - Single		https://www.deezer.com/track/73996302
rossi-vasco--bollicine	track	deezer	https://cdn-images.dzcdn.net/images/cover/8c8f8da8b2828a4db53ff9c1247b6f2b/1000x1000-000000-80-0-0.jpg	Bollicine (Remastered)		https://www.deezer.com/track/104728294
roxette--i-m-sorry	track	deezer	https://cdn-images.dzcdn.net/images/cover/1566d6aaf2b3aec077a2e01ac8e9d2c3/1000x1000-000000-80-0-0.jpg	Crash! Boom! Bang!	1994	https://www.deezer.com/track/3197922581
roxette--do-you-wanna-go-the-whole-way	track	deezer-album	https://cdn-images.dzcdn.net/images/cover/1566d6aaf2b3aec077a2e01ac8e9d2c3/1000x1000-000000-80-0-0.jpg	Crash! Boom! Bang!	1994	https://www.deezer.com/album/701495531
roxette--harleys-indians	track	deezer-album	https://cdn-images.dzcdn.net/images/cover/1566d6aaf2b3aec077a2e01ac8e9d2c3/1000x1000-000000-80-0-0.jpg	Crash! Boom! Bang!	1994	https://www.deezer.com/album/701495531
roxette--here-comes-the-weekend	track	deezer-album	https://cdn-images.dzcdn.net/images/cover/e3c4132d15aa0ae8d56967176be3e2bc/1000x1000-000000-80-0-0.jpg	Tourism	1992	https://www.deezer.com/album/755617411
roxette--paint	track	deezer-album	https://cdn-images.dzcdn.net/images/cover/0dc0973f0ee0279015a7f66ffba2b1cf/1000x1000-000000-80-0-0.jpg	Look Sharp!	1988	https://www.deezer.com/album/702650651
roxette--love-is-all	track	deezer-album	https://cdn-images.dzcdn.net/images/cover/1566d6aaf2b3aec077a2e01ac8e9d2c3/1000x1000-000000-80-0-0.jpg	Crash! Boom! Bang!	1994	https://www.deezer.com/album/701495531
roxette--dangerous	track	deezer-album	https://cdn-images.dzcdn.net/images/cover/0dc0973f0ee0279015a7f66ffba2b1cf/1000x1000-000000-80-0-0.jpg	Look Sharp!	1988	https://www.deezer.com/album/702650651
roy-orbison--only-the-lonely	track	deezer	https://cdn-images.dzcdn.net/images/cover/3c77180ebabff1e354ef5df550a61e2d/1000x1000-000000-80-0-0.jpg	Black & White Night		https://www.deezer.com/track/578240
rush--losing-it	track	deezer	https://cdn-images.dzcdn.net/images/cover/21c0fa3e6b3b05fbcb8579ecfc256eab/1000x1000-000000-80-0-0.jpg	Signals		https://www.deezer.com/track/2499125
roxette--run-to-you	track	deezer-album	https://cdn-images.dzcdn.net/images/cover/1566d6aaf2b3aec077a2e01ac8e9d2c3/1000x1000-000000-80-0-0.jpg	Crash! Boom! Bang!	1994	https://www.deezer.com/album/701495531
ruggeri--nuovo-swing	track	deezer	https://cdn-images.dzcdn.net/images/cover/da452fc362754aae387cf493f9452cda/1000x1000-000000-80-0-0.jpg	Pezzi di vita		https://www.deezer.com/track/98109054
rush--mission	track	deezer	https://cdn-images.dzcdn.net/images/cover/9ee02fc0e61bcb906c732e097b94fd6d/1000x1000-000000-80-0-0.jpg	Hold Your Fire	1987	https://www.deezer.com/track/1090293
roxette--the-big-l	track	deezer-album	https://cdn-images.dzcdn.net/images/cover/3ce31e31db3436939b7fa4b5ec15f6f2/1000x1000-000000-80-0-0.jpg	Joyride	1991	https://www.deezer.com/album/702667221
rush--red-barchetta	track	deezer	https://cdn-images.dzcdn.net/images/cover/9ee330e0d51624845386572426b5ed80/1000x1000-000000-80-0-0.jpg	Moving Pictures (2011 Remaster)		https://www.deezer.com/track/10303626
rush--the-camera-eye	track	deezer	https://cdn-images.dzcdn.net/images/cover/9ee330e0d51624845386572426b5ed80/1000x1000-000000-80-0-0.jpg	Moving Pictures (2011 Remaster)		https://www.deezer.com/track/10303629
rush--tom-sawyer	track	deezer	https://cdn-images.dzcdn.net/images/cover/9ee330e0d51624845386572426b5ed80/1000x1000-000000-80-0-0.jpg	Moving Pictures (2011 Remaster)		https://www.deezer.com/track/10303625
rush--yyz	track	deezer	https://cdn-images.dzcdn.net/images/cover/9ee330e0d51624845386572426b5ed80/1000x1000-000000-80-0-0.jpg	Moving Pictures (2011 Remaster)		https://www.deezer.com/track/10303627
santana--black-magic-woman-gypsy-queen	track	deezer	https://cdn-images.dzcdn.net/images/cover/a2e25782bf1639818d5204fa78b5a5a5/1000x1000-000000-80-0-0.jpg	Abraxas		https://www.deezer.com/track/77879660
santa-esmeralda--don-t-let-me-be-misunderstood	track	deezer	https://cdn-images.dzcdn.net/images/cover/204abe7a445798c3d8b9ca165a0aa78b/1000x1000-000000-80-0-0.jpg	Don't Let Me Be Misunderstood		https://www.deezer.com/track/11567131
santana--she-s-not-there	track	deezer	https://cdn-images.dzcdn.net/images/cover/77cd88f1ddc2e0f23808b12df87932b8/1000x1000-000000-80-0-0.jpg	Moonflower	1988	https://www.deezer.com/track/77879711
santana--maria-maria	track	deezer-album	https://cdn-images.dzcdn.net/images/cover/cbd297fb36f3d4dfc5acfa33594973ef/1000x1000-000000-80-0-0.jpg	Supernatural (Remastered)	1999	https://www.deezer.com/album/7040992
savage-garden--truly-madly-deeply	track	deezer	https://cdn-images.dzcdn.net/images/cover/c6d8a488806920bae13d4cb5e2b15a91/1000x1000-000000-80-0-0.jpg	Savage Garden	1997	https://www.deezer.com/track/15177682
santana--smooth	track	deezer-album	https://cdn-images.dzcdn.net/images/cover/cbd297fb36f3d4dfc5acfa33594973ef/1000x1000-000000-80-0-0.jpg	Supernatural (Remastered)	1999	https://www.deezer.com/album/7040992
santana--oye-como-va	track	deezer-album	https://cdn-images.dzcdn.net/images/cover/a2e25782bf1639818d5204fa78b5a5a5/1000x1000-000000-80-0-0.jpg	Abraxas		https://www.deezer.com/album/7740828
savage-garden--affirmation	track	deezer-album	https://cdn-images.dzcdn.net/images/cover/d14d6858c6692515091a67db20b63d44/1000x1000-000000-80-0-0.jpg	Affirmation	1999	https://www.deezer.com/album/1398756
searchers--needles-and-pins	track	deezer	https://cdn-images.dzcdn.net/images/cover/48160bbe85877801962e15fac4a069b7/1000x1000-000000-80-0-0.jpg	Needles & Pins		https://www.deezer.com/track/3785978932
scott-mckenzie--forrest-gump-san-francisco	track	deezer	https://cdn-images.dzcdn.net/images/cover/7923f08236596542918ed3b2247e4086/1000x1000-000000-80-0-0.jpg	Forrest Gump - The Soundtrack		https://www.deezer.com/track/17479907
shaggy--angel	track	deezer	https://cdn-images.dzcdn.net/images/cover/b24b513a3d71d6f73200cd62b806bb18/1000x1000-000000-80-0-0.jpg	Hot Shot 2020		https://www.deezer.com/track/952515212
shania-twain--from-this-moment-on	track	deezer	https://cdn-images.dzcdn.net/images/cover/f8d3b60f0f8bd40daa41935b21896d96/1000x1000-000000-80-0-0.jpg	Come On Over (International Version)		https://www.deezer.com/track/731732312
simon-garfunkel--bridge-over-toubled-water	track	deezer	https://cdn-images.dzcdn.net/images/cover/6f7036f2c3632d9e1df142f1078cb5c1/1000x1000-000000-80-0-0.jpg	Bridge Over Troubled Water	1970	https://www.deezer.com/track/13174764
simply-red--if-you-don-t-know-me-by-now	track	deezer	https://cdn-images.dzcdn.net/images/cover/a54a3f7dca98a52cbaaeed00ae2e3937/1000x1000-000000-80-0-0.jpg	A New Flame (Expanded Version)		https://www.deezer.com/track/2477046
sinatra--my-way	track	deezer	https://cdn-images.dzcdn.net/images/cover/ae5e2905c3e2236b19480b96c7b93bc8/1000x1000-000000-80-0-0.jpg	My Way (Expanded Edition)		https://www.deezer.com/track/70835066
sister-sledge--we-are-family	track	deezer	https://cdn-images.dzcdn.net/images/cover/0b4b61595ab93658a9dcc58985455231/1000x1000-000000-80-0-0.jpg	We Are Family		https://www.deezer.com/track/4898930
sly--dance-to-the-music	track	deezer	https://cdn-images.dzcdn.net/images/cover/dee0143ff583f4acdf59f3916cef5295/1000x1000-000000-80-0-0.jpg	Dance To The Music	1968	https://www.deezer.com/track/534574
sinatra--bewitched	track	deezer	https://cdn-images.dzcdn.net/images/cover/621c706e3416c6c52671ab7fe11878f6/1000x1000-000000-80-0-0.jpg	Nothing But The Best (2008 Remastered)		https://www.deezer.com/track/71483064
sly--family-affair	track	deezer	https://cdn-images.dzcdn.net/images/cover/888e7a061815c4793a4125c51b6a2bc4/1000x1000-000000-80-0-0.jpg	There's A Riot Goin' On (Expanded Edition)		https://www.deezer.com/track/549579
sniff-n-the-tears--driver-s-seat	track	deezer	https://cdn-images.dzcdn.net/images/cover/2b87b074f3abadf719465e3f178062e8/1000x1000-000000-80-0-0.jpg	Jump		https://www.deezer.com/track/1734102577
sinatra--strangers-in-the-night	track	deezer	https://cdn-images.dzcdn.net/images/cover/621c706e3416c6c52671ab7fe11878f6/1000x1000-000000-80-0-0.jpg	Nothing But The Best (2008 Remastered)		https://www.deezer.com/track/71483069
spice-girls--holler	track	deezer	https://cdn-images.dzcdn.net/images/cover/b0cbf02d23485527c29fc1039e4da138/1000x1000-000000-80-0-0.jpg	Forever		https://www.deezer.com/track/3135696
spice-girls--mama	track	deezer	https://cdn-images.dzcdn.net/images/cover/18c4f2d9608910a2b8eb1835052e895b/1000x1000-000000-80-0-0.jpg	Spice	1996	https://www.deezer.com/track/3133743
spice-girls--stop	track	deezer	https://cdn-images.dzcdn.net/images/cover/b6f00b7fbad1047dd4fddbf00bf173ee/1000x1000-000000-80-0-0.jpg	Spiceworld	1997	https://www.deezer.com/track/3134156
sonny-cher--the-beat-goes-on	track	deezer	https://cdn-images.dzcdn.net/images/cover/eacdc13e03cfc6acd7086d0529a60de3/1000x1000-000000-80-0-0.jpg	The Two Of Us		https://www.deezer.com/track/735845
spice-girls--who-do-you-think-you-are	track	deezer	https://cdn-images.dzcdn.net/images/cover/18c4f2d9608910a2b8eb1835052e895b/1000x1000-000000-80-0-0.jpg	Spice	1996	https://www.deezer.com/track/3133744
steely-dan--reeling-in-the-years	track	deezer	https://cdn-images.dzcdn.net/images/cover/8c60dc721f70d525ddac22a6bafcd7df/1000x1000-000000-80-0-0.jpg	A Decade Of Steely Dan	1995	https://www.deezer.com/track/1559355
steve-miller-band--fly-like-an-eagle	track	deezer	https://cdn-images.dzcdn.net/images/cover/b3fe4878bfcce630b7651a808872f8fb/1000x1000-000000-80-0-0.jpg	Fly Like An Eagle		https://www.deezer.com/track/82323018
steve-miller-band--take-the-money-and-run	track	deezer	https://cdn-images.dzcdn.net/images/cover/b3fe4878bfcce630b7651a808872f8fb/1000x1000-000000-80-0-0.jpg	Fly Like An Eagle		https://www.deezer.com/track/82323028
stewart-rod--it-takes-two	track	deezer	https://cdn-images.dzcdn.net/images/cover/42024f50dc501575ae920ccf506fa4dd/1000x1000-000000-80-0-0.jpg	Simply the Best	1991	https://www.deezer.com/track/3167309
sting--every-breath-you-take	track	deezer	https://cdn-images.dzcdn.net/images/cover/b868c72b8514a61a7a34e0495c5584e1/1000x1000-000000-80-0-0.jpg	My Songs (Deluxe)		https://www.deezer.com/track/682078112
steely-dan--hey-nineteen	track	deezer-album	https://cdn-images.dzcdn.net/images/cover/0c8995ada25ec66890ecddd2f2d63e9a/1000x1000-000000-80-0-0.jpg	Gaucho		https://www.deezer.com/album/516055782
sting--shape-of-my-heart	track	deezer	https://cdn-images.dzcdn.net/images/cover/e2491c22fb19c154e46b449ff7aa7a62/1000x1000-000000-80-0-0.jpg	Ten Summoner's Tales	1998	https://www.deezer.com/track/530979521
sting--they-dance-alone	track	deezer	https://cdn-images.dzcdn.net/images/cover/6c5f0cff2e1b533add2c705836521ad4/1000x1000-000000-80-0-0.jpg	...Nothing Like The Sun	1987	https://www.deezer.com/track/60725565
stevens-shakin--you-drive-me-crazy	track	deezer	https://cdn-images.dzcdn.net/images/cover/2902072fdbab51eff6d5818ea25a481e/1000x1000-000000-80-0-0.jpg	The Hits Of Shakin' Stevens	1990	https://www.deezer.com/track/13174745
styx--don-t-let-it-end	track	deezer	https://cdn-images.dzcdn.net/images/cover/2f685c388b1b20551a580cc338e9e2dc/1000x1000-000000-80-0-0.jpg	Kilroy Was Here	1983	https://www.deezer.com/track/952549
styx--fooling-yourself	track	deezer	https://cdn-images.dzcdn.net/images/cover/8c2debb959a44a07be0494677de7c06b/1000x1000-000000-80-0-0.jpg	The Grand Illusion	1984	https://www.deezer.com/track/40983201
styx--blue-collar-man	track	deezer-album	https://cdn-images.dzcdn.net/images/cover/6f9fac0be6d37c6c2f59fdedd1415f59/1000x1000-000000-80-0-0.jpg	Pieces Of Eight	1994	https://www.deezer.com/album/4045901
sting--we-ll-be-together	track	deezer-album	https://cdn-images.dzcdn.net/images/cover/6c5f0cff2e1b533add2c705836521ad4/1000x1000-000000-80-0-0.jpg	...Nothing Like The Sun	1987	https://www.deezer.com/album/5942154
styx--the-grand-illusion	track	deezer	https://cdn-images.dzcdn.net/images/cover/8c2debb959a44a07be0494677de7c06b/1000x1000-000000-80-0-0.jpg	The Grand Illusion	1984	https://www.deezer.com/track/40983191
styx--the-best-of-times	track	deezer	https://cdn-images.dzcdn.net/images/cover/338be59c909eac47c64a6a32c52d7be4/1000x1000-000000-80-0-0.jpg	Greatest Hits		https://www.deezer.com/track/2289256
styx--too-much-time-on-my-hands	track	deezer	https://cdn-images.dzcdn.net/images/cover/1be8a2d8947aadc5f12bc7bb682f32dd/1000x1000-000000-80-0-0.jpg	Paradise Theatre		https://www.deezer.com/track/66335155
summer-donna--hot-stuff	track	deezer	https://cdn-images.dzcdn.net/images/cover/2d6faf79614d81cf881f8500dd25598b/1000x1000-000000-80-0-0.jpg	Bad Girls		https://www.deezer.com/track/538706952
technotronic--move-this	track	deezer	https://cdn-images.dzcdn.net/images/cover/8ddb94a0ba17254188a54d18b6173f7f/1000x1000-000000-80-0-0.jpg	Pump Up The Jam		https://www.deezer.com/track/2961504
t-pau--china-in-your-hand	track	deezer	https://cdn-images.dzcdn.net/images/cover/45425642c18a6cd4caf73f998e92a85c/1000x1000-000000-80-0-0.jpg	Bridge Of Spies		https://www.deezer.com/track/1762943047
take-that--babe	track	deezer	https://cdn-images.dzcdn.net/images/cover/0068fc2123277ef700493d6fa6c0fc34/1000x1000-000000-80-0-0.jpg	Everything Changes (Expanded Edition)	1993	https://www.deezer.com/track/848872352
supertramp--bloody-well-right	track	deezer-album	https://cdn-images.dzcdn.net/images/cover/2e8c3f616430b9735ac58df8a17fb488/1000x1000-000000-80-0-0.jpg	Crime Of The Century (Deluxe)		https://www.deezer.com/album/9205655
technotronic--pump-up-the-jam	track	deezer	https://cdn-images.dzcdn.net/images/cover/8ddb94a0ba17254188a54d18b6173f7f/1000x1000-000000-80-0-0.jpg	Pump Up The Jam		https://www.deezer.com/track/2961498
tavares--heaven-must-be-missing-an-angel	track	deezer	https://cdn-images.dzcdn.net/images/cover/8faa230b8cf127fb57944e95c50a8bde/1000x1000-000000-80-0-0.jpg	Heaven Must Be Missing an Angel		https://www.deezer.com/track/532643162
supertramp--goodbye-stranger	track	deezer-album	https://cdn-images.dzcdn.net/images/cover/0f893cb425174d7b31691d54a6e9dc46/1000x1000-000000-80-0-0.jpg	Breakfast In America (Remastered 2026)		https://www.deezer.com/album/938807681
terry-jacks--seasons-in-the-sun	track	deezer	https://cdn-images.dzcdn.net/images/cover/7066d73f1a3007fc7a54ba805be2afc8/1000x1000-000000-80-0-0.jpg	Seasons In The Sun (Expanded Edition)	1974	https://www.deezer.com/track/1353054752
van-halen--jump	none	placeholder				
rick-astley--never-gonna-give-you-up	none	placeholder				
supertramp--school	track	deezer-album	https://cdn-images.dzcdn.net/images/cover/2e8c3f616430b9735ac58df8a17fb488/1000x1000-000000-80-0-0.jpg	Crime Of The Century (Deluxe)		https://www.deezer.com/album/9205655
bryan-adams--heaven	artist	deezer-artist	https://cdn-images.dzcdn.net/images/artist/85d6a14a21da43928992c586fe8a2b41/1000x1000-000000-80-0-0.jpg			https://www.deezer.com/artist/170
the-alan-parsons-project--lucifer	track	deezer	https://cdn-images.dzcdn.net/images/cover/5acfe47654326eb5f3b3d792178bbee0/1000x1000-000000-80-0-0.jpg	Eve	1987	https://www.deezer.com/track/15387905
the-alan-parsons-project--the-cask-of-amontillado	track	deezer	https://cdn-images.dzcdn.net/images/cover/223bd8245c595b2d63e7c1cdf1174920/1000x1000-000000-80-0-0.jpg	Tales Of Mystery And Imagination (Original 1976 Version)		https://www.deezer.com/track/2595496072
the-alan-parsons-project--the-tell-tale-heart	track	deezer	https://cdn-images.dzcdn.net/images/cover/223bd8245c595b2d63e7c1cdf1174920/1000x1000-000000-80-0-0.jpg	Tales Of Mystery And Imagination (Original 1976 Version)		https://www.deezer.com/track/2595496062
the-alan-parsons-project--the-raven	track	deezer	https://cdn-images.dzcdn.net/images/cover/223bd8245c595b2d63e7c1cdf1174920/1000x1000-000000-80-0-0.jpg	Tales Of Mystery And Imagination (Original 1976 Version)		https://www.deezer.com/track/2595496052
the-b-52-s--the-flinstones	artist	deezer-artist	https://cdn-images.dzcdn.net/images/artist/35dceb20b6c2414539b2fbbcba7c5011/1000x1000-000000-80-0-0.jpg			
the-animals--sky-pilot	track	deezer	https://cdn-images.dzcdn.net/images/cover/690e94ac124ad4ebeff72aa00e789cc8/1000x1000-000000-80-0-0.jpg	Eastbound & Down Soundtrack		https://www.deezer.com/track/140307703
the-bangles--hazy-shade-of-winter	track	deezer	https://cdn-images.dzcdn.net/images/cover/938d17e5a07d6178bcabbe2349a79ba0/1000x1000-000000-80-0-0.jpg	The Essential Bangles		https://www.deezer.com/track/608783
the-allman-brothers-band--rambin-man	track	musicbrainz	https://coverartarchive.org/release-group/0df5f3da-6d92-4944-9d43-ceb66df44bcf/front-500	Trax… American Made	1990	https://musicbrainz.org/release/7c0e6a5d-5903-4074-8f91-35319118beb3
nirvana--heart-shaped-box	track	itunes	https://is1-ssl.mzstatic.com/image/thumb/Music115/v4/7b/58/c2/7b58c21a-2b51-2bb2-e59a-9bb9b96ad8c3/00602567924166.rgb.jpg/600x600cc.jpg	Nirvana	1993	https://music.apple.com/us/album/heart-shaped-box/1413920644?i=1413921237&uo=4
the-beatles--act-naturally	track	deezer	https://cdn-images.dzcdn.net/images/cover/44f87ff491af981fd129b6d159f47b96/1000x1000-000000-80-0-0.jpg	Help! (Remastered)		https://www.deezer.com/track/116348356
the-beach-boys--wipe-out	track	deezer	https://cdn-images.dzcdn.net/images/cover/00fa3f0eed69daa36d3a2e252dc5a7e7/1000x1000-000000-80-0-0.jpg	Past Times Behind		https://www.deezer.com/track/145165550
queen--somebody-to-love	track	itunes	https://is1-ssl.mzstatic.com/image/thumb/Music221/v4/ee/13/b0/ee13b0db-920c-7a94-e5a3-bd3730359fbc/602527644196.jpg/600x600cc.jpg	A Day At The Races	1976	https://music.apple.com/us/album/somebody-to-love/6781023113?i=6781023125&uo=4
the-beatles--baby-you-re-a-rich-man	track	deezer	https://cdn-images.dzcdn.net/images/cover/b97e8cbe4179bedc313f179f7535093f/1000x1000-000000-80-0-0.jpg	Yellow Submarine Songtrack		https://www.deezer.com/track/475334132
the-beatles--carry-that-weight	track	deezer	https://cdn-images.dzcdn.net/images/cover/aa94ab293730bb7845d2aa8c672b2c29/1000x1000-000000-80-0-0.jpg	Abbey Road (Remastered)		https://www.deezer.com/track/116348480
the-beatles--being-for-the-benefit-of-mr-kite	track	deezer	https://cdn-images.dzcdn.net/images/cover/4fcb73352b17d47429a273c5112632b0/1000x1000-000000-80-0-0.jpg	Sgt. Pepper's Lonely Hearts Club Band (Remastered)		https://www.deezer.com/track/116348682
the-beach-boys--california-girls	track	deezer	https://cdn-images.dzcdn.net/images/cover/b2aec35ef2998940cee99d02e1ef692b/1000x1000-000000-80-0-0.jpg	Endless Summer		https://www.deezer.com/track/3166713
the-beach-boys--god-only-knows	track	deezer-album	https://cdn-images.dzcdn.net/images/cover/ddfe7ab3d0a960099debb0bf56c70460/1000x1000-000000-80-0-0.jpg	Pet Sounds		https://www.deezer.com/album/436186197
the-beatles--drive-my-car	track	deezer	https://cdn-images.dzcdn.net/images/cover/da80520440d5d29876b9df3e375793b5/1000x1000-000000-80-0-0.jpg	Rubber Soul (Remastered 2009)		https://www.deezer.com/track/116348252
the-beatles--early-in-the-morning-hi-ho-silver	artist	deezer-artist	https://cdn-images.dzcdn.net/images/artist/16925ed8f96eb621ecd56c2c8ba3da6e/1000x1000-000000-80-0-0.jpg			https://www.deezer.com/artist/1
the-beatles--every-little-thing	track	deezer	https://cdn-images.dzcdn.net/images/cover/3c1ebf7765293ec02d3aa124aadb258c/1000x1000-000000-80-0-0.jpg	Beatles For Sale (Remastered)		https://www.deezer.com/track/116348390
the-beatles--cry-baby-cry	track	deezer	https://cdn-images.dzcdn.net/images/cover/f8b236243adae6bc187d27157bc61ae9/1000x1000-000000-80-0-0.jpg	The Beatles (Remastered)		https://www.deezer.com/track/116348246
the-beatles--golden-slumbers	track	deezer	https://cdn-images.dzcdn.net/images/cover/aa94ab293730bb7845d2aa8c672b2c29/1000x1000-000000-80-0-0.jpg	Abbey Road (Remastered)		https://www.deezer.com/track/116348478
the-beatles--everybody-s-got-something-to-hide-except-me-and-my-monkey	track	deezer	https://cdn-images.dzcdn.net/images/cover/f8b236243adae6bc187d27157bc61ae9/1000x1000-000000-80-0-0.jpg	The Beatles (Remastered)		https://www.deezer.com/track/116348232
the-beatles--everybody-s-trying-to-be-my-baby	track	deezer	https://cdn-images.dzcdn.net/images/cover/3c1ebf7765293ec02d3aa124aadb258c/1000x1000-000000-80-0-0.jpg	Beatles For Sale (Remastered)		https://www.deezer.com/track/116348396
the-beatles--getting-better	track	deezer	https://cdn-images.dzcdn.net/images/cover/4fcb73352b17d47429a273c5112632b0/1000x1000-000000-80-0-0.jpg	Sgt. Pepper's Lonely Hearts Club Band (Remastered)		https://www.deezer.com/track/116348676
the-beatles--good-morning-good-morning	track	deezer	https://cdn-images.dzcdn.net/images/cover/4fcb73352b17d47429a273c5112632b0/1000x1000-000000-80-0-0.jpg	Sgt. Pepper's Lonely Hearts Club Band (Remastered)		https://www.deezer.com/track/116348690
the-beatles--happiness-is-a-warm-gun	track	deezer	https://cdn-images.dzcdn.net/images/cover/f8b236243adae6bc187d27157bc61ae9/1000x1000-000000-80-0-0.jpg	The Beatles (Remastered)		https://www.deezer.com/track/116348206
the-beatles--i-m-happy-just-to-dance-with-you	track	deezer	https://cdn-images.dzcdn.net/images/cover/7d1c6019481f5b2b2a6e5de1ee57425c/1000x1000-000000-80-0-0.jpg	A Hard Day's Night (Remastered)		https://www.deezer.com/track/116348432
the-beatles--i-ll-follow-the-sun	track	deezer	https://cdn-images.dzcdn.net/images/cover/3c1ebf7765293ec02d3aa124aadb258c/1000x1000-000000-80-0-0.jpg	Beatles For Sale (Remastered)		https://www.deezer.com/track/116348378
the-beatles--hey-bulldog	track	deezer	https://cdn-images.dzcdn.net/images/cover/c105ffd0f6855c565cd3a0be47a1ee31/1000x1000-000000-80-0-0.jpg	Yellow Submarine (Remastered)		https://www.deezer.com/track/116348730
the-beatles--i-ll-be-back	track	deezer	https://cdn-images.dzcdn.net/images/cover/7d1c6019481f5b2b2a6e5de1ee57425c/1000x1000-000000-80-0-0.jpg	A Hard Day's Night (Remastered)		https://www.deezer.com/track/116348450
the-beatles--i-need-you	track	deezer	https://cdn-images.dzcdn.net/images/cover/44f87ff491af981fd129b6d159f47b96/1000x1000-000000-80-0-0.jpg	Help! (Remastered)		https://www.deezer.com/track/116348348
the-beatles--helter-skelter	track	deezer	https://cdn-images.dzcdn.net/images/cover/f8b236243adae6bc187d27157bc61ae9/1000x1000-000000-80-0-0.jpg	The Beatles (Remastered)		https://www.deezer.com/track/116348236
the-beatles--i-want-you	track	deezer	https://cdn-images.dzcdn.net/images/cover/aa94ab293730bb7845d2aa8c672b2c29/1000x1000-000000-80-0-0.jpg	Abbey Road (Remastered)		https://www.deezer.com/track/116348462
the-beatles--i-m-down	track	deezer	https://cdn-images.dzcdn.net/images/cover/9d135ceacc863223f662c3d5954a66b1/1000x1000-000000-80-0-0.jpg	Past Masters (Vols. 1 & 2 / Remastered)		https://www.deezer.com/track/116348848
the-beatles--lovely-rita	track	deezer	https://cdn-images.dzcdn.net/images/cover/4fcb73352b17d47429a273c5112632b0/1000x1000-000000-80-0-0.jpg	Sgt. Pepper's Lonely Hearts Club Band (Remastered)		https://www.deezer.com/track/116348688
scorpions--wind-of-change	track	itunes	https://is1-ssl.mzstatic.com/image/thumb/Music211/v4/82/91/8b/82918b5d-2388-d8ea-ae9e-45c8222baf25/06UMGIM03503.rgb.jpg/600x600cc.jpg	Crazy World	1990	https://music.apple.com/us/album/wind-of-change/1440761157?i=1440761801&uo=4
the-beatles--martha-my-dear	track	deezer	https://cdn-images.dzcdn.net/images/cover/f8b236243adae6bc187d27157bc61ae9/1000x1000-000000-80-0-0.jpg	The Beatles (Remastered)		https://www.deezer.com/track/116348208
the-beatles--maxwell-s-silver-hammer	track	deezer	https://cdn-images.dzcdn.net/images/cover/aa94ab293730bb7845d2aa8c672b2c29/1000x1000-000000-80-0-0.jpg	Abbey Road (Remastered)		https://www.deezer.com/track/116348456
the-beatles--misery	track	deezer	https://cdn-images.dzcdn.net/images/cover/03a4debd84fd2769cf1beb7c2e7c40a4/1000x1000-000000-80-0-0.jpg	Please Please Me (Remastered)		https://www.deezer.com/track/116348316
the-beatles--i-will	track	deezer	https://cdn-images.dzcdn.net/images/cover/f8b236243adae6bc187d27157bc61ae9/1000x1000-000000-80-0-0.jpg	The Beatles (Remastered)		https://www.deezer.com/track/116348222
the-beatles--kansas-city	track	deezer	https://cdn-images.dzcdn.net/images/cover/4973fc8151da9b8472074f8aef3d8397/1000x1000-000000-80-0-0.jpg	Tony Sheridan With The Beatles And The Beat Brothers 1960-1961		https://www.deezer.com/track/15571478
the-beatles--please-mister-postman	track	deezer	https://cdn-images.dzcdn.net/images/cover/43504743d2efb7092130f1e2340e1ffa/1000x1000-000000-80-0-0.jpg	With The Beatles (Remastered)		https://www.deezer.com/track/116348708
the-beatles--please-please-me	track	deezer	https://cdn-images.dzcdn.net/images/cover/03a4debd84fd2769cf1beb7c2e7c40a4/1000x1000-000000-80-0-0.jpg	Please Please Me (Remastered)		https://www.deezer.com/track/116348326
the-beatles--mother-nature-s-son	track	deezer	https://cdn-images.dzcdn.net/images/cover/f8b236243adae6bc187d27157bc61ae9/1000x1000-000000-80-0-0.jpg	The Beatles (Remastered)		https://www.deezer.com/track/116348230
the-beatles--rock-and-roll-music	track	deezer	https://cdn-images.dzcdn.net/images/cover/3c1ebf7765293ec02d3aa124aadb258c/1000x1000-000000-80-0-0.jpg	Beatles For Sale (Remastered)		https://www.deezer.com/track/116348376
the-beatles--savoy-truffle	track	deezer	https://cdn-images.dzcdn.net/images/cover/f8b236243adae6bc187d27157bc61ae9/1000x1000-000000-80-0-0.jpg	The Beatles (Remastered)		https://www.deezer.com/track/116348244
the-beatles--sgt-pepper-s-lonely-hearts-club-band	track	deezer	https://cdn-images.dzcdn.net/images/cover/4fcb73352b17d47429a273c5112632b0/1000x1000-000000-80-0-0.jpg	Sgt. Pepper's Lonely Hearts Club Band (Remastered)		https://www.deezer.com/track/116348670
the-beatles--slow-down	track	deezer	https://cdn-images.dzcdn.net/images/cover/9d135ceacc863223f662c3d5954a66b1/1000x1000-000000-80-0-0.jpg	Past Masters (Vols. 1 & 2 / Remastered)		https://www.deezer.com/track/116348836
the-beatles--thank-you-girl	track	deezer	https://cdn-images.dzcdn.net/images/cover/9d135ceacc863223f662c3d5954a66b1/1000x1000-000000-80-0-0.jpg	Past Masters (Vols. 1 & 2 / Remastered)		https://www.deezer.com/track/116348818
the-beatles--revolution	track	deezer	https://cdn-images.dzcdn.net/images/cover/35621b78e11aeeca37f6fa275100482f/1000x1000-000000-80-0-0.jpg	Love		https://www.deezer.com/track/126848605
the-beatles--the-continuing-story-of-bungalow-bill	track	deezer	https://cdn-images.dzcdn.net/images/cover/f8b236243adae6bc187d27157bc61ae9/1000x1000-000000-80-0-0.jpg	The Beatles (Remastered)		https://www.deezer.com/track/116348202
the-beatles--the-word	track	deezer	https://cdn-images.dzcdn.net/images/cover/da80520440d5d29876b9df3e375793b5/1000x1000-000000-80-0-0.jpg	Rubber Soul (Remastered 2009)		https://www.deezer.com/track/116348262
the-beatles--wait	track	deezer	https://cdn-images.dzcdn.net/images/cover/da80520440d5d29876b9df3e375793b5/1000x1000-000000-80-0-0.jpg	Rubber Soul (Remastered 2009)		https://www.deezer.com/track/116348274
the-beatles--tomorrow-never-knows	track	deezer	https://cdn-images.dzcdn.net/images/cover/6e1e24a3e4311371abd2c888b1f0e13e/1000x1000-000000-80-0-0.jpg	Revolver (Remastered)		https://www.deezer.com/track/116348424
the-beatles--with-a-little-help-from-my-friends	track	deezer	https://cdn-images.dzcdn.net/images/cover/4fcb73352b17d47429a273c5112632b0/1000x1000-000000-80-0-0.jpg	Sgt. Pepper's Lonely Hearts Club Band (Remastered)		https://www.deezer.com/track/116348672
the-byrds--turn-turn-turn	track	deezer	https://cdn-images.dzcdn.net/images/cover/9541c80aa2ff1a5338987d68f9bfff3c/1000x1000-000000-80-0-0.jpg	Turn! Turn! Turn!	1991	https://www.deezer.com/track/1013046
the-beatles--we-can-work-it-out	track	deezer	https://cdn-images.dzcdn.net/images/cover/c65b3bd84e81056e060be144381c06c8/1000x1000-000000-80-0-0.jpg	1 (Remastered)		https://www.deezer.com/track/116348616
the-beatles--yes-it-is	track	deezer	https://cdn-images.dzcdn.net/images/cover/9d135ceacc863223f662c3d5954a66b1/1000x1000-000000-80-0-0.jpg	Past Masters (Vols. 1 & 2 / Remastered)		https://www.deezer.com/track/116348846
the-beatles--why-don-t-we-do-it-in-the-road	track	deezer	https://cdn-images.dzcdn.net/images/cover/f8b236243adae6bc187d27157bc61ae9/1000x1000-000000-80-0-0.jpg	The Beatles (Remastered)		https://www.deezer.com/track/116348220
the-beatles--your-mother-should-know	track	musicbrainz	https://coverartarchive.org/release-group/9d445733-9f7d-3653-aed8-8099e5c9d1e8/front-500	Magical Mystery Tour	1967	https://musicbrainz.org/release/58d5d407-8ec0-4c54-ba66-cbbb5974f077
the-clash--rock-in-the-casbah	track	deezer	https://cdn-images.dzcdn.net/images/cover/dcb57e195538467662fbce4492f89c20/1000x1000-000000-80-0-0.jpg	Combat Rock (Remastered)	1982	https://www.deezer.com/track/69962765
the-corrs--at-your-side	track	deezer	https://cdn-images.dzcdn.net/images/cover/53399d8b50372230690a46d783a83709/1000x1000-000000-80-0-0.jpg	In Blue		https://www.deezer.com/track/661645
the-corrs--the-right-time	track	deezer	https://cdn-images.dzcdn.net/images/cover/30bf1a5400df5e7174ffe845ca627acf/1000x1000-000000-80-0-0.jpg	Forgiven, Not Forgotten	1995	https://www.deezer.com/track/662957
the-cars--just-what-i-needed	track	deezer-album	https://cdn-images.dzcdn.net/images/cover/3c93cb98f3a0fa37379b24d06cee7a0c/1000x1000-000000-80-0-0.jpg	The Cars	1978	https://www.deezer.com/album/598033
soft-cell--tainted-love	artist	deezer-artist	https://cdn-images.dzcdn.net/images/artist/987c4558a6ceec8b8fc770404d19eaf7/1000x1000-000000-80-0-0.jpg			https://www.deezer.com/artist/1668
the-corrs--what-can-i-do	track	deezer	https://cdn-images.dzcdn.net/images/cover/013d0481286e505e8e6f4bcc008b2ed1/1000x1000-000000-80-0-0.jpg	Talk on Corners	1998	https://www.deezer.com/track/676149
the-cranberries--twenty-one	track	deezer	https://cdn-images.dzcdn.net/images/cover/3cb8a08f542ee1a6961b4e5ce5248393/1000x1000-000000-80-0-0.jpg	No Need To Argue (2025 Remastered)		https://www.deezer.com/track/3498055241
the-cranberries--cordell	track	deezer	https://cdn-images.dzcdn.net/images/cover/f38ad38dd709b5f228205ed825cd65d0/1000x1000-000000-80-0-0.jpg	To The Faithful Departed (Deluxe Edition)		https://www.deezer.com/track/2486074341
the-dave-clark-five--glad-all-over	track	deezer	https://cdn-images.dzcdn.net/images/cover/48581081e1c740e76ddae402a2b984f7/1000x1000-000000-80-0-0.jpg	Glad All Over (Remastered 2019)		https://www.deezer.com/track/3768837212
the-doobie-brothers--china-grove	track	deezer	https://cdn-images.dzcdn.net/images/cover/74b91372c66dbd964477b92cacca31f4/1000x1000-000000-80-0-0.jpg	The Captain and Me	1975	https://www.deezer.com/track/3616545
the-doobie-brothers--long-train-running	track	deezer	https://cdn-images.dzcdn.net/images/cover/74b91372c66dbd964477b92cacca31f4/1000x1000-000000-80-0-0.jpg	The Captain and Me	1975	https://www.deezer.com/track/3616544
the-cranberries--free-to-decide	track	deezer-album	https://cdn-images.dzcdn.net/images/cover/221fdf74436c3ef1c7aae6e8b4b125f1/1000x1000-000000-80-0-0.jpg	To The Faithful Departed		https://www.deezer.com/album/54656232
bee-gees--how-deep-is-your-love	track	itunes	https://is1-ssl.mzstatic.com/image/thumb/Music123/v4/b4/00/8f/b4008f7c-72b9-d856-60fa-2ac5cfce2d18/16UMGIM86640.rgb.jpg/600x600cc.jpg	Greatest	1977	https://music.apple.com/us/album/how-deep-is-your-love/1445664302?i=1445664553&uo=4
the-cranberries--salvation	track	deezer-album	https://cdn-images.dzcdn.net/images/cover/221fdf74436c3ef1c7aae6e8b4b125f1/1000x1000-000000-80-0-0.jpg	To The Faithful Departed		https://www.deezer.com/album/54656232
the-doobie-brothers--takin-it-to-the-streets	track	deezer	https://cdn-images.dzcdn.net/images/cover/5358dce328d5c85667ff74ddf59eabac/1000x1000-000000-80-0-0.jpg	Takin' It to the Streets	1976	https://www.deezer.com/track/3616565
the-doors--break-on-through	track	deezer	https://cdn-images.dzcdn.net/images/cover/a58f4c70b9c51b8902be3f2e875155fe/1000x1000-000000-80-0-0.jpg	The Doors	1967	https://www.deezer.com/track/3614124
the-doors--people-are-strange	track	deezer	https://cdn-images.dzcdn.net/images/cover/ca7cb841b9d3d73995f4f2bf8137fb05/1000x1000-000000-80-0-0.jpg	Strange Days		https://www.deezer.com/track/3614150
pink-floyd--wish-you-were-here	track	itunes	https://is1-ssl.mzstatic.com/image/thumb/Music211/v4/aa/e0/ab/aae0ab6a-d906-a189-81bf-70b56aa43f7a/886445635843.jpg/600x600cc.jpg	Wish You Were Here	1975	https://music.apple.com/us/album/wish-you-were-here/1065973975?i=1065973980&uo=4
the-easybeats--friday-on-my-mind	track	deezer	https://cdn-images.dzcdn.net/images/cover/9385007bfe2bdee47f7c0d98e0df73b8/1000x1000-000000-80-0-0.jpg	Absolute Anthology 1965 – 1969		https://www.deezer.com/track/3761241412
the-four-seasons--rag-doll	track	deezer	https://cdn-images.dzcdn.net/images/cover/cd585aaa1bcbc4b6446926b1139d781f/1000x1000-000000-80-0-0.jpg	The Classic Albums Box		https://www.deezer.com/track/80206650
the-everly-brothers--bye-bye-love	track	deezer	https://cdn-images.dzcdn.net/images/cover/527344c23d51402a6040f9645fe7180c/1000x1000-000000-80-0-0.jpg	The Very Best of The Everly Brothers	1964	https://www.deezer.com/track/74494806
the-kelly-family--an-angel	track	deezer	https://cdn-images.dzcdn.net/images/cover/308428733bd0c0bdb43391759970ed8e/1000x1000-000000-80-0-0.jpg	Over The Hump		https://www.deezer.com/track/363760541
the-hollies--long-cool-woman	track	deezer	https://cdn-images.dzcdn.net/images/cover/70ba8e4f3369e749aeff77480f5f59bb/1000x1000-000000-80-0-0.jpg	The Long Road Home 1963-2003 - 40th Anniversary Collection		https://www.deezer.com/track/3161471
the-kelly-family--roses-of-red	track	deezer	https://cdn-images.dzcdn.net/images/cover/308428733bd0c0bdb43391759970ed8e/1000x1000-000000-80-0-0.jpg	Over The Hump		https://www.deezer.com/track/363760511
the-kinks--you-really-got-me	track	deezer	https://cdn-images.dzcdn.net/images/cover/1b596a84c146718d2848c43af4bf7a18/1000x1000-000000-80-0-0.jpg	You Really Got Me - Kinks - Best		https://www.deezer.com/track/2319655705
the-hollies--the-air-that-i-breathe	track	deezer-album	https://cdn-images.dzcdn.net/images/cover/a58411162a3246fbf95296cd71f40d46/1000x1000-000000-80-0-0.jpg	Hollies		https://www.deezer.com/album/901490462
the-moody-blues--the-night-nights-in-white-satin	track	musicbrainz	https://coverartarchive.org/release-group/d3e4cc8c-fbfe-37fa-8be6-fd538ac31520/front-500	Days of Future Passed	1967	https://musicbrainz.org/release/55f1e563-3f6c-3607-bb92-b77bd2e0665d
the-knack--my-sharona	track	deezer	https://cdn-images.dzcdn.net/images/cover/14c4093d20e4147cb1b07d001239eba5/1000x1000-000000-80-0-0.jpg	Get The Knack		https://www.deezer.com/track/3248376
the-lovin-spoonful--summer-in-the-city	track	deezer-album	https://cdn-images.dzcdn.net/images/cover/d7e1b2bd07ef361cc65688952b626c03/1000x1000-000000-80-0-0.jpg	Hums Of The Lovin' Spoonful		https://www.deezer.com/album/78730
the-new-seekers--i-d-like-to-teach-the-world-to-sing	track	deezer	https://cdn-images.dzcdn.net/images/cover/f3078d6466329761bcac76793d87d945/1000x1000-000000-80-0-0.jpg	I'd Like To Teach The World To Sing		https://www.deezer.com/track/1228398452
the-pretenders--i-ll-stand-by-you	track	deezer	https://cdn-images.dzcdn.net/images/cover/9230dde3eeb30b8c2045896ed2688222/1000x1000-000000-80-0-0.jpg	Last of the Independents	1994	https://www.deezer.com/track/3590282
lady-gaga--paparazzi	track	deezer-album	https://cdn-images.dzcdn.net/images/cover/cc24d60a998e1a296f0c22efa8ddffd2/1000x1000-000000-80-0-0.jpg	The Fame		https://www.deezer.com/album/253927
the-pointer-sisters--i-m-so-excited	track	deezer	https://cdn-images.dzcdn.net/images/cover/3744e9fc5f2d34c051d0c01bf4ff0d9c/1000x1000-000000-80-0-0.jpg	So Excited! (Expanded Edition)	1982	https://www.deezer.com/track/346967941
the-rascals--good-lovin	track	deezer	https://cdn-images.dzcdn.net/images/cover/7a855d61cce6bfdd5ca9ad7991bee44d/1000x1000-000000-80-0-0.jpg	The Origins		https://www.deezer.com/track/2191633347
the-rolling-stones--can-t-be-seen	track	deezer	https://cdn-images.dzcdn.net/images/cover/7c5d94f399581e39f7e8424783f33e84/1000x1000-000000-80-0-0.jpg	Steel Wheels (Remastered 2009)		https://www.deezer.com/track/4126050
the-rolling-stones--fool-to-cry	track	deezer	https://cdn-images.dzcdn.net/images/cover/9a2b0fcf841b7eb6980f5969c274b4d1/1000x1000-000000-80-0-0.jpg	Black And Blue (Remastered 2009)		https://www.deezer.com/track/4124703
the-rolling-stones--lady-jane	track	deezer	https://cdn-images.dzcdn.net/images/cover/8d88273e39d8806c6041b413a8c4cf74/1000x1000-000000-80-0-0.jpg	Aftermath		https://www.deezer.com/track/9956016
the-prodigy--no-good	track	musicbrainz	https://coverartarchive.org/release-group/facadfdd-d0d9-45b2-a1f9-1ea63204c62b/front-500	Time Forward / No Good Bootleg	2012	https://musicbrainz.org/release/bf0ea94c-b40f-4af0-8689-917096e6c3eb
the-rolling-stones--she-s-so-cold	track	deezer	https://cdn-images.dzcdn.net/images/cover/36b8168a6f0d5e6b8198598bbecac293/1000x1000-000000-80-0-0.jpg	Emotional Rescue (2009 Re-Mastered)		https://www.deezer.com/track/4124753
the-rolling-stones--mixed-emotions	track	deezer	https://cdn-images.dzcdn.net/images/cover/7c5d94f399581e39f7e8424783f33e84/1000x1000-000000-80-0-0.jpg	Steel Wheels (Remastered 2009)		https://www.deezer.com/track/4126044
the-shadows--kontiki	artist	deezer-artist	https://cdn-images.dzcdn.net/images/artist/264ce9ad8b261b4cbb1fb23f26bbb358/1000x1000-000000-80-0-0.jpg			
the-rolling-stones--sympathy-for-the-devil	track	deezer	https://cdn-images.dzcdn.net/images/cover/007ca308040f3efeff845f2fb4e87a2a/1000x1000-000000-80-0-0.jpg	Beggars Banquet		https://www.deezer.com/track/9956063
the-rolling-stones--the-last-time	track	deezer	https://cdn-images.dzcdn.net/images/cover/ed314d96e4c7888856922b388b69e4e3/1000x1000-000000-80-0-0.jpg	Out Of Our Heads		https://www.deezer.com/track/9955992
the-rolling-stones--honky-tonk-woman	track	deezer	https://cdn-images.dzcdn.net/images/cover/78fb6dbd0b8642fa2d61aeeeb71bc5e3/1000x1000-000000-80-0-0.jpg	Honky Tonk Women / You Can't Always Get What You Want		https://www.deezer.com/track/816094702
the-verve-pipe--the-freshman	track	musicbrainz	https://coverartarchive.org/release-group/9f69d1a7-26f1-4577-be7f-15ffc702eff0/front-500	NOW That's What I Call the 1990s (Deluxe Edition)	2010	https://musicbrainz.org/release/605ffdec-66c1-4f2b-8060-b527957ee2c4
the-spotnicks--amapola	track	deezer	https://cdn-images.dzcdn.net/images/cover/fd359a8c0b4b18943ce4409bb8b4d979/1000x1000-000000-80-0-0.jpg	The Spotnicks	1997	https://www.deezer.com/track/3862922
the-shadows--sleepwalk	track	deezer	https://cdn-images.dzcdn.net/images/cover/d3574824bab223338f3b58066191e542/1000x1000-000000-80-0-0.jpg	History Records - British Edition 5 (Original Recordings Digitally Remastered 2011 in Stereo)		https://www.deezer.com/track/15083853
the-spencer-davis-group--gimme-some-lovin	track	deezer	https://cdn-images.dzcdn.net/images/cover/eeae8d06f5fb0f1b1231b89aa8ac7357/1000x1000-000000-80-0-0.jpg	Gimme Some Lovin' / Blues In F		https://www.deezer.com/track/115705186
the-stylistics--you-make-me-feel-brand-new	track	deezer	https://cdn-images.dzcdn.net/images/cover/72c6bd9ee9c6e00a8ffbb13111989e62/1000x1000-000000-80-0-0.jpg	Rockin' Roll Baby	1973	https://www.deezer.com/track/1587000972
three-dog-night--joy-to-the-world	track	deezer	https://cdn-images.dzcdn.net/images/cover/129f1b4db84801f5b71f527af2d5a66f/1000x1000-000000-80-0-0.jpg	Naturally	1989	https://www.deezer.com/track/85840359
the-smashing-pumpkins--tonight-tonight	track	deezer	https://cdn-images.dzcdn.net/images/cover/604cf65ac87ccca2870943a04b26e95e/1000x1000-000000-80-0-0.jpg	Mellon Collie And The Infinite Sadness (Deluxe Edition)	1995	https://www.deezer.com/track/62791734
todd-rundgren--sidewalk-cafe	track	deezer	https://cdn-images.dzcdn.net/images/cover/51ad8fb2a177a489cfe462c8a4f49ea8/1000x1000-000000-80-0-0.jpg	Todd	1983	https://www.deezer.com/track/119336130
tlc--waterfalls	track	deezer	https://cdn-images.dzcdn.net/images/cover/3134fd3fba883b4e6c8df8dc1487dbef/1000x1000-000000-80-0-0.jpg	Crazysexycool	1994	https://www.deezer.com/track/1043894
tom-jones--help-yourself	track	deezer	https://cdn-images.dzcdn.net/images/cover/9dc03f9cec4d641e5146d412a683b1e1/1000x1000-000000-80-0-0.jpg	Help Yourself	1993	https://www.deezer.com/track/2305920
toni-braxton--un-break-my-heart	track	deezer	https://cdn-images.dzcdn.net/images/cover/cb185c2e379f6539745512a323622ff9/1000x1000-000000-80-0-0.jpg	Secrets	1996	https://www.deezer.com/track/67163992
toto--georgy-porgy	track	deezer	https://cdn-images.dzcdn.net/images/cover/18a61113ea28b3261a97c6ca167f00ba/1000x1000-000000-80-0-0.jpg	Toto	1978	https://www.deezer.com/track/1081145
three-dog-night--mama-told-me	track	deezer-album	https://cdn-images.dzcdn.net/images/cover/a996553bd440f2c4d84afe68178f7457/1000x1000-000000-80-0-0.jpg	The Best Of 3 Dog Night		https://www.deezer.com/album/8657291
u2--stay	track	deezer	https://cdn-images.dzcdn.net/images/cover/69c4ded5f55e250d4ff22ca4e7d3ed2c/1000x1000-000000-80-0-0.jpg	Zooropa	1993	https://www.deezer.com/track/2547848
tozzi--ti-amo	track	deezer	https://cdn-images.dzcdn.net/images/cover/1dde50527d5cf2167dc5a3f01c8df6f3/1000x1000-000000-80-0-0.jpg	Ti amo		https://www.deezer.com/track/1357589612
ub40--higher-ground	track	deezer	https://cdn-images.dzcdn.net/images/cover/bc91d7a9064060310d6b2b393c23d8e4/1000x1000-000000-80-0-0.jpg	UB40 Present The Fathers Of Reggae		https://www.deezer.com/track/3087851
ub40--kingston-town	track	deezer	https://cdn-images.dzcdn.net/images/cover/16bed48e113529caa9847d7cddfb5938/1000x1000-000000-80-0-0.jpg	UB45		https://www.deezer.com/track/4150629132
usher--my-way	track	deezer	https://cdn-images.dzcdn.net/images/cover/b74f9d26cdd371a826dbde0b488f6b79/1000x1000-000000-80-0-0.jpg	My Way	1997	https://www.deezer.com/track/15388218
u2--mysterious-ways	track	deezer-album	https://cdn-images.dzcdn.net/images/cover/27b6065c2842403f90a83d096805d4ce/1000x1000-000000-80-0-0.jpg	Achtung Baby		https://www.deezer.com/album/1316058
u2--one	track	deezer-album	https://cdn-images.dzcdn.net/images/cover/27b6065c2842403f90a83d096805d4ce/1000x1000-000000-80-0-0.jpg	Achtung Baby		https://www.deezer.com/album/1316058
usher--you-make-me-wanna	track	deezer	https://cdn-images.dzcdn.net/images/cover/ed2b422e8240cd4e7ef9c4b357a99688/1000x1000-000000-80-0-0.jpg	My Way (25th Anniversary Edition)		https://www.deezer.com/track/1909711527
ub40--falling-in-love-with-you	track	deezer-album	https://cdn-images.dzcdn.net/images/cover/4174ce37d7906bb85bdcc71bcc675ff7/1000x1000-000000-80-0-0.jpg	Promises And Lies	1993	https://www.deezer.com/album/303141
vangelis--bladerunner	artist	deezer-artist	https://cdn-images.dzcdn.net/images/artist/e06dfb492eb566e0301ccef38938c48d/1000x1000-000000-80-0-0.jpg			
van-morrison--have-i-told-you-lately	track	deezer	https://cdn-images.dzcdn.net/images/cover/49ee3ed893fbcb8334dc0a3dde4aced2/1000x1000-000000-80-0-0.jpg	You're Driving Me Crazy		https://www.deezer.com/track/3474796271
van-morrison--moondance	track	deezer	https://cdn-images.dzcdn.net/images/cover/f648440c11c75ac519bd74b75f486cb8/1000x1000-000000-80-0-0.jpg	Moondance		https://www.deezer.com/track/71433037
wham--careless-whisper	track	musicbrainz	https://coverartarchive.org/release-group/91d9ccb1-0c30-3413-8b66-9c2e9a2d86a8/front-500	Careless Whisper	1996	https://musicbrainz.org/release/f53ddd0d-d43a-48ad-a5dc-cbf6914cbb2a
village-people--macho-man	track	deezer	https://cdn-images.dzcdn.net/images/cover/656c0d8aa3bde8ef03d21bca4a248423/1000x1000-000000-80-0-0.jpg	San Francisco Macho Man (Original Album 1978)	1986	https://www.deezer.com/track/3807492342
van-halen--right-now	track	deezer-album	https://cdn-images.dzcdn.net/images/cover/79e8b9cadbe0a41df27e90362a35bc19/1000x1000-000000-80-0-0.jpg	For Unlawful Carnal Knowledge	1991	https://www.deezer.com/album/356696
whitney-houston--i-know-him-so-well	track	deezer	https://cdn-images.dzcdn.net/images/cover/26b5030b971a5fd363f82cad8cff7453/1000x1000-000000-80-0-0.jpg	Whitney		https://www.deezer.com/track/75981538
whigfield--another-day	track	deezer	https://cdn-images.dzcdn.net/images/cover/1b8cc56869a84d81f1ee131e10163d84/1000x1000-000000-80-0-0.jpg	Whigfield 1	1995	https://www.deezer.com/track/76599056
whitney-houston--so-emotional	track	deezer	https://cdn-images.dzcdn.net/images/cover/26b5030b971a5fd363f82cad8cff7453/1000x1000-000000-80-0-0.jpg	Whitney		https://www.deezer.com/track/75981532
vega--tom-s-diner	track	deezer	https://cdn-images.dzcdn.net/images/cover/460ff1e724e3f35e8a9784f32969a5e5/1000x1000-000000-80-0-0.jpg	Tom's Diner		https://www.deezer.com/track/1652296642
wonder-stevie--for-once-in-my-life	track	deezer	https://cdn-images.dzcdn.net/images/cover/96c34a0e021bbbf6f5248c439d36f6e8/1000x1000-000000-80-0-0.jpg	For Once In My Life	1968	https://www.deezer.com/track/6821064
whitney-houston--exhale	track	deezer	https://cdn-images.dzcdn.net/images/cover/cb81cd5eb9bb712855b071085c3c5457/1000x1000-000000-80-0-0.jpg	The Ultimate Collection		https://www.deezer.com/track/2795620
whitney-houston--where-do-broken-hearts-go	track	deezer-album	https://cdn-images.dzcdn.net/images/cover/26b5030b971a5fd363f82cad8cff7453/1000x1000-000000-80-0-0.jpg	Whitney		https://www.deezer.com/album/7530488
wonder-stevie--higher-ground	track	deezer	https://cdn-images.dzcdn.net/images/cover/1cf2b7972e30a477b82f03302ec5453d/1000x1000-000000-80-0-0.jpg	Innervisions	1973	https://www.deezer.com/track/2319297
bob-marley--is-this-love	artist	deezer-artist	https://cdn-images.dzcdn.net/images/artist/c8241e15efdefa9465c7b470643efb3b/1000x1000-000000-80-0-0.jpg			https://www.deezer.com/artist/719
whitney-houston--all-the-man-that-i-need	track	deezer-album	https://cdn-images.dzcdn.net/images/cover/ae3c96eda6ff123bf537b78387d4a11d/1000x1000-000000-80-0-0.jpg	I'm Your Baby Tonight		https://www.deezer.com/album/753328
yes--i-ve-seen-all-good-people	track	deezer	https://cdn-images.dzcdn.net/images/cover/d7e8fd1b5fb4e163a7bc70b7dec97655/1000x1000-000000-80-0-0.jpg	Jersey City		https://www.deezer.com/track/2872855242
wonder-stevie--sir-duke	track	deezer-album	https://cdn-images.dzcdn.net/images/cover/ed7d05fc8407ff367c7fe39bd0d28a56/1000x1000-000000-80-0-0.jpg	Songs In The Key Of Life	1976	https://www.deezer.com/album/96001912
zucchero--cosi-celeste	track	deezer	https://cdn-images.dzcdn.net/images/cover/e2ddd0a6c7c4f2632dbbee21abbcfa8d/1000x1000-000000-80-0-0.jpg	La Sesión Cubana		https://www.deezer.com/track/62375910
zucchero--hey-man	track	deezer	https://cdn-images.dzcdn.net/images/cover/ed20452092602c2d6fa1aadb3d6d2290/1000x1000-000000-80-0-0.jpg	Blue's	1987	https://www.deezer.com/track/565278232
zucchero--il-volo	track	deezer	https://cdn-images.dzcdn.net/images/cover/2921ce8e410cfe4984989f23d0db3821/1000x1000-000000-80-0-0.jpg	Spirito DiVino	1995	https://www.deezer.com/track/984100
kanye-west--homecoming	track	itunes	https://is1-ssl.mzstatic.com/image/thumb/Music128/v4/39/25/2d/39252d65-2d50-b991-0962-f7a98a761271/00602517483507.rgb.jpg/600x600cc.jpg	Graduation	2007	https://music.apple.com/us/album/homecoming-feat-chris-martin/1442845779?i=1442846735&uo=4
john-elton--don-t-go-breaking-my-heart	none	placeholder				
yes--long-distance-runaround	track	deezer	https://cdn-images.dzcdn.net/images/cover/3a90e983b5d8e620b6e00fee2f0fb712/1000x1000-000000-80-0-0.jpg	Fragile (Super Deluxe)	1971	https://www.deezer.com/track/2868964682
zucchero--madre-dolcissima	track	deezer	https://cdn-images.dzcdn.net/images/cover/a7bc30ea70249eeb34e1ae8e85d3a9e6/1000x1000-000000-80-0-0.jpg	Latin Masters: Con Le Mani		https://www.deezer.com/track/5453607
zucchero--dune-mosse	track	deezer-album	https://cdn-images.dzcdn.net/images/cover/ed20452092602c2d6fa1aadb3d6d2290/1000x1000-000000-80-0-0.jpg	Blue's	1987	https://www.deezer.com/album/75093512
otis-redding--the-dock-of-the-bay	track	itunes	https://is1-ssl.mzstatic.com/image/thumb/Music124/v4/83/e1/02/83e102bb-b5b8-78ea-10ce-8f210211a9a8/603497889945.jpg/600x600cc.jpg	The Dock of the Bay	1968	https://music.apple.com/us/album/sittin-on-the-dock-of-the-bay/995809797?i=995809798&uo=4
yes--roundabout	track	deezer	https://cdn-images.dzcdn.net/images/cover/d154a9018dfd835445d027d04b72fdb6/1000x1000-000000-80-0-0.jpg	Roundabout [Single Edit] / Long Distance Runaround [Digital 45] (w/ PDF)		https://www.deezer.com/track/14638386
zucchero--voodoo-voodoo	track	musicbrainz	https://coverartarchive.org/release-group/5a3d452c-ef35-3067-bb85-cebfd22b75c5/front-500	Festivalbar 95	1995	https://musicbrainz.org/release/7a9182eb-d54e-4aa0-a6e5-67139ea4d82e
2-brothers-on-the-4th-floor--dreams	track	deezer	https://cdn-images.dzcdn.net/images/cover/0c61e6f3b7c63fa0c80831941bbff3ad/1000x1000-000000-80-0-0.jpg	Dreams		https://www.deezer.com/track/25574781
1910-fruitgum-company--simon-says	track	deezer	https://cdn-images.dzcdn.net/images/cover/c7dcf19ef458d4b601020070b1de4601/1000x1000-000000-80-0-0.jpg	The Best of the 1910 Fruitgum Co.		https://www.deezer.com/track/966778
2-unlimited--maximum-overdrive	track	deezer	https://cdn-images.dzcdn.net/images/cover/37e6834a65f160a58c3b58dc8a76d240/1000x1000-000000-80-0-0.jpg	No Limits		https://www.deezer.com/track/134706082
2-brothers-on-the-4th-floor--never-alone	track	deezer	https://cdn-images.dzcdn.net/images/cover/0c61e6f3b7c63fa0c80831941bbff3ad/1000x1000-000000-80-0-0.jpg	Dreams		https://www.deezer.com/track/25574791
2-unlimited--workaholic	track	deezer	https://cdn-images.dzcdn.net/images/cover/fcf639eb7914835c67586b0b3da55fd3/1000x1000-000000-80-0-0.jpg	Get Ready		https://www.deezer.com/track/131708878
zz-top--tush	track	deezer-album	https://cdn-images.dzcdn.net/images/cover/ef8a5158e5a2ddf665d2cf8369f4b01e/1000x1000-000000-80-0-0.jpg	Fandango! (Expanded / Remastered 2006)		https://www.deezer.com/album/895909792
2-unlimited--no-one	track	deezer-album	https://cdn-images.dzcdn.net/images/cover/cee6b49fcd298ca6881b6148ab2d2747/1000x1000-000000-80-0-0.jpg	Real Things		https://www.deezer.com/album/195545572
883--andra-tutto-bene	track	deezer	https://cdn-images.dzcdn.net/images/cover/dd10a90934626b537650018eba6e9d1b/1000x1000-000000-80-0-0.jpg	La dura legge del gol		https://www.deezer.com/track/692094
883--chiuditi-nel-cesso	track	deezer	https://cdn-images.dzcdn.net/images/cover/e2d7d8b76aeea016ee464fe2e66788d1/1000x1000-000000-80-0-0.jpg	La donna il sogno & il grande incubo		https://www.deezer.com/track/767015
883--grazie-mille	track	deezer	https://cdn-images.dzcdn.net/images/cover/f82a85b5e726ff24784d6ea5f3f0583e/1000x1000-000000-80-0-0.jpg	Grazie mille		https://www.deezer.com/track/707464
311--all-mixed-up	track	deezer-album	https://cdn-images.dzcdn.net/images/cover/6891ed25a5c4e7789cff75803f664606/1000x1000-000000-80-0-0.jpg	311		https://www.deezer.com/album/1211256
883--con-un-deca	track	deezer	https://cdn-images.dzcdn.net/images/cover/1846530ab6f174a47d68ed3922608541/1000x1000-000000-80-0-0.jpg	Hanno ucciso l'Uomo Ragno		https://www.deezer.com/track/766453
883--gli-anni	track	deezer	https://cdn-images.dzcdn.net/images/cover/a251b7c4c8b42ff96b893be2bb19937f/1000x1000-000000-80-0-0.jpg	Gli anni		https://www.deezer.com/track/767382
883--nessun-rimpianto	track	deezer	https://cdn-images.dzcdn.net/images/cover/dd10a90934626b537650018eba6e9d1b/1000x1000-000000-80-0-0.jpg	La dura legge del gol		https://www.deezer.com/track/692073
883--non-mi-arrendo	track	deezer	https://cdn-images.dzcdn.net/images/cover/dd10a90934626b537650018eba6e9d1b/1000x1000-000000-80-0-0.jpg	La dura legge del gol		https://www.deezer.com/track/692104
883--io-ci-saro	track	deezer	https://cdn-images.dzcdn.net/images/cover/a251b7c4c8b42ff96b893be2bb19937f/1000x1000-000000-80-0-0.jpg	Gli anni		https://www.deezer.com/track/767304
883--un-giorno-cosi	track	deezer	https://cdn-images.dzcdn.net/images/cover/dd10a90934626b537650018eba6e9d1b/1000x1000-000000-80-0-0.jpg	La dura legge del gol		https://www.deezer.com/track/692089
america--a-horse-with-no-name	track	deezer	https://cdn-images.dzcdn.net/images/cover/19d62e7e569c5c521c95bba2036feebe/1000x1000-000000-80-0-0.jpg	Halcyon Days		https://www.deezer.com/track/3948143351
abba--hey-hey-helen	track	deezer	https://cdn-images.dzcdn.net/images/cover/065db5953bf46f833dc6b3ca5dba2a51/1000x1000-000000-80-0-0.jpg	Abba		https://www.deezer.com/track/1113417
abba--gimme-gimme-gimme	track	deezer	https://cdn-images.dzcdn.net/images/cover/f313d9969203ea1735144a35ef26fa49/1000x1000-000000-80-0-0.jpg	Voulez-Vous		https://www.deezer.com/track/2545088
abba--i-m-a-marionette	track	deezer	https://cdn-images.dzcdn.net/images/cover/cd70105b6486c98cbfa9481e367277f2/1000x1000-000000-80-0-0.jpg	The Album		https://www.deezer.com/track/1184483
abba--kisses-of-fire	track	deezer	https://cdn-images.dzcdn.net/images/cover/f313d9969203ea1735144a35ef26fa49/1000x1000-000000-80-0-0.jpg	Voulez-Vous		https://www.deezer.com/track/2545085
a-ha--the-living-daylights	track	deezer	https://cdn-images.dzcdn.net/images/cover/c5607f2b8cf53b750a2a91b1b24a5af7/1000x1000-000000-80-0-0.jpg	Stay on These Roads	1988	https://www.deezer.com/track/4094807
abba--medley	track	musicbrainz	https://coverartarchive.org/release-group/6678b461-a343-42b8-99a1-37cba50af8ba/front-500	Little White Secrets	1994	https://musicbrainz.org/release/d4487d80-e6ac-4a2e-b2d0-cfbe2b4b51e8
abba--super-trooper	artist	deezer-artist	https://cdn-images.dzcdn.net/images/artist/1cd9c41f13f3114367692383758be3c1/1000x1000-000000-80-0-0.jpg			
abba--tiger	track	deezer	https://cdn-images.dzcdn.net/images/cover/6d99196c168eaf687e0d3c88a7a87604/1000x1000-000000-80-0-0.jpg	Arrival		https://www.deezer.com/track/1184110
adiemus--kayama	track	deezer	https://cdn-images.dzcdn.net/images/cover/c7cc34fca124c10db9ac9322b871b62f/1000x1000-000000-80-0-0.jpg	Adiemus - Songs Of Sanctuary		https://www.deezer.com/track/609936482
abba--that-s-me	track	deezer-album	https://cdn-images.dzcdn.net/images/cover/6d99196c168eaf687e0d3c88a7a87604/1000x1000-000000-80-0-0.jpg	Arrival		https://www.deezer.com/album/126502
ac-dc--tnt	artist	deezer-artist	https://cdn-images.dzcdn.net/images/artist/7dbc950be70f997ba0cd2b39de7f2aa7/1000x1000-000000-80-0-0.jpg			
abba--the-visitors	track	deezer-album	https://cdn-images.dzcdn.net/images/cover/b0e0addb44a32260c73397df3e8960dc/1000x1000-000000-80-0-0.jpg	The Visitors (Deluxe Edition)		https://www.deezer.com/album/1956351
ace--how-long	track	deezer-album	https://cdn-images.dzcdn.net/images/cover/acc05a1db7f90efad9214b35be1af3ef/1000x1000-000000-80-0-0.jpg	Five-A-Side		https://www.deezer.com/album/901413662
aerosmith--amazing	track	deezer	https://cdn-images.dzcdn.net/images/cover/7ff6fa0aacb3eb335a5ee96b6129c06a/1000x1000-000000-80-0-0.jpg	Big Ones	1994	https://www.deezer.com/track/1105724
abba--voulez-vous	track	deezer-album	https://cdn-images.dzcdn.net/images/cover/f313d9969203ea1735144a35ef26fa49/1000x1000-000000-80-0-0.jpg	Voulez-Vous		https://www.deezer.com/album/249353
aerosmith--cryin	track	deezer	https://cdn-images.dzcdn.net/images/cover/04cfb163fee3a6dcf025525eb6b57f44/1000x1000-000000-80-0-0.jpg	Get A Grip	1993	https://www.deezer.com/track/2246520677
aerosmith--falling-in-love	track	deezer	https://cdn-images.dzcdn.net/images/cover/ea702e9dd35b2d0dd8017b6449f2f1c6/1000x1000-000000-80-0-0.jpg	Nine Lives	1997	https://www.deezer.com/track/2058924237
aerosmith--livin-on-the-edge	track	deezer	https://cdn-images.dzcdn.net/images/cover/7ff6fa0aacb3eb335a5ee96b6129c06a/1000x1000-000000-80-0-0.jpg	Big Ones	1994	https://www.deezer.com/track/1105731
adriano-celentano--azzurro	track	deezer	https://cdn-images.dzcdn.net/images/cover/fac2870949cb373e8d653510b7d57d2d/1000x1000-000000-80-0-0.jpg	Preghero (Remastered)		https://www.deezer.com/track/91547092
aerosmith--what-it-takes	track	deezer	https://cdn-images.dzcdn.net/images/cover/3606d36775f622fc4f65142d08aef37a/1000x1000-000000-80-0-0.jpg	Pump	1989	https://www.deezer.com/track/2125114
air-supply--two-less-lonely-people-in-the-world	track	deezer	https://cdn-images.dzcdn.net/images/cover/355d1ce9cd5cdb78d3cea473ae50a589/1000x1000-000000-80-0-0.jpg	The Singer & The Song		https://www.deezer.com/track/65986697
al-martino--blue-spanish-eyes	artist	deezer-artist	https://cdn-images.dzcdn.net/images/artist/45cdd815060620d83d3c8c4a8d50d4a6/1000x1000-000000-80-0-0.jpg			https://www.deezer.com/artist/76994
al-martino--volare	track	deezer	https://cdn-images.dzcdn.net/images/cover/f5917b7f41d3071ff9c42cfa3db46cfa/1000x1000-000000-80-0-0.jpg	Spanish Eyes	1995	https://www.deezer.com/track/1060564
alabama--born-country	track	deezer	https://cdn-images.dzcdn.net/images/cover/51968d41cb83468a041d8c45a2383e83/1000x1000-000000-80-0-0.jpg	Ultimate Alabama 20 # 1 Hits		https://www.deezer.com/track/596594
aerosmith--walk-this-way	track	deezer-album	https://cdn-images.dzcdn.net/images/cover/0cb25ced2a862fc8d6b67f0ad31322bc/1000x1000-000000-80-0-0.jpg	Toys In The Attic	1993	https://www.deezer.com/album/384906257
alabama--i-m-in-a-hurry	track	deezer	https://cdn-images.dzcdn.net/images/cover/73ae17bd270580bc31ab5f76013a19ff/1000x1000-000000-80-0-0.jpg	American Pride		https://www.deezer.com/track/550885
al-jarreau--moonlighting	track	deezer	https://cdn-images.dzcdn.net/images/cover/c9dcef6e83773f14d18b64f4a7751072/1000x1000-000000-80-0-0.jpg	The Very Best Of: An Excellent Adventure		https://www.deezer.com/track/14637931
air-supply--even-the-nights-are-better	track	deezer-album	https://cdn-images.dzcdn.net/images/cover/2a1455d974b40924ab45fb96373536bd/1000x1000-000000-80-0-0.jpg	All Out Of Love		https://www.deezer.com/album/55877992
alabama--jukebox-in-my-mind	track	deezer	https://cdn-images.dzcdn.net/images/cover/51968d41cb83468a041d8c45a2383e83/1000x1000-000000-80-0-0.jpg	Ultimate Alabama 20 # 1 Hits		https://www.deezer.com/track/596597
alain-souchon--y-a-d-la-rumba-dans-l-air	track	deezer	https://cdn-images.dzcdn.net/images/cover/8404560ee602a0789903b5409c1eb4b7/1000x1000-000000-80-0-0.jpg	Jamais Content		https://www.deezer.com/track/2242561
alan-jackson--mercury-blues	track	deezer	https://cdn-images.dzcdn.net/images/cover/41b7c7c88617c27d7663aa24745a0ec7/1000x1000-000000-80-0-0.jpg	A Lot About Livin' (And A Little 'Bout Love)	1992	https://www.deezer.com/track/1076390
alain-barriere--tu-t-en-vas	track	deezer	https://cdn-images.dzcdn.net/images/cover/01c5d5711e7a1684845d4dc1c8cb889d/1000x1000-000000-80-0-0.jpg	Tu t'en vas		https://www.deezer.com/track/3782949292
alanis-morissette--all-i-really-want	track	deezer	https://cdn-images.dzcdn.net/images/cover/ced5038290198230816f80f576819e2f/1000x1000-000000-80-0-0.jpg	Jagged Little Pill (2015 Remaster)		https://www.deezer.com/track/109843286
alan-jackson--home	track	deezer-album	https://cdn-images.dzcdn.net/images/cover/f9239e1780dab9d38183a4f4b062a7eb/1000x1000-000000-80-0-0.jpg	Here In The Real World	1990	https://www.deezer.com/album/72400
alan-jackson--don-t-rock-the-jukebox	track	deezer-album	https://cdn-images.dzcdn.net/images/cover/715aae808ab0c89ef47eb7001d48b352/1000x1000-000000-80-0-0.jpg	Genuine: The Alan Jackson Story		https://www.deezer.com/album/13726584
alan-jackson--livin-on-love	track	deezer-album	https://cdn-images.dzcdn.net/images/cover/101323270dd527c663b86645e107c86b/1000x1000-000000-80-0-0.jpg	Who I Am Bonus Track		https://www.deezer.com/album/242330
alanis-morissette--joining-you	track	deezer	https://cdn-images.dzcdn.net/images/cover/a129d2d2e2d64088d983c1afb226d67f/1000x1000-000000-80-0-0.jpg	Supposed Former Infatuation Junkie	1998	https://www.deezer.com/track/779114
alan-jackson--tall-tall-trees	track	deezer-album	https://cdn-images.dzcdn.net/images/cover/715aae808ab0c89ef47eb7001d48b352/1000x1000-000000-80-0-0.jpg	Genuine: The Alan Jackson Story		https://www.deezer.com/album/13726584
queen--killer-queen	track	deezer-album	https://cdn-images.dzcdn.net/images/cover/c32e0dbc2a33b6270de47897bda62794/1000x1000-000000-80-0-0.jpg	Sheer Heart Attack		https://www.deezer.com/album/1007457911
alanis-morissette--ironic	track	deezer	https://cdn-images.dzcdn.net/images/cover/ced5038290198230816f80f576819e2f/1000x1000-000000-80-0-0.jpg	Jagged Little Pill (2015 Remaster)		https://www.deezer.com/track/109843304
albert-hammond--it-never-rains-in-southern-california	track	deezer	https://cdn-images.dzcdn.net/images/cover/dbe9beb1cb8d7f5a99623570b76d0f9e/1000x1000-000000-80-0-0.jpg	It Never Rains In Southern California		https://www.deezer.com/track/6837043
alanis-morissette--thank-u	track	deezer-album	https://cdn-images.dzcdn.net/images/cover/a129d2d2e2d64088d983c1afb226d67f/1000x1000-000000-80-0-0.jpg	Supposed Former Infatuation Junkie	1998	https://www.deezer.com/album/91332
alice-cooper--billion-dollar-babies	track	deezer	https://cdn-images.dzcdn.net/images/cover/300aa76c1af485a466a2582365c06358/1000x1000-000000-80-0-0.jpg	Billion Dollar Babies		https://www.deezer.com/track/730677
alanis-morissette--mary-jane	track	deezer-album	https://cdn-images.dzcdn.net/images/cover/ced5038290198230816f80f576819e2f/1000x1000-000000-80-0-0.jpg	Jagged Little Pill (2015 Remaster)		https://www.deezer.com/album/11443410
alice-cooper--caught-in-a-dream	track	deezer	https://cdn-images.dzcdn.net/images/cover/7bff57756b1851e210d11664c546c46f/1000x1000-000000-80-0-0.jpg	Love It to Death		https://www.deezer.com/track/730798
alice-cooper--only-women-bleed	track	deezer	https://cdn-images.dzcdn.net/images/cover/094438eeffaffad1f1ad882db57e7888/1000x1000-000000-80-0-0.jpg	Welcome to My Nightmare	1977	https://www.deezer.com/track/14615067
alice-cooper--you-and-me	track	deezer	https://cdn-images.dzcdn.net/images/cover/63a5d8f5ba2a74e7e027c037c6eb0379/1000x1000-000000-80-0-0.jpg	Lace and Whiskey	1990	https://www.deezer.com/track/3922559
alice-cooper--eighteen	track	deezer	https://cdn-images.dzcdn.net/images/cover/43881c4ed09a35b9e500d0ec5c70e378/1000x1000-000000-80-0-0.jpg	Alice Does Alice		https://www.deezer.com/track/34013541
alice-in-chains--sludge-factory	track	deezer	https://cdn-images.dzcdn.net/images/cover/ddd02a6b43d5d7b482c8b256d3d8b850/1000x1000-000000-80-0-0.jpg	Alice In Chains	1995	https://www.deezer.com/track/70857284
alice-in-chains--over-now	track	deezer	https://cdn-images.dzcdn.net/images/cover/ddd02a6b43d5d7b482c8b256d3d8b850/1000x1000-000000-80-0-0.jpg	Alice In Chains	1995	https://www.deezer.com/track/70857293
alizee--moi-lolita	track	deezer	https://cdn-images.dzcdn.net/images/cover/4e7ac0be67df8ee745ff4a0aedf23d4d/1000x1000-000000-80-0-0.jpg	Gourmandises		https://www.deezer.com/track/506372122
all-4-one--i-can-love-you-like-that	track	deezer	https://cdn-images.dzcdn.net/images/cover/40ba77fcf92d5bfac130401bd4a5dcba/1000x1000-000000-80-0-0.jpg	And the Music Speaks	1995	https://www.deezer.com/track/6616934
alliage--le-temps-qui-court	track	musicbrainz	https://coverartarchive.org/release-group/2ad322c5-f85c-3656-a9ca-7e6c1c1d64bd/front-500	L'Album	1997	https://musicbrainz.org/release/d297284b-a7ef-4d20-aa1a-cb91a700808e
all-saints--under-the-bridge	track	deezer-album	https://cdn-images.dzcdn.net/images/cover/e4d822402a0229ae8624d3845551d9e6/1000x1000-000000-80-0-0.jpg	All Saints	1998	https://www.deezer.com/album/93844
no-doubt--don-t-speak	artist	deezer-artist	https://cdn-images.dzcdn.net/images/artist/48ec84474b37a0677d7375f7bf10d78a/1000x1000-000000-80-0-0.jpg			https://www.deezer.com/artist/79
all-saints--black-coffee	track	deezer-album	https://cdn-images.dzcdn.net/images/cover/f73db4644fd8f418c194dbbfad75a2c2/1000x1000-000000-80-0-0.jpg	Saints & Sinners		https://www.deezer.com/album/83165
amedeo-minghi--e-questo-il-vivere	track	deezer	https://cdn-images.dzcdn.net/images/cover/127db30fcfc5ea42942540bcea936a1d/1000x1000-000000-80-0-0.jpg	Decenni		https://www.deezer.com/track/3339163891
alma-cogan--tennessee-waltz	track	deezer	https://cdn-images.dzcdn.net/images/cover/206c031df0322cd0181e4e9a5a5139a1/1000x1000-000000-80-0-0.jpg	The Girl With A Laugh In Her Voice		https://www.deezer.com/track/3241579
alpentrio-tirol--alpentrio-hitmix-alpentrio-medley-hast-a-bisserl-zeit-fur-mi	artist	deezer-artist	https://cdn-images.dzcdn.net/images/artist/c26ce6c82f406253d3d46334b258ba3d/1000x1000-000000-80-0-0.jpg			https://www.deezer.com/artist/80542
all-saints--lady-marmalade	track	musicbrainz	https://coverartarchive.org/release-group/045dc092-4ae8-346b-b2d0-be7c631c650a/front-500	All Saints	1997	https://musicbrainz.org/release/d3076261-11f4-4453-957c-c40d218d6eb6
alpert--a-taste-of-honey	track	deezer	https://cdn-images.dzcdn.net/images/cover/75d378356e4a161557d6d21124b9e892/1000x1000-000000-80-0-0.jpg	Whipped Cream & Other Delights	1965	https://www.deezer.com/track/1064027062
dr-dre--forgot-about-dre	track	itunes	https://is1-ssl.mzstatic.com/image/thumb/Music118/v4/27/6b/4c/276b4c69-99cb-6209-2fd8-3edd17ccfd06/00602517641228.rgb.jpg/600x600cc.jpg	2001	1999	https://music.apple.com/us/album/forgot-about-dre-feat-eminem/1444156266?i=1444157209&uo=4
amedeo-minghi--i-ricordi-del-cuore	track	deezer	https://cdn-images.dzcdn.net/images/cover/75487c9a60fd680da397606f692bb693/1000x1000-000000-80-0-0.jpg	I ricordi del cuore		https://www.deezer.com/track/3314093331
america--ventura-highway	track	deezer	https://cdn-images.dzcdn.net/images/cover/deed75dc7494b531758c8027c7d36dd0/1000x1000-000000-80-0-0.jpg	Ventura Highway		https://www.deezer.com/track/115190570
starship--nothing-s-gonna-stop-us-now	track	itunes	https://is1-ssl.mzstatic.com/image/thumb/Music125/v4/e9/f9/22/e9f92236-bb5b-7e84-0f9f-af6825c94550/603497853984.jpg/600x600cc.jpg	No Protection	1987	https://music.apple.com/us/album/nothings-gonna-stop-us-now/1446278327?i=1446278331&uo=4
amy-grant--big-yellow-taxi	track	deezer	https://cdn-images.dzcdn.net/images/cover/1f2a89436a451293b2f03e0dd14b27ac/1000x1000-000000-80-0-0.jpg	House Of Love (Remastered)		https://www.deezer.com/track/3377287
amii-stewart--knock-on-wood	track	deezer	https://cdn-images.dzcdn.net/images/cover/2ab479e377517fe0cf9fa35569f61e07/1000x1000-000000-80-0-0.jpg	Knock On Wood		https://www.deezer.com/track/10370275
amy-grant--doubly-good-to-you	track	deezer	https://cdn-images.dzcdn.net/images/cover/f681aba266fc31e6063407e8fe4bab12/1000x1000-000000-80-0-0.jpg	Straight Ahead (Remastered)		https://www.deezer.com/track/3377233
amy-grant--heirlooms	track	deezer	https://cdn-images.dzcdn.net/images/cover/8861d00e6f39df57fd00944dcb158ada/1000x1000-000000-80-0-0.jpg	A Christmas Album		https://www.deezer.com/track/3377224
amy-grant--el-shaddai	track	deezer	https://cdn-images.dzcdn.net/images/cover/7c7e1b5f20127adf3e25f8d64a699d42/1000x1000-000000-80-0-0.jpg	Rock Of Ages...Hymns & Faith		https://www.deezer.com/track/31051261
amy-grant--everywhere-i-go	track	deezer	https://cdn-images.dzcdn.net/images/cover/e9af8f2613451b3695b1f238eb82686e/1000x1000-000000-80-0-0.jpg	Unguarded		https://www.deezer.com/track/3377238
amy-grant--i-will-remember-you	track	deezer	https://cdn-images.dzcdn.net/images/cover/34d721988bc16085f6a76844b893ba91/1000x1000-000000-80-0-0.jpg	Heart In Motion		https://www.deezer.com/track/3377266
andre-hazes--de-hoogste-tijd	track	deezer	https://cdn-images.dzcdn.net/images/cover/125c2b1ca96e25be829e3672dfda29e8/1000x1000-000000-80-0-0.jpg	De Hazes 100		https://www.deezer.com/track/1436226942
bill-withers--lovely-day	track	itunes	https://is1-ssl.mzstatic.com/image/thumb/Music115/v4/17/26/59/17265978-5651-8466-6482-e6abf49fd1a6/886445193275.jpg/600x600cc.jpg	Menagerie	1977	https://music.apple.com/us/album/lovely-day/989376625?i=989376634&uo=4
amy-grant--stay-for-awhile	track	musicbrainz	https://coverartarchive.org/release-group/4669d980-2aee-45d6-9fb0-5adc15ab0da5/front-500	Progressive MixShow Monthly		https://musicbrainz.org/release/3afd4b01-74ef-4478-89ca-debf9d873484
andre-van-duin--het-pizzalied	track	deezer	https://cdn-images.dzcdn.net/images/cover/e4abf5879780ac45139360f351043119/1000x1000-000000-80-0-0.jpg	Feest Met André		https://www.deezer.com/track/459478462
andre-brasseur--early-bird-satellite	artist	deezer-artist	https://cdn-images.dzcdn.net/images/artist/a1d2df160857857dae8a6da342a91f78/1000x1000-000000-80-0-0.jpg			https://www.deezer.com/artist/298926
andre-hazes--de-vlieger	track	deezer	https://cdn-images.dzcdn.net/images/cover/cb38687b022ff9ae4445c3ead754344b/1000x1000-000000-80-0-0.jpg	In De Kroeg		https://www.deezer.com/track/3487031651
andrea-bocelli--romanza	track	deezer	https://cdn-images.dzcdn.net/images/cover/56d67895b8f7f83ec9b258bcdd91186f/1000x1000-000000-80-0-0.jpg	Romanza (Remastered)		https://www.deezer.com/track/94107236
andrea-bocelli--sogno	track	deezer	https://cdn-images.dzcdn.net/images/cover/762a3b959d6547264517f92d0b169d0b/1000x1000-000000-80-0-0.jpg	Il Mare Calmo Della Sera (Remastered)	1994	https://www.deezer.com/track/94107188
andrea-bocelli--vivere	track	deezer	https://cdn-images.dzcdn.net/images/cover/56d67895b8f7f83ec9b258bcdd91186f/1000x1000-000000-80-0-0.jpg	Romanza (Remastered)		https://www.deezer.com/track/94107222
andy-kim--baby-i-love-you	track	deezer	https://cdn-images.dzcdn.net/images/cover/49bf6280d88e44713819fd8effb648f4/1000x1000-000000-80-0-0.jpg	Baby I Love You		https://www.deezer.com/track/528347681
angelo-branduardi--domenica-e-lunedi	track	musicbrainz	https://coverartarchive.org/release-group/145c5419-f0cf-3c3f-9e6b-f1a615da4a46/front-500	Domenica e lunedì		https://musicbrainz.org/release/1490b194-eab1-4ed6-9326-f1c307971da2
angelo-branduardi--alla-fiera-dell-est	track	deezer	https://cdn-images.dzcdn.net/images/cover/dbffd64ec585d088b6a05f6cfd3fc4fa/1000x1000-000000-80-0-0.jpg	Alla Fiera Dell'Est	1976	https://www.deezer.com/track/876398
andrew-gold--lonely-boy	track	deezer	https://cdn-images.dzcdn.net/images/cover/8f491b613a0ce7d666a40ef83dd7617e/1000x1000-000000-80-0-0.jpg	What's Wrong with This Picture?		https://www.deezer.com/track/16192993
anna-oxa--camminando-camminando	track	musicbrainz	https://coverartarchive.org/release-group/0b41586b-67c5-33fd-89ef-15064d31982f/front-500	Senza pietà	1999	https://musicbrainz.org/release/50825669-0732-4a99-a524-0757dee82363
anna-oxa--tutti-i-brividi-del-mondo	track	musicbrainz	https://coverartarchive.org/release-group/214eb424-4fdd-394d-8fb6-e6614901999f/front-500	Do di petto	1993	https://musicbrainz.org/release/8f943b11-51cc-4295-b117-e628e08c0974
anna-oxa--donna-con-te	track	deezer	https://cdn-images.dzcdn.net/images/cover/0434bf9d0baca17eff9dac64886d31d1/1000x1000-000000-80-0-0.jpg	I Grandi Successi		https://www.deezer.com/track/579310
annie-lennox--here-comes-the-rain-again	track	musicbrainz	https://coverartarchive.org/release-group/817ffeba-55b9-4c9e-a1fb-d1cb3eab0d4c/front-500	Nostalgia	2014	https://musicbrainz.org/release/898c94ea-5e6c-475c-b02b-21d57873cc3f
anna-oxa--un-emozione-da-poco	track	deezer	https://cdn-images.dzcdn.net/images/cover/0b24cc7433dc482bc98114292864c436/1000x1000-000000-80-0-0.jpg	Un'emozione da poco		https://www.deezer.com/track/3354703901
annie-lennox--put-a-little-love-in-your-heart	track	musicbrainz	https://coverartarchive.org/release-group/7c672c15-08be-4260-ba36-042be41af7e0/front-500	Put a Little Love in Your Heart	1988	https://musicbrainz.org/release/cf8c73e0-a795-4547-9204-4aa5ea297525
antonello-venditti--che-tesoro-che-sei	track	deezer	https://cdn-images.dzcdn.net/images/cover/e940ac916db0db61ce0ab969ac0f25e7/1000x1000-000000-80-0-0.jpg	Goodbye Novecento	1999	https://www.deezer.com/track/1004573
annie-lennox--it-s-alright	track	musicbrainz	https://coverartarchive.org/release-group/02f2e8b1-5d03-3e2c-98ac-80fe4f497275/front-500	Walking on Broken Glass	1992	https://musicbrainz.org/release/e7fb0062-a5ed-4f97-9de4-ef3978dcf594
antonello-venditti--compagno-di-scuola	track	deezer	https://cdn-images.dzcdn.net/images/cover/1055c780cd8f8dbe9738a9851189eee4/1000x1000-000000-80-0-0.jpg	Lilly	1999	https://www.deezer.com/track/534089
antonello-venditti--in-questo-mondo-che-non-puoi-capire	track	deezer	https://cdn-images.dzcdn.net/images/cover/e940ac916db0db61ce0ab969ac0f25e7/1000x1000-000000-80-0-0.jpg	Goodbye Novecento	1999	https://www.deezer.com/track/13241614
annie-lennox--missionary-man	artist	deezer-artist	https://cdn-images.dzcdn.net/images/artist/fa15274f9fd4122054de36a78d53ae1b/1000x1000-000000-80-0-0.jpg			https://www.deezer.com/artist/1148
annie-lennox--sweet-dreams	track	musicbrainz	https://coverartarchive.org/release-group/817ffeba-55b9-4c9e-a1fb-d1cb3eab0d4c/front-500	Nostalgia	2014	https://musicbrainz.org/release/898c94ea-5e6c-475c-b02b-21d57873cc3f
antonello-venditti--dimmelo-tu-cos-e	track	deezer	https://cdn-images.dzcdn.net/images/cover/28f7225cd1da2ad770b800b82f4a3c81/1000x1000-000000-80-0-0.jpg	TuttoVenditti		https://www.deezer.com/track/61644239
antonello-venditti--lilly	track	deezer	https://cdn-images.dzcdn.net/images/cover/1055c780cd8f8dbe9738a9851189eee4/1000x1000-000000-80-0-0.jpg	Lilly	1999	https://www.deezer.com/track/534088
antonello-venditti--sotto-la-pioggia	track	deezer	https://cdn-images.dzcdn.net/images/cover/d53bf291b6f801ce0e388eb7281bc068/1000x1000-000000-80-0-0.jpg	Sotto La Pioggia	1987	https://www.deezer.com/track/14925035
antonello-venditti--sara	track	deezer	https://cdn-images.dzcdn.net/images/cover/7a3347a8c498cdd45eefb834d22d59d1/1000x1000-000000-80-0-0.jpg	Sotto Il Segno Dei Pesci		https://www.deezer.com/track/2491356
antonello-venditti--settembre	track	deezer	https://cdn-images.dzcdn.net/images/cover/aee8832a7352841d453d92600f3033e8/1000x1000-000000-80-0-0.jpg	Venditti E Segreti	1986	https://www.deezer.com/track/1132386
annie-lennox--there-must-be-angel	artist	deezer-artist	https://cdn-images.dzcdn.net/images/artist/fa15274f9fd4122054de36a78d53ae1b/1000x1000-000000-80-0-0.jpg			https://www.deezer.com/artist/1148
aqua--cartoon-heroes	track	deezer	https://cdn-images.dzcdn.net/images/cover/b0c15b992318590c83c6e2314feff659/1000x1000-000000-80-0-0.jpg	Cartoon Heroes		https://www.deezer.com/track/383975971
antonello-venditti--notte-prima-degli-esami	track	deezer	https://cdn-images.dzcdn.net/images/cover/cda4b61fae5a057604add5b41c492d6b/1000x1000-000000-80-0-0.jpg	Le Donne		https://www.deezer.com/track/2847383
aqua--turn-back-time	track	deezer	https://cdn-images.dzcdn.net/images/cover/89c2dae2b498dc9ca9151324d02eca2d/1000x1000-000000-80-0-0.jpg	Aquarium	1997	https://www.deezer.com/track/1115051
aretha-franklin--natural-woman	track	deezer	https://cdn-images.dzcdn.net/images/cover/d9c997e6f45311c31be1c37ec40bfb8b/1000x1000-000000-80-0-0.jpg	A Natural Woman... in Sweden		https://www.deezer.com/track/2631602252
assia--elle-est-a-toi	track	deezer	https://cdn-images.dzcdn.net/images/cover/3ca727fc2a805aa9f0743719150d474b/1000x1000-000000-80-0-0.jpg	chercheuse d'or		https://www.deezer.com/track/3135367
armstrong-louis--wonderful-world	track	deezer	https://cdn-images.dzcdn.net/images/cover/c2685d371def5346dedcdd8ac7b543d8/1000x1000-000000-80-0-0.jpg	Louis Armstrong and His Friends	1970	https://www.deezer.com/track/1733896157
astrud-gilberto--the-girl-from-ipanema	track	deezer	https://cdn-images.dzcdn.net/images/cover/4d2660712a8304258bf70d2272515bc9/1000x1000-000000-80-0-0.jpg	Verve Jazz Masters 9: Astrud Gilberto		https://www.deezer.com/track/548627112
b-witched--blame-it-on-the-weatherman	track	deezer	https://cdn-images.dzcdn.net/images/cover/95c947060af015d67fadf8a2154ec1b7/1000x1000-000000-80-0-0.jpg	B*Witched	1999	https://www.deezer.com/track/15212557
average-white-band--pick-up-the-pieces	track	deezer	https://cdn-images.dzcdn.net/images/cover/e55bffd4ed3504c3f0399ea078b43632/1000x1000-000000-80-0-0.jpg	Average White Band	1974	https://www.deezer.com/track/12164497
bach-johann-sebastian--air-on-the-g-string	track	deezer	https://cdn-images.dzcdn.net/images/cover/e170dfa3ceebce5238c4773cf11db51d/1000x1000-000000-80-0-0.jpg	Seasons of Life - Bonus Tracks		https://www.deezer.com/track/2430837715
bach-johann-sebastian--brandenburg-concerto-no-2-in-f-major-bwv-1047-iii-allegro-as	track	deezer	https://cdn-images.dzcdn.net/images/cover/16b9ad66f7b1e5358bf018a31b467a1d/1000x1000-000000-80-0-0.jpg	Brandenburg Concertos, BWV 1046-51		https://www.deezer.com/track/2949816851
asia--heart-of-the-moment	track	deezer-album	https://cdn-images.dzcdn.net/images/cover/7600c2bac1b17400af805bfecd9afa37/1000x1000-000000-80-0-0.jpg	Asia	1999	https://www.deezer.com/album/69833112
bach-johann-sebastian--franzosische-suite-nr-5-bwv-816-gigue	artist	deezer-artist	https://cdn-images.dzcdn.net/images/artist/d84d324b290e8a1be4a6951db2d9692b/1000x1000-000000-80-0-0.jpg			https://www.deezer.com/artist/1900
bachman-turner-overdrive--let-it-ride	track	deezer	https://cdn-images.dzcdn.net/images/cover/5eaa74191fd1b427e28e33fcc4d79616/1000x1000-000000-80-0-0.jpg	Bachman-Turner Overdrive II		https://www.deezer.com/track/548623862
backstreet-boys--the-call	track	deezer	https://cdn-images.dzcdn.net/images/cover/63a5523dbf5e1cdc67ad13cab3744f87/1000x1000-000000-80-0-0.jpg	Black & Blue		https://www.deezer.com/track/71179777
bachman-turner-overdrive--hey-you	track	deezer	https://cdn-images.dzcdn.net/images/cover/a7a5d83d7f632aa736043d9ac1f8cea8/1000x1000-000000-80-0-0.jpg	Best Of Bachman-Turner Overdrive		https://www.deezer.com/track/548620722
backstreet-boys--we-ve-got-it-goin-on	track	deezer	https://cdn-images.dzcdn.net/images/cover/4b5aee6dcf462365a328d9dd8c97bd4b/1000x1000-000000-80-0-0.jpg	Backstreet Boys	1996	https://www.deezer.com/track/4274208
backstreet-boys--no-one-else-comes-close	track	deezer	https://cdn-images.dzcdn.net/images/cover/d61eaad8f321ea876a5f5c7219aae892/1000x1000-000000-80-0-0.jpg	Millennium	1999	https://www.deezer.com/track/13141177
backstreet-boys--back-to-your-heart	track	deezer	https://cdn-images.dzcdn.net/images/cover/d61eaad8f321ea876a5f5c7219aae892/1000x1000-000000-80-0-0.jpg	Millennium	1999	https://www.deezer.com/track/13141175
backstreet-boys--spanish-eyes	track	deezer	https://cdn-images.dzcdn.net/images/cover/d61eaad8f321ea876a5f5c7219aae892/1000x1000-000000-80-0-0.jpg	Millennium	1999	https://www.deezer.com/track/13141176
bad-company--can-t-get-enough-of-your-love	track	musicbrainz	https://coverartarchive.org/release-group/326ad14d-34a2-392e-a48d-17427d2048a5/front-500	Levi’s Music	1994	https://musicbrainz.org/release/d5e2acf5-3bf0-45bf-9877-5bac0c2a13bc
backstreet-boys--show-me-the-meaning-of-being-lonely	track	deezer	https://cdn-images.dzcdn.net/images/cover/d61eaad8f321ea876a5f5c7219aae892/1000x1000-000000-80-0-0.jpg	Millennium	1999	https://www.deezer.com/track/13141171
bad-company--can-t-get-enough	track	deezer	https://cdn-images.dzcdn.net/images/cover/8e0cfa48edb5ea59cd768bfce25bd231/1000x1000-000000-80-0-0.jpg	Bad Company (Remastered)		https://www.deezer.com/track/97716760
bad-company--if-you-needed-somebody	track	deezer	https://cdn-images.dzcdn.net/images/cover/d2149482daf219731e0844ac532b88fe/1000x1000-000000-80-0-0.jpg	Holy Water		https://www.deezer.com/track/7571478
bad-company--ready-for-love	track	deezer	https://cdn-images.dzcdn.net/images/cover/59210df5e75083ecfee22b79712a40b9/1000x1000-000000-80-0-0.jpg	10 from 6 (2009 Remaster)	1970	https://www.deezer.com/track/3818867
bad-company--run-with-the-pack	track	deezer	https://cdn-images.dzcdn.net/images/cover/965c0d18a1236a9eefe0726b6f989527/1000x1000-000000-80-0-0.jpg	Run with the Pack (2017 Remaster)	1976	https://www.deezer.com/track/361667771
blackstreet--no-diggity	track	deezer-album	https://cdn-images.dzcdn.net/images/cover/e0b264ef13dd58dd0d8e77e3694837bc/1000x1000-000000-80-0-0.jpg	Another Level		https://www.deezer.com/album/217806
barry-manilow--even-now	track	deezer	https://cdn-images.dzcdn.net/images/cover/f828b297f36fa86de1fac9b12f291dc4/1000x1000-000000-80-0-0.jpg	Even Now		https://www.deezer.com/track/548266
battiato--bandiera-bianca	track	deezer	https://cdn-images.dzcdn.net/images/cover/f61b7bb95d2fc1b7aec6ba310cb1455d/1000x1000-000000-80-0-0.jpg	La Voce Del Padrone (Remastered 2021)		https://www.deezer.com/track/1375685832
battiato--cuccurucucu	track	deezer	https://cdn-images.dzcdn.net/images/cover/f61b7bb95d2fc1b7aec6ba310cb1455d/1000x1000-000000-80-0-0.jpg	La Voce Del Padrone (Remastered 2021)		https://www.deezer.com/track/1375685852
battiato--di-passaggio	track	deezer	https://cdn-images.dzcdn.net/images/cover/a3b8aa446e2e9a2bd5a852d333762e91/1000x1000-000000-80-0-0.jpg	L'Imboscata		https://www.deezer.com/track/2432917
bad-company--feel-like-makin-love	track	deezer-album	https://cdn-images.dzcdn.net/images/cover/59210df5e75083ecfee22b79712a40b9/1000x1000-000000-80-0-0.jpg	10 from 6 (2009 Remaster)	1970	https://www.deezer.com/album/356028
barenaked-ladies--one-week	track	deezer-album	https://cdn-images.dzcdn.net/images/cover/fbdf68d5cb2c65cdcb5f9f2831dd6009/1000x1000-000000-80-0-0.jpg	Stunt (20th Anniversary Edition)	1998	https://www.deezer.com/album/66463392
battiato--i-treni-di-tozeur	track	deezer	https://cdn-images.dzcdn.net/images/cover/8975c1e9a6b7aaa66e214adefe7af4f0/1000x1000-000000-80-0-0.jpg	Mondi Lontanissimi (2008 Remastered Edition)		https://www.deezer.com/track/3464249
battiato--no-time-no-space	track	deezer	https://cdn-images.dzcdn.net/images/cover/8975c1e9a6b7aaa66e214adefe7af4f0/1000x1000-000000-80-0-0.jpg	Mondi Lontanissimi (2008 Remastered Edition)		https://www.deezer.com/track/3464244
battiato--vite-parallele	track	deezer	https://cdn-images.dzcdn.net/images/cover/f0039759e53157d8fffa2976b078abc8/1000x1000-000000-80-0-0.jpg	Gommalacca		https://www.deezer.com/track/2289513
battisti--acqua-azzurra-acqua-chiara	track	deezer	https://cdn-images.dzcdn.net/images/cover/14803176373b72d1e55552d6ecf88d9b/1000x1000-000000-80-0-0.jpg	Emozioni	1997	https://www.deezer.com/track/764314612
battiato--shock-in-my-town	track	deezer	https://cdn-images.dzcdn.net/images/cover/f0039759e53157d8fffa2976b078abc8/1000x1000-000000-80-0-0.jpg	Gommalacca		https://www.deezer.com/track/2289505
battiato--summer-on-a-solitary-beach	track	deezer	https://cdn-images.dzcdn.net/images/cover/f61b7bb95d2fc1b7aec6ba310cb1455d/1000x1000-000000-80-0-0.jpg	La Voce Del Padrone (Remastered 2021)		https://www.deezer.com/track/1375685822
battiato--voglio-vederti-danzare	track	deezer	https://cdn-images.dzcdn.net/images/cover/7363cd6b2de8aed586c56d74ec047d87/1000x1000-000000-80-0-0.jpg	L'Arca Di Noè (2008 Remastered Edition)		https://www.deezer.com/track/3464233
battisti--anna	track	deezer	https://cdn-images.dzcdn.net/images/cover/14803176373b72d1e55552d6ecf88d9b/1000x1000-000000-80-0-0.jpg	Emozioni	1997	https://www.deezer.com/track/764314652
battisti--comunque-bella	track	deezer	https://cdn-images.dzcdn.net/images/cover/ed166be3f6ebdabb340fb524004f6fe8/1000x1000-000000-80-0-0.jpg	Umanamente uomo: il sogno		https://www.deezer.com/track/764229202
battisti--dolce-di-giorno	track	deezer	https://cdn-images.dzcdn.net/images/cover/14803176373b72d1e55552d6ecf88d9b/1000x1000-000000-80-0-0.jpg	Emozioni	1997	https://www.deezer.com/track/764314552
battisti--emozioni	track	deezer	https://cdn-images.dzcdn.net/images/cover/14803176373b72d1e55552d6ecf88d9b/1000x1000-000000-80-0-0.jpg	Emozioni	1997	https://www.deezer.com/track/764314592
battisti--innocenti-evasioni	track	deezer	https://cdn-images.dzcdn.net/images/cover/ed166be3f6ebdabb340fb524004f6fe8/1000x1000-000000-80-0-0.jpg	Umanamente uomo: il sogno		https://www.deezer.com/track/764229172
battisti--e-penso-a-te	track	deezer	https://cdn-images.dzcdn.net/images/cover/ed166be3f6ebdabb340fb524004f6fe8/1000x1000-000000-80-0-0.jpg	Umanamente uomo: il sogno		https://www.deezer.com/track/764229182
battisti--luci-ah	track	deezer	https://cdn-images.dzcdn.net/images/cover/0353a3ecd40bec26da8050334f62b560/1000x1000-000000-80-0-0.jpg	Il mio canto libero	1999	https://www.deezer.com/track/764304862
battisti--mi-ritorni-in-mente	track	deezer	https://cdn-images.dzcdn.net/images/cover/14803176373b72d1e55552d6ecf88d9b/1000x1000-000000-80-0-0.jpg	Emozioni	1997	https://www.deezer.com/track/764314572
battisti--nel-cuore-nell-anima	track	deezer	https://cdn-images.dzcdn.net/images/cover/5e5a99492f6e7fdf22a4a4ebbb38440f/1000x1000-000000-80-0-0.jpg	Lucio Battisti		https://www.deezer.com/track/764286012
battisti--nel-sole-nel-vento-nel-sorriso-e-nel-pianto	track	deezer	https://cdn-images.dzcdn.net/images/cover/5e5a99492f6e7fdf22a4a4ebbb38440f/1000x1000-000000-80-0-0.jpg	Lucio Battisti		https://www.deezer.com/track/764285942
battisti--insieme-a-te-sto-bene	track	deezer	https://cdn-images.dzcdn.net/images/cover/6ec7b24eb58d73c10671f55bbf8deddc/1000x1000-000000-80-0-0.jpg	Lucio Battisti Vol. 4		https://www.deezer.com/track/764171632
battisti--nessun-dolore	track	deezer	https://cdn-images.dzcdn.net/images/cover/e5dc350b10188bb7f09fa7ba5c84c4c3/1000x1000-000000-80-0-0.jpg	Una donna per amico		https://www.deezer.com/track/764230612
battisti--non-e-francesca	track	deezer	https://cdn-images.dzcdn.net/images/cover/5e5a99492f6e7fdf22a4a4ebbb38440f/1000x1000-000000-80-0-0.jpg	Lucio Battisti		https://www.deezer.com/track/764285962
battisti--questione-di-cellule	track	deezer	https://cdn-images.dzcdn.net/images/cover/73f7181090c306dafe826d3948d38589/1000x1000-000000-80-0-0.jpg	Io tu noi tutti		https://www.deezer.com/track/764291632
battisti--una-giornata-uggiosa	track	deezer	https://cdn-images.dzcdn.net/images/cover/da451be99e86c908d39faf98a9628da3/1000x1000-000000-80-0-0.jpg	Una giornata uggiosa		https://www.deezer.com/track/764164482
beastie-boys--fight-for-your-right	track	deezer	https://cdn-images.dzcdn.net/images/cover/aa589618a8503edacfa8e341b1ef485c/1000x1000-000000-80-0-0.jpg	Licensed To Ill	1986	https://www.deezer.com/track/1085495
beastie-boys--slow-ride	track	deezer	https://cdn-images.dzcdn.net/images/cover/aa589618a8503edacfa8e341b1ef485c/1000x1000-000000-80-0-0.jpg	Licensed To Ill	1986	https://www.deezer.com/track/1085491
the-cardigans--love-fool	none	placeholder				
battisti--si-viaggiare	track	deezer	https://cdn-images.dzcdn.net/images/cover/73f7181090c306dafe826d3948d38589/1000x1000-000000-80-0-0.jpg	Io tu noi tutti		https://www.deezer.com/track/764291622
depeche-mode--enjoy-the-silence	artist	deezer-artist	https://cdn-images.dzcdn.net/images/artist/b18856da7850c8b8cb10476fefc15657/1000x1000-000000-80-0-0.jpg			https://www.deezer.com/artist/545
beck--devil-s-haircut	track	deezer	https://cdn-images.dzcdn.net/images/cover/b8722aa90baae4f9f5bd757ae9d2e289/1000x1000-000000-80-0-0.jpg	Odelay	1996	https://www.deezer.com/track/1158908
beck--where-it-s-at	track	deezer	https://cdn-images.dzcdn.net/images/cover/b8722aa90baae4f9f5bd757ae9d2e289/1000x1000-000000-80-0-0.jpg	Odelay	1996	https://www.deezer.com/track/1158915
beck--loser	track	deezer	https://cdn-images.dzcdn.net/images/cover/81c290ba09ab6b76305a118d42a0902a/1000x1000-000000-80-0-0.jpg	Mellow Gold		https://www.deezer.com/track/422033092
bee-gees--you-win-again	track	deezer	https://cdn-images.dzcdn.net/images/cover/0e9ae81018b27c2eb06a0fb9b10427b7/1000x1000-000000-80-0-0.jpg	E.S.P.		https://www.deezer.com/track/348129241
bellamy-brothers--let-your-love-flow	track	deezer	https://cdn-images.dzcdn.net/images/cover/cf44beb503522c41c6f1ba541d060ae5/1000x1000-000000-80-0-0.jpg	Bellamy Brothers	1976	https://www.deezer.com/track/75765949
bennett--in-san-francisco	track	deezer	https://cdn-images.dzcdn.net/images/cover/0979d75a53b89fe2fe16c62b2641dc10/1000x1000-000000-80-0-0.jpg	I Left My Heart In San Francisco	1962	https://www.deezer.com/track/15196445
bernhard-brink--ich-glaub-dir-jede-luge	track	deezer	https://cdn-images.dzcdn.net/images/cover/d76b5856858a793cd3cb208953253e7e/1000x1000-000000-80-0-0.jpg	Schlager & Stars		https://www.deezer.com/track/3396184
bee-gees--tragedy	track	deezer-album	https://cdn-images.dzcdn.net/images/cover/78de00db53f6029c16d8e8907a65d2b1/1000x1000-000000-80-0-0.jpg	Spirits Having Flown		https://www.deezer.com/album/70167432
bernd-cluver--der-junge-mit-der-mundharmonika	track	deezer	https://cdn-images.dzcdn.net/images/cover/3fd3d1a1285618c0d7f556271980295e/1000x1000-000000-80-0-0.jpg	Best Of		https://www.deezer.com/track/3785417052
bee-gees--i-ve-got-to-get-a-message-to-you	track	deezer	https://cdn-images.dzcdn.net/images/cover/eed6c6b7ecee31de8c19ed99f7d118bb/1000x1000-000000-80-0-0.jpg	Best Of Bee Gees		https://www.deezer.com/track/139138567
bee-gees--jive-talkin	track	deezer-album	https://cdn-images.dzcdn.net/images/cover/1d79b801fd87ba985c309958ac1db89e/1000x1000-000000-80-0-0.jpg	Main Course		https://www.deezer.com/album/675014
bernstein-leonard--west-side-story-medley	track	deezer	https://cdn-images.dzcdn.net/images/cover/2fe0bf414bf3d1af720d23a08eba0aee/1000x1000-000000-80-0-0.jpg	Strike Up The Band		https://www.deezer.com/track/51578101
biagio-antonacci--mi-fai-stare-bene	track	deezer	https://cdn-images.dzcdn.net/images/cover/396c8f116cd4729f65777464f5cfde94/1000x1000-000000-80-0-0.jpg	Mi Fai Stare Bene		https://www.deezer.com/track/915712
biagio-antonacci--sei	track	deezer	https://cdn-images.dzcdn.net/images/cover/c9b28426eba3af6fb3b75232f9a992f6/1000x1000-000000-80-0-0.jpg	Biagio Antonacci		https://www.deezer.com/track/2184985
berte--non-sono-una-signora	track	deezer	https://cdn-images.dzcdn.net/images/cover/5e031ce1ee7e32e5545d78d5da54e929/1000x1000-000000-80-0-0.jpg	Traslocando	1982	https://www.deezer.com/track/742432
biagio-antonacci--non-parli-mai	track	deezer	https://cdn-images.dzcdn.net/images/cover/bd2d925c0765a40606cb9c5136048a68/1000x1000-000000-80-0-0.jpg	Il Mucchio		https://www.deezer.com/track/2320471
bertie-higgins--key-largo	track	deezer	https://cdn-images.dzcdn.net/images/cover/12e90fe9872ff2a8671b309ac7a41de5/1000x1000-000000-80-0-0.jpg	Greatest Hits		https://www.deezer.com/track/1483547682
big-mr--to-be-with-you	track	deezer	https://cdn-images.dzcdn.net/images/cover/19852276308f92552ca06add5a75dc0c/1000x1000-000000-80-0-0.jpg	Lean Into It [Expanded]		https://www.deezer.com/track/394503992
bilk--fond-memories	track	deezer	https://cdn-images.dzcdn.net/images/cover/06c38774e45f90b1ee35dc4106916d3f/1000x1000-000000-80-0-0.jpg	Acker Bilk The Gold Collection		https://www.deezer.com/track/13846149
biagio-antonacci--se-io-se-lei	track	deezer	https://cdn-images.dzcdn.net/images/cover/6d678f49e0c3afd2aed6accfb73e285e/1000x1000-000000-80-0-0.jpg	BIAGIO		https://www.deezer.com/track/113948034
bilk--stranger-on-the-shore	track	deezer-album	https://cdn-images.dzcdn.net/images/cover/8ab401a5f7ea236da7cd104d057e58b1/1000x1000-000000-80-0-0.jpg	Reflections	1993	https://www.deezer.com/album/126517
billy-joel--big-shot	track	deezer	https://cdn-images.dzcdn.net/images/cover/9f80b4a89ca6d0e4349b63090a38def8/1000x1000-000000-80-0-0.jpg	52nd Street	1988	https://www.deezer.com/track/1025632
billy-joel--lullabye	track	deezer	https://cdn-images.dzcdn.net/images/cover/629bbc33ea75fe3f4ae0c4ea46f60744/1000x1000-000000-80-0-0.jpg	River Of Dreams	1993	https://www.deezer.com/track/623318
billy-joel--she-s-got-a-way	track	deezer	https://cdn-images.dzcdn.net/images/cover/cfaa43b70dbd0d0b5000e869bb26e2af/1000x1000-000000-80-0-0.jpg	Cold Spring Harbor	1971	https://www.deezer.com/track/15438621
bill-withers--lean-on-me	track	deezer-album	https://cdn-images.dzcdn.net/images/cover/c8f223349b361e84c180d44f64c67d45/1000x1000-000000-80-0-0.jpg	Still Bill		https://www.deezer.com/album/10154728
billy-idol--mony-mony	track	deezer	https://cdn-images.dzcdn.net/images/cover/88a6431c9f98364b609481dd7dc5d4a3/1000x1000-000000-80-0-0.jpg	Don't Stop EP		https://www.deezer.com/track/2983393701
billy-joel--a-matter-of-trust	track	deezer-album	https://cdn-images.dzcdn.net/images/cover/2a39ee07d6919f9cc7cb9ee1441e08e5/1000x1000-000000-80-0-0.jpg	The Bridge	1986	https://www.deezer.com/album/683807
billy-joel--allentown	track	deezer-album	https://cdn-images.dzcdn.net/images/cover/3c5c52c9f07ea1cbe65b90ab1b1b8ac7/1000x1000-000000-80-0-0.jpg	The Nylon Curtain	1982	https://www.deezer.com/album/96021
billy-joel--stiletto	track	deezer	https://cdn-images.dzcdn.net/images/cover/9f80b4a89ca6d0e4349b63090a38def8/1000x1000-000000-80-0-0.jpg	52nd Street	1988	https://www.deezer.com/track/1025640
billy-mayerl--in-my-garden-intro-marigold-honeysuckle-hollyhock	track	deezer	https://cdn-images.dzcdn.net/images/cover/4c2acee832cd4940a16f6be49524cabb/1000x1000-000000-80-0-0.jpg	Aquarium Suite - A Programme of Light Music (Original Recordings 1934 -1937)		https://www.deezer.com/track/135193168
billy-ocean--suddenly	track	deezer-album	https://cdn-images.dzcdn.net/images/cover/6a887eb7d7162ea3fd3f4a3ab3de189f/1000x1000-000000-80-0-0.jpg	Suddenly (Expanded Edition)	1984	https://www.deezer.com/album/1254430
bino--mama-leone	track	deezer	https://cdn-images.dzcdn.net/images/cover/82848615f67e1ed7892f3f3b234428f0/1000x1000-000000-80-0-0.jpg	Emozioni		https://www.deezer.com/track/481942702
black-fooss--bye-bye-my-love	track	deezer	https://cdn-images.dzcdn.net/images/cover/3307fa353b060b9295b377a82c5e7580/1000x1000-000000-80-0-0.jpg	5Ö - Das Jubiläumsalbum		https://www.deezer.com/track/1115010852
black-sabbath--after-forever	track	deezer	https://cdn-images.dzcdn.net/images/cover/b5a1f83fe2fc286ff10c9c93a4f010b2/1000x1000-000000-80-0-0.jpg	Master of Reality		https://www.deezer.com/track/3783164462
billy-ray-cyrus--achy-breaky-heart	track	deezer-album	https://cdn-images.dzcdn.net/images/cover/126a01ecf32b664eae508a1d0351309f/1000x1000-000000-80-0-0.jpg	Some Gave All		https://www.deezer.com/album/1471735
billy-joel--you-may-be-right	track	deezer-album	https://cdn-images.dzcdn.net/images/cover/b72fd94c459d4bbc7f0a91d0223fb8af/1000x1000-000000-80-0-0.jpg	Glass Houses	1980	https://www.deezer.com/album/78173
black-sabbath--heaven-and-hell	track	deezer	https://cdn-images.dzcdn.net/images/cover/91552607491a3e136a0449a645b59fe5/1000x1000-000000-80-0-0.jpg	Heaven & Hell		https://www.deezer.com/track/3783164742
black-sabbath--iron-man	track	deezer	https://cdn-images.dzcdn.net/images/cover/bb3b4d0378c91d2fca5204bac48f5e71/1000x1000-000000-80-0-0.jpg	Paranoid	1980	https://www.deezer.com/track/3788156072
black-sabbath--neon-knights	track	deezer	https://cdn-images.dzcdn.net/images/cover/91552607491a3e136a0449a645b59fe5/1000x1000-000000-80-0-0.jpg	Heaven & Hell (Deluxe Edition)		https://www.deezer.com/track/3807050942
black-sabbath--war-pigs	track	deezer	https://cdn-images.dzcdn.net/images/cover/bb3b4d0378c91d2fca5204bac48f5e71/1000x1000-000000-80-0-0.jpg	Paranoid	1980	https://www.deezer.com/track/3788156042
blind-melon--no-rain	track	deezer	https://cdn-images.dzcdn.net/images/cover/628f914a70ae6d6f0e21055373c152b3/1000x1000-000000-80-0-0.jpg	Blind Melon	1992	https://www.deezer.com/track/3359652
blink-182--man-overboard	track	deezer	https://cdn-images.dzcdn.net/images/cover/50627ad1a5ce0215359f0e8b2e37a01f/1000x1000-000000-80-0-0.jpg	Greatest Hits		https://www.deezer.com/track/127354211
blink-182--shut-up	track	deezer	https://cdn-images.dzcdn.net/images/cover/4f57b6d9f1e1d3a063b3beb0b3577eb5/1000x1000-000000-80-0-0.jpg	Take Off Your Pants And Jacket		https://www.deezer.com/track/125173848
blink-182--dammit	track	deezer-album	https://cdn-images.dzcdn.net/images/cover/4add32e73154e0b17366a9baabe7206a/1000x1000-000000-80-0-0.jpg	Dude Ranch		https://www.deezer.com/album/226439
blink-182--josie	track	deezer	https://cdn-images.dzcdn.net/images/cover/4add32e73154e0b17366a9baabe7206a/1000x1000-000000-80-0-0.jpg	Dude Ranch		https://www.deezer.com/track/2267833
blondie--picture-this	track	deezer	https://cdn-images.dzcdn.net/images/cover/9a11554bc8913e62f3484e3a8ac1d0ee/1000x1000-000000-80-0-0.jpg	Parallel Lines (Remastered)		https://www.deezer.com/track/3100597
blondie--the-tide-is-high	track	deezer	https://cdn-images.dzcdn.net/images/cover/07347dddc5fcf55249cd8b610b6652a9/1000x1000-000000-80-0-0.jpg	Autoamerican (Remastered 2001)		https://www.deezer.com/track/3167194
blood-sweat-tears--and-when-i-die	track	deezer	https://cdn-images.dzcdn.net/images/cover/68e21f4dc9909d36382559ea27ddce27/1000x1000-000000-80-0-0.jpg	Blood, Sweat & Tears (Expanded Edition)	1968	https://www.deezer.com/track/13187521
bloodhound-gang--fire-water-burn	track	deezer	https://cdn-images.dzcdn.net/images/cover/02bca0d640e2f4f0a472b7993064b6d5/1000x1000-000000-80-0-0.jpg	One Fierce Beer Coaster	1996	https://www.deezer.com/track/1158944
blood-sweat-tears--you-ve-made-me-so-very-happy	track	deezer	https://cdn-images.dzcdn.net/images/cover/68e21f4dc9909d36382559ea27ddce27/1000x1000-000000-80-0-0.jpg	Blood, Sweat & Tears (Expanded Edition)	1968	https://www.deezer.com/track/13187524
bloodhound-gang--the-bad-touch	track	deezer	https://cdn-images.dzcdn.net/images/cover/c25bb2e38019a0230b3b27a41745cb62/1000x1000-000000-80-0-0.jpg	Hooray For Boobies		https://www.deezer.com/track/89748393
blur--girls-boys	track	deezer	https://cdn-images.dzcdn.net/images/cover/98f245ad2e96e9a3d80f5a4ed085d3cf/1000x1000-000000-80-0-0.jpg	Parklife	1994	https://www.deezer.com/track/44134601
bob-dylan--lay-lady-lay	track	deezer	https://cdn-images.dzcdn.net/images/cover/e86d8a1f281ba785532663fb30bad0f9/1000x1000-000000-80-0-0.jpg	Nashville Skyline	1969	https://www.deezer.com/track/15188883
bob-dylan--blowing-in-the-wind	track	deezer	https://cdn-images.dzcdn.net/images/cover/306b976adfa46480f88ee19e227812f9/1000x1000-000000-80-0-0.jpg	Blowing in the Wind		https://www.deezer.com/track/75965567
blur--country-house	track	deezer-album	https://cdn-images.dzcdn.net/images/cover/2a76a5beed39353b4f52d44f7b3f9d8b/1000x1000-000000-80-0-0.jpg	The Great Escape	1995	https://www.deezer.com/album/4351551
bob-dylan--like-a-rolling-stone	track	deezer	https://cdn-images.dzcdn.net/images/cover/96193f14db0501c035bd43ab93960317/1000x1000-000000-80-0-0.jpg	Highway 61 Revisited	1965	https://www.deezer.com/track/14477354
bobby-vee--take-good-care-of-my-baby	track	deezer	https://cdn-images.dzcdn.net/images/cover/3e343bc6ee93c76898a7cc2ac7da1368/1000x1000-000000-80-0-0.jpg	Take Good Care of My Baby (Remastered)		https://www.deezer.com/track/468638012
bobby-boris-pickett--monster-mash	track	deezer	https://cdn-images.dzcdn.net/images/cover/bf18ad5807d0eb02bcb48bbdfa26b675/1000x1000-000000-80-0-0.jpg	Monster Mash	1962	https://www.deezer.com/track/2379855
bob-seger--still-the-same	track	deezer-album	https://cdn-images.dzcdn.net/images/cover/3e9d7d83d2aa2d893ab85ce2299e67dc/1000x1000-000000-80-0-0.jpg	Stranger In Town		https://www.deezer.com/album/1022726671
bon-jovi--the-boys-are-back-in-town	track	deezer	https://cdn-images.dzcdn.net/images/cover/ae062209da6c897f5670963ae99985f3/1000x1000-000000-80-0-0.jpg	New Jersey (Deluxe Edition)		https://www.deezer.com/track/79795700
bon-jovi--i-ll-be-there-for-you	track	deezer	https://cdn-images.dzcdn.net/images/cover/f513327c13908b0def56f1fa0ca79789/1000x1000-000000-80-0-0.jpg	Cross Road		https://www.deezer.com/track/538587062
bon-jovi--this-ain-t-a-love-song	track	deezer	https://cdn-images.dzcdn.net/images/cover/f62f9e5464282d2cc30bfe2c38a53e13/1000x1000-000000-80-0-0.jpg	These Days		https://www.deezer.com/track/24983781
bon-jovi--never-say-goodbye	track	deezer	https://cdn-images.dzcdn.net/images/cover/1f0365311a9d03c267f175e0ef79f40c/1000x1000-000000-80-0-0.jpg	Slippery When Wet	1998	https://www.deezer.com/track/538660082
bob-seger--turn-the-page	track	musicbrainz	https://coverartarchive.org/release-group/9f6feab6-6a10-326c-b993-5f94d2c0a89b/front-500	Back in ’72	1973	https://musicbrainz.org/release/84b8ab5d-d66f-4f02-a341-7365e195d87e
boney-m--ma-baker	track	deezer	https://cdn-images.dzcdn.net/images/cover/5b95e4fc13571a55f02478665f3e2ec9/1000x1000-000000-80-0-0.jpg	Daddy Cool	1994	https://www.deezer.com/track/1049893
borg-andy--ich-brauch-ein-bisschen-gluck	track	deezer	https://cdn-images.dzcdn.net/images/cover/f41977572c207f127e2a8a122c36f285/1000x1000-000000-80-0-0.jpg	Ich brauch ein bisschen Glück	1994	https://www.deezer.com/track/2320971
boney-m--sunny	track	deezer	https://cdn-images.dzcdn.net/images/cover/c2ecc5f062629f42115e28f9a2b6ccd0/1000x1000-000000-80-0-0.jpg	Take The Heat Off Me		https://www.deezer.com/track/364953
borg-andy--liebe-total	track	deezer	https://cdn-images.dzcdn.net/images/cover/e627cafd26a3c2295db38cec474fc298/1000x1000-000000-80-0-0.jpg	Bleib bei mir heut' Nacht		https://www.deezer.com/track/2000081367
booker-t-the-mg-s--green-onions	track	deezer	https://cdn-images.dzcdn.net/images/cover/6667b7fb4786611cb8397a6526c95b15/1000x1000-000000-80-0-0.jpg	Green Onions		https://www.deezer.com/track/114829432
borg-andy--adios-amor	track	deezer	https://cdn-images.dzcdn.net/images/cover/8396f8209781c0e33bfc882b02594d97/1000x1000-000000-80-0-0.jpg	Ich find Schlager toll - Das Beste		https://www.deezer.com/track/616992362
bonnie-raitt--something-to-talk-about	track	deezer-album	https://cdn-images.dzcdn.net/images/cover/a3a4a48d754748571273a43c71583bf9/1000x1000-000000-80-0-0.jpg	Luck Of The Draw		https://www.deezer.com/album/323301
